title,url,pid,formatted_url,price,currency,original_price,discount,f_assured,highlights,seller,seller_rating,description,specifications,formatted_specifications,images,return_policy,category,sub_category_1,sub_category_2,sub_category_3,breadcrumbs,country_of_origin,generic_name,manufactured_by,avg_ratings,reviews_count,ratings_count,uniq_id,scraped_at
"NDCOM Back Cover for Realme C12 Bike Lover Printed  (Multicolor, Hard Case, Pack of: 1)",https://www.flipkart.com/hi/ndcom-back-cover-realme-c12-bike-lover-printed/p/itm656e42fb02678,itm656e42fb02678,https://www.flipkart.com/product/p/itm656e42fb02678,249,INR,₹799,68% off,False,Suitable For: Mobile | Material: Plastic | Theme: Sports & Sportstars | Type: Back Cover,NDCOM,3.5,"An attractive mobile cover that will make you look really cool & fashionable. Mobile back cover provides protection by preventing your mobile phone from dust and unnecessary scratches. It is made to fit perfect and gives the device its maximum protection. The case cover is reinforced from the proper edges, sides and back to prolong the life of your mobile phone. Besides its protection, it also has openings precisely made for the side buttons, charger port or dock connector, headset jack and speaker which allow you full access to all the functions on your device. It is the perfect case for protecting your phone from scratches.","[{'Sales Package': 'Printed Mobile Back Cover'}, {'Model Number': 'PC_REALME_C12_5493'}, {'Designed For': 'Realme C12 Bike Lover Printed'}, {'Brand Color': 'Multicolor'}, {'Pack of': '1'}, {'Other Features': 'Perfect Fit, Light Weight, Great grip anti slip, An attractive mobile cover that will make you look really cool & fashionable.'}, {'Not Covered in Warranty': '7 Days Replacement Warranty'}]","Printed Mobile Back Cover: Sales Package | PC_REALME_C12_5493: Model Number | Realme C12 Bike Lover Printed: Designed For | Multicolor: Brand Color | 1: Pack of | Perfect Fit, Light Weight, Great grip anti slip, An attractive mobile cover that will make you look really cool & fashionable.: Other Features | 7 Days Replacement Warranty: Not Covered in Warranty",https://rukminim2.flixcart.com/image/l3g7gy80/cases-covers/back-cover/j/r/a/pc-realme-c12-5493-ndcom-original-imagekcsd4ugzrr7.jpeg | https://rukminim2.flixcart.com/image/klscivk0/cases-covers/back-cover/6/p/s/pc-viv-y20g-2290-ndcom-original-imagytxynvbnjcsz.jpeg | https://rukminim2.flixcart.com/image/klscivk0/cases-covers/back-cover/v/p/w/pc-viv-y20g-2290-ndcom-original-imagytxygfzzvqbg.jpeg | https://rukminim2.flixcart.com/image/klscivk0/cases-covers/back-cover/w/z/j/pc-viv-y20g-2290-ndcom-original-imagytxysjybrxje.jpeg | https://rukminim2.flixcart.com/image/klscivk0/cases-covers/back-cover/h/i/w/pc-viv-y20g-2290-ndcom-original-imagytxye88fg68h.jpeg,7 Days Replacement Policy,Mobiles & Accessories,Mobile Accessories,Cases & Covers,Designer Cases & Covers,Mobiles & Accessories | Mobile Accessories | Cases & Covers | Designer Cases & Covers | NDCOM Designer Cases & Covers,,,,0,0,0,fb8007a8-987e-50c2-9a01-3732c5fc02f2,09/30/23
जॉय न फन,https://www.flipkart.com/hi/joy-n-fun-girls-slip-on-flats/p/itmf3vytpvfwjehz,itmf3vytpvfwjehz,https://www.flipkart.com/product/p/itmf3vytpvfwjehz,745,INR,"₹1,199",37% off,False,,Tashee Ineternational,,,[],,https://rukminim2.flixcart.com/image/j6gs6fk0/kids-sandal/x/6/v/9-multicolor-p21c100-joy-n-fun-original-imaewxbkgzdwdeh2.jpeg | https://rukminim2.flixcart.com/image/kids-sandal/7/y/j/p12c100-joy-n-fun-navy-blue-7-original-imaepcfhe5cdgj3b.jpeg | https://rukminim2.flixcart.com/image/j6gs6fk0/kids-sandal/x/6/v/9-multicolor-p21c100-joy-n-fun-original-imaewxbk48xyynws.jpeg | https://rukminim2.flixcart.com/image/j6gs6fk0/kids-sandal/f/b/j/5-multicolor-p19c100-joy-n-fun-original-imaewxbkfn7mekku.jpeg | https://rukminim2.flixcart.com/image/j6gs6fk0/kids-sandal/x/6/v/9-multicolor-p21c100-joy-n-fun-original-imaewxbhs6dzck3y.jpeg,10 दिन की रिटर्न पॉलिसी,,,,,,,,,0,0,0,64ae0de4-29c2-55e3-8c2d-9584b7517856,09/30/23
"Print Zap Back Cover for OPPO A57 2022  (Multicolor, Grip Case, Silicon, Pack of: 1)",https://www.flipkart.com/hi/print-zap-back-cover-oppo-a57-2022/p/itm7991252e34c4d,itm7991252e34c4d,https://www.flipkart.com/product/p/itm7991252e34c4d,239,INR,₹499,52% off,True,Suitable For: Mobile | Material: Silicon | Theme: Patterns | Type: Back Cover,PrintZap,3.3,"Print Zap back covers are the best attractive accessory to make your mobile unique from other models.The Premium case is made out of a light SILICON. It is flexible to snap on to your phone with ease and strong enough to protect it from bumps, drops and scratches. The raised lip on the sides of the case also protects your phone's screen.The Precision cutouts on this case leaves ports, speakers and microphones completely open. This case is 100% compatible with your regular charger and headphones.","[{'Sales Package': '1 unit of printed back cover'}, {'Model Number': 'TpuOppA572022-8407'}, {'Designed For': 'OPPO A57 2022'}, {'Brand Color': 'Multicolor'}, {'Pack of': '1'}]",1 unit of printed back cover: Sales Package | TpuOppA572022-8407: Model Number | OPPO A57 2022: Designed For | Multicolor: Brand Color | 1: Pack of,https://rukminim2.flixcart.com/image/xif0q/cases-covers/back-cover/1/o/8/tpuoppa572022-8407-oye-stuff-original-imagg9mgzby9bhmz.jpeg | https://rukminim2.flixcart.com/image/xif0q/cases-covers/back-cover/5/i/t/tpuoppa572022-8407-oye-stuff-original-imagg9mgrm2ghqyt.jpeg | https://rukminim2.flixcart.com/image/xif0q/cases-covers/back-cover/v/d/g/tpuoppa572022-8407-oye-stuff-original-imagg9mgrhsrvyxn.jpeg | https://rukminim2.flixcart.com/image/kwmfqfk0/cases-covers/back-cover/y/o/e/tpuhnr10lite-8485-oye-stuff-original-imag99chmzhyyf4n.jpeg,7 Days Replacement Policy,Mobiles & Accessories,Mobile Accessories,Cases & Covers,Designer Cases & Covers,Mobiles & Accessories | Mobile Accessories | Cases & Covers | Designer Cases & Covers | Print Zap Designer Cases & Covers,,,,0,0,0,a0f31a9c-99d2-506a-aa5b-6cdbda3ce96b,09/30/23
"YorKtoLene Back Cover for Infinix Smart 4 Plus/ Infinix Smart 4 2674  (Maroon, Shock Proof, Silicon, Pack of: 1)",https://www.flipkart.com/hi/yorktolene-back-cover-infinix-smart-4-plus-2674/p/itm35078caaab347,itm35078caaab347,https://www.flipkart.com/product/p/itm35078caaab347,208,INR,₹799,73% off,False,Suitable For: Mobile | Material: Silicon | Theme: Geeky/Mathematical | Type: Back Cover,KANHA007,2.9,Mobile Back Covers Are The Best Attractive Accessory To Make Your Mobile Phone Unique From Other Models And Keep Protected From Scratches And Dust. It Is The Newest Trend In The Mobile Phone Accessories For The Dual Purpose Of Personalization And Protection As Well.,"[{'Sales Package': '1'}, {'Model Number': 'RDIS4P-2674'}, {'Designed For': 'Infinix Smart 4 Plus/ Infinix Smart 4 2674'}, {'Brand Color': 'Multicolor'}, {'Pack of': '1'}, {'Other Features': 'Soft Designer Printed Case Express yourself by personalizing your phone and making it stand out. Many design and Prints in stock for your choice. This Case keeps your PHONE safe and protected. Durable construction offers premium protection for side and back of your phone. Allows easy access to all buttons, controls and ports. Over Brand ismanufacturer of the cover and print our own covers.'}]","1: Sales Package | RDIS4P-2674: Model Number | Infinix Smart 4 Plus/ Infinix Smart 4 2674: Designed For | Multicolor: Brand Color | 1: Pack of | Soft Designer Printed Case Express yourself by personalizing your phone and making it stand out. Many design and Prints in stock for your choice. This Case keeps your PHONE safe and protected. Durable construction offers premium protection for side and back of your phone. Allows easy access to all buttons, controls and ports. Over Brand ismanufacturer of the cover and print our own covers.: Other Features",https://rukminim2.flixcart.com/image/xif0q/cases-covers/back-cover/d/a/w/rdis4p-2674-burdak-original-imagmwgwkusunxy3.jpeg | https://rukminim2.flixcart.com/image/xif0q/cases-covers/back-cover/a/r/w/rdis4p-2674-burdak-original-imagmwgw2zsapthu.jpeg | https://rukminim2.flixcart.com/image/xif0q/cases-covers/back-cover/q/r/b/rdis4p-2674-burdak-original-imagmwgwqkfgtt9v.jpeg | https://rukminim2.flixcart.com/image/xif0q/cases-covers/back-cover/o/l/d/rdis4p-2674-burdak-original-imagmwgwbcqhuxdz.jpeg,7 Days Replacement Policy,Mobiles & Accessories,Mobile Accessories,Cases & Covers,Designer Cases & Covers,Mobiles & Accessories | Mobile Accessories | Cases & Covers | Designer Cases & Covers | YorKtoLene Designer Cases & Covers,,,,0,0,0,219c4204-9337-5fcc-a590-7319379e93cd,09/30/23
Toy Ville Car Cover For Mahindra Quanto (Without Mirror Pockets)  (Silver),https://www.flipkart.com/hi/toy-ville-car-cover-mahindra-quanto-without-mirror-pockets/p/itm62be40e7d3d68,itm62be40e7d3d68,https://www.flipkart.com/product/p/itm62be40e7d3d68,816,INR,"₹2,499",67% off,False,Water Repellant | Material: Polyester | Weather Resistant,Matguwanwala,3.9,"If you are looking for strong, effective and all weather covers for your vehicle, this is the right product.all-weather vehicle covers are designed to protect your vehicle against harsh outdoor conditions. Our covers are used to preserve a vehicle's paint and to protect it from dents and dust. These covers fit your vehicle with a stylish and trendy look.",[],,,7 Days Replacement Policy,Automotive Accessories,Vehicle Body Covers,Car Body Covers,Toy Ville Car Body Covers,Automotive Accessories | Vehicle Body Covers | Car Body Covers | Toy Ville Car Body Covers,,,,0,0,0,453f7a34-7a5d-5c95-9cfb-faa485c0b3c7,09/30/23
Coverit Two Wheeler Cover for Universal For Bike  (Grey),https://www.flipkart.com/coverit-two-wheeler-cover-universal-bike/p/itm0ba402c5a2296,itm0ba402c5a2296,https://www.flipkart.com/product/p/itm0ba402c5a2296,298,INR,₹599,50% off,True,Made of Polyester | Compatible Vehicle Brands: Universal For Bike | Compatible Vehicle Models: Universal For Bike,TheVictor,3.7,"two wheeler cover for Moto Morini Scrambler 1200 are provides enhanced shielding to your vehicle against Moisture, Dirt, Dust, Weather Extremes, Fading Away From Sunlight, Scratching. Protect The Internal Engine Parts From Dust. It guards the painted or leather from UV rays. Suitable for all weather conditions, easy to handle. It also protects the internal engine parts from rust and dust. The product can be used for both indoor and outdoor covering of two wheelers. Bike body covers are associated with many important features for better protection of the two wheeler vehicle. Some of its common features are: All covers are water resistant. Can be used for both indoor and outdoor covering of two wheelers. Some of its important functions are: Protect the vehicle against weather, scrapes, scratches and sun damage.",[],,,7 Days Replacement Policy,Automotive Accessories,Vehicle Body Covers,Bike Body Covers,Coverit Bike Body Covers,Automotive Accessories | Vehicle Body Covers | Bike Body Covers | Coverit Bike Body Covers,India,Two Wheeler Cover,THEVICTORINDIA,0,0,0,643ec923-a0c1-542b-bc38-7d154264ecab,09/30/23
"PALWALE BALAJI Back Cover for Realme 6, Realme 6i  (Multicolor, Grip Case, Silicon)",https://www.flipkart.com/palwale-balaji-back-cover-realme-6-6i/p/itm3de127dc85959,itm3de127dc85959,https://www.flipkart.com/product/p/itm3de127dc85959,147,INR,₹498,70% off,False,,ShriPalwaleBalaji,4.1,"Realme 6 Back Cover, the best Multicolor covers, This soft silicone Multicolor cover will protect and prevent your phone from scratches, damage and dust. The silicone cover is made from a lightweight tough strong high quality rubber/silicone material which will help you to keep your phone safe. It comes in smooth texture. This will not only look good on your phone but will protect it. This case will Style your mobile.","[{'Sales Package': '1'}, {'Model Number': 'Real-6-JP4524'}, {'Designed For': 'Realme 6, Realme 6i'}, {'Brand Color': 'Multicolor'}, {'Pack of': '1'}, {'Certification': 'Back Cover, Dust free, washable, Fingerprints Free, Made of soft silicone which make it soft and durable.Access to All buttons, Controls & Ports easily, and without removing the skin.'}]","1: Sales Package | Real-6-JP4524: Model Number | Realme 6, Realme 6i: Designed For | Multicolor: Brand Color | 1: Pack of | Back Cover, Dust free, washable, Fingerprints Free, Made of soft silicone which make it soft and durable.Access to All buttons, Controls & Ports easily, and without removing the skin.: Certification",https://rukminim2.flixcart.com/image/xif0q/shopsy-cases-covers/h/w/c/real-6-jp4524-back-cover-sswastik-original-imagjr3gsvzyagct.jpeg | https://rukminim2.flixcart.com/image/xif0q/shopsy-cases-covers/z/3/g/jp-r6-jp4131-back-cover-sswastik-original-imaggrgkhund9a6f.jpeg | https://rukminim2.flixcart.com/image/xif0q/shopsy-cases-covers/h/n/l/jp-r6-jp4131-back-cover-sswastik-original-imaggrgkqnxy2qhh.jpeg | https://rukminim2.flixcart.com/image/xif0q/shopsy-cases-covers/a/q/e/clpd-cool3-jp4131-back-cover-bagra-original-imaggjpzzhzhhhpx.jpeg,No Returns Applicable,Mobiles & Accessories,Mobile Accessories,Cases & Covers,Designer Cases & Covers,Mobiles & Accessories | Mobile Accessories | Cases & Covers | Designer Cases & Covers | PALWALE BALAJI Designer Cases & Covers,India,Shopsy Cases Covers,,0,0,0,913b7218-30a0-52e7-a9dd-3f5828f3f7ba,09/30/23
"Helix Wallet Case Cover for Samsung Galaxy J6 5.6""  (Gold, Hard Case, Pack of: 1)",https://www.flipkart.com/hi/helix-wallet-case-cover-samsung-galaxy-j6-5-6/p/itm45cb9e972e210,itm45cb9e972e210,https://www.flipkart.com/product/p/itm45cb9e972e210,699,INR,"₹1,299",46% off,True,Suitable For: Mobile | Material: Leather | Theme: No Theme | Type: Wallet Case Cover,RkRetails2015,3.8,Helix Flip Cover with Anti-Shock Cushion Technology for protection against small and accidental drops Easy to Install and remove.,"[{'Sales Package': '1 Gold Mirror'}, {'Model Number': 'vawew-041'}, {'Designed For': 'Samsung Galaxy J6 5.6""'}, {'Brand Color': 'Gold'}, {'Pack of': '1'}]","1 Gold Mirror: Sales Package | vawew-041: Model Number | Samsung Galaxy J6 5.6"": Designed For | Gold: Brand Color | 1: Pack of",https://rukminim2.flixcart.com/image/kkec4280/cases-covers/wallet-case-cover/p/q/4/gb-76-smartlike-original-imafzr94ahdvjzhn.jpeg | https://rukminim2.flixcart.com/image/klzhq4w0/cases-covers/wallet-case-cover/4/h/z/sky-8-skytree-original-imagyzryugfmvawq.jpeg | https://rukminim2.flixcart.com/image/klzhq4w0/cases-covers/wallet-case-cover/g/y/i/sky-8-skytree-original-imagyzryzxchtxgr.jpeg | https://rukminim2.flixcart.com/image/kmwcuq80/cases-covers/flip-cover/p/r/r/sil-21-skytree-original-imagfpdydusyazzk.jpeg,7 Days Replacement Policy,Mobiles & Accessories,Mobile Accessories,Cases & Covers,Plain Cases & Covers,Mobiles & Accessories | Mobile Accessories | Cases & Covers | Plain Cases & Covers | Helix Plain Cases & Covers,,,,0,0,0,21197c3d-090f-534e-b648-30ec6bd63bf8,09/30/23
tiddler vivo Y12s 2021 Mobile Skin  (Black),https://www.flipkart.com/hi/tiddler-vivo-y12s-2021-mobile-skin/p/itm331b0d825250b,itm331b0d825250b,https://www.flipkart.com/product/p/itm331b0d825250b,199,INR,₹499,60% off,True,vivo Y12s 2021 | Signs & Symbols | Vinyl | Removable,Vardhman,3.6,,[],,,वापसी नहीं होगी ,Mobiles & Accessories,Mobile Accessories,Styling & Maintenance,Mobile Skin Stickers,Mobiles & Accessories | Mobile Accessories | Styling & Maintenance | Mobile Skin Stickers | tiddler Mobile Skin Stickers,,,,0,0,0,b3a935fb-6560-5398-934e-be36c6b0726d,09/30/23
"JSSIS Back Cover for Tecno Spark 6 Air, Tecno Spark 6 Air Back Cover, Tecno Spark 6 Air Mobile Back Cover  (Multicolor, Grip Case, Silicon, Pack of: 1)",https://www.flipkart.com/hi/jssis-back-cover-tecno-spark-6-air-air-cover-mobile/p/itmd309e92911a76,itmd309e92911a76,https://www.flipkart.com/product/p/itmd309e92911a76,259,INR,₹799,67% off,True,Suitable For: Mobile | Material: Silicon | Theme: Animals/Birds/Nature | Type: Back Cover,JSSIS,3.3,"JSSIS brand new stunningly attractive case,for your new Tecno Spark 6 Air cellphone is an ultimate style statement. The appropriate cutouts for the speaker, camera and other openings gives the best look to your Tecno Spark 6 Air cellphone. JSSIS Tecno Spark 6 Air case is made up of high quality durable material which provides best functionality and safety.Beautiful design, elegant appearance and powerful protection all combined on one rare case.","[{'Sales Package': '1 Printed back cover'}, {'Model Number': 'JTS6Air-0269'}, {'Designed For': 'Tecno Spark 6 Air, Tecno Spark 6 Air Back Cover, Tecno Spark 6 Air Mobile Back Cover'}, {'Brand Color': 'High Quality multicolor Full Protection'}, {'Pack of': '1'}, {'Certification': 'JSSIS'}, {'Other Features': 'Tecno Spark 6 Air Dust free, washable, Fingerprints Free,Made of soft silicone which make it soft and durable.Access to All buttons, Controls & Ports easily, and without removing the skin.'}]","1 Printed back cover: Sales Package | JTS6Air-0269: Model Number | Tecno Spark 6 Air, Tecno Spark 6 Air Back Cover, Tecno Spark 6 Air Mobile Back Cover: Designed For | High Quality multicolor Full Protection: Brand Color | 1: Pack of | JSSIS: Certification | Tecno Spark 6 Air Dust free, washable, Fingerprints Free,Made of soft silicone which make it soft and durable.Access to All buttons, Controls & Ports easily, and without removing the skin.: Other Features",https://rukminim2.flixcart.com/image/kerfl3k0/cases-covers/back-cover/f/j/y/sbs-sts6air-0269-original-imafvdh9zwtqhsna.jpeg | https://rukminim2.flixcart.com/image/kbjox3k0/cases-covers/back-cover/4/g/x/jssis-jrn10a-tpu-original-imafsvad7wg9wbgx.jpeg | https://rukminim2.flixcart.com/image/kb89ea80/cases-covers/back-cover/9/a/g/sbs-srn10a-0237-original-imafsmu4ycfysegc.jpeg,7 Days Replacement Policy,Mobiles & Accessories,Mobile Accessories,Cases & Covers,Designer Cases & Covers,Mobiles & Accessories | Mobile Accessories | Cases & Covers | Designer Cases & Covers | JSSIS Designer Cases & Covers,,,,0,0,0,36bb2a43-b27d-53ec-9e47-05cd61b6a0f2,09/30/23
"Oye Stuff Back Cover for Oppo A76  (Multicolor, Grip Case, Silicon, Pack of: 1)",https://www.flipkart.com/oye-stuff-back-cover-oppo-a76/p/itme0057e0897774,itme0057e0897774,https://www.flipkart.com/product/p/itme0057e0897774,199,INR,₹499,60% off,True,Suitable For: Mobile | Material: Silicon | Theme: For Her | Type: Back Cover,OyeStuff,3.6,"Oye Stuff back covers are the best attractive accessory to make your mobile unique from other models.The Premium case is made out of a light SILICON. It is flexible to snap on to your phone with ease and strong enough to protect it from bumps, drops and scratches. The raised lip on the sides of the case also protects your phone's screen.The Precision cutouts on this case leaves ports, speakers and microphones completely open. This case is 100% compatible with your regular charger and headphones.","[{'Sales Package': '1 unit of printed back cover'}, {'Model Number': 'TpuOppA76-8021'}, {'Designed For': 'Oppo A76'}, {'Brand Color': 'Multicolor'}, {'Pack of': '1'}]",1 unit of printed back cover: Sales Package | TpuOppA76-8021: Model Number | Oppo A76: Designed For | Multicolor: Brand Color | 1: Pack of,https://rukminim2.flixcart.com/image/xif0q/cases-covers/back-cover/h/4/u/tpuoppa76-8021-oye-stuff-original-imagg9mgptdazuea.jpeg | https://rukminim2.flixcart.com/image/xif0q/cases-covers/back-cover/x/h/c/tpuoppa76-8021-oye-stuff-original-imagg9mg5ssvfh42.jpeg | https://rukminim2.flixcart.com/image/xif0q/cases-covers/back-cover/1/f/a/tpuoppa76-8021-oye-stuff-original-imagg9mg9frzagv4.jpeg | https://rukminim2.flixcart.com/image/kwmfqfk0/cases-covers/back-cover/y/o/e/tpuhnr10lite-8485-oye-stuff-original-imag99chmzhyyf4n.jpeg,7 Days Replacement Policy,Mobiles & Accessories,Mobile Accessories,Cases & Covers,Designer Cases & Covers,Mobiles & Accessories | Mobile Accessories | Cases & Covers | Designer Cases & Covers | Oye Stuff Designer Cases & Covers,India,Cases & Covers,,0,0,0,3163cb91-f93e-5f07-8e62-657f870dad0b,09/30/23
ZQYO,https://www.flipkart.com/hi/zqyo-women-hipster-multicolor-panty/p/itm3b2ff82792ecc,itm3b2ff82792ecc,https://www.flipkart.com/product/p/itm3b2ff82792ecc,296,INR,₹599,50% off,False,,RetailShoppers,3.7,,[],,https://rukminim2.flixcart.com/image/kd4uj680/panty/m/g/j/85-stone-panty-c-11-85-adp-enterprise-original-imafu3spc2fbrafg.jpeg | https://rukminim2.flixcart.com/image/kcxpbww0/panty/a/v/t/80-stone-panty-c-3-80-nvg-entrprise-original-imaftycfhubgfbuw.jpeg,वापसी नहीं होगी ,Clothing and Accessories,Innerwear and Swimwear,Panties,Women's Panties,Clothing and Accessories | Innerwear and Swimwear | Panties | Women's Panties | ZQYO Women's Panties,,,,0,0,0,732f456d-c738-5058-bd61-bcbcb6075eb8,09/30/23
"ORBIQE Back Cover for Realme 8 Pro  (Multicolor, Hard Case, Pack of: 1)",https://www.flipkart.com/orbiqe-back-cover-realme-8-pro/p/itmd5f3906f10e41,itmd5f3906f10e41,https://www.flipkart.com/product/p/itmd5f3906f10e41,224,INR,₹999,77% off,True,Suitable For: Mobile | Material: Plastic | Theme: Quotes/Signs/Symbols | Type: Back Cover,WALL KAR,3,,"[{'Sales Package': '1 Back cover'}, {'Model Number': 'RMX3081-GURMX3081-I-GURMX3081-I LOGO-GURMX3081-I EMBLEM--37'}, {'Designed For': 'Realme 8 Pro'}, {'Brand Color': 'Multicolor'}, {'Pack of': '1'}]",1 Back cover: Sales Package | RMX3081-GURMX3081-I-GURMX3081-I LOGO-GURMX3081-I EMBLEM--37: Model Number | Realme 8 Pro: Designed For | Multicolor: Brand Color | 1: Pack of,https://rukminim2.flixcart.com/image/l55nekw0/cases-covers/back-cover/i/g/f/rmx3085-gurmx3085-i-gurmx3085-i-logo-gurmx3085-i-emblem-37-original-imagfwax8yxyrf9g.jpeg | https://rukminim2.flixcart.com/image/kdhphu80/cases-covers/back-cover/h/n/g/inditex-sm-72-original-imafudzv7rmyamgh.jpeg | https://rukminim2.flixcart.com/image/kku1yfk0/cases-covers/back-cover/9/a/i/1916-pd1928bf-in-a-a-letter-a-alphabet-design-147-orbiqe-original-imagy3dtzeqghrh9.jpeg | https://rukminim2.flixcart.com/image/kku1yfk0/cases-covers/back-cover/h/v/p/1916-pd1928bf-in-a-a-letter-a-alphabet-design-147-orbiqe-original-imagy3dthtpcm8zf.jpeg,7 Days Replacement Policy,Mobiles & Accessories,Mobile Accessories,Cases & Covers,Designer Cases & Covers,Mobiles & Accessories | Mobile Accessories | Cases & Covers | Designer Cases & Covers | ORBIQE Designer Cases & Covers,India,Cases & Covers,WALL KAR JAIPUR,0,0,0,74cc275c-0179-5e14-9fc3-e2bc5b332bd4,09/30/23
"mCase Back Cover for Vivo V19  (White, Shock Proof, Pack of: 1)",https://www.flipkart.com/hi/mcase-back-cover-vivo-v19/p/itmf299884d4276c,itmf299884d4276c,https://www.flipkart.com/product/p/itmf299884d4276c,237,INR,"₹1,299",81% off,False,Suitable For: Mobile | Material: Thermoplastic Polyurethane | Theme: No Theme | Type: Back Cover,mbmtechnologies,4.1,"mCase present premium quality cases cover to protect your devices and gives profshional look that this cases is good quality materials that protect your mobile phone from scratches and dents , Flexible and durable , all round protection and also protect camera lens , slim and light weight .","[{'Sales Package': '1 Back Cover'}, {'Model Number': '6D Back Case - 294'}, {'Designed For': 'Vivo V19'}, {'Brand Color': 'White'}, {'Pack of': '1'}, {'Covered in Warranty': 'N/A'}]",1 Back Cover: Sales Package | 6D Back Case - 294: Model Number | Vivo V19: Designed For | White: Brand Color | 1: Pack of | N/A: Covered in Warranty,https://rukminim2.flixcart.com/image/xif0q/cases-covers/back-cover/z/u/4/vivo-v19-fi-yonity-original-imagn5h4zgxp4dvz.jpeg | https://rukminim2.flixcart.com/image/xif0q/cases-covers/back-cover/g/a/1/sam-a12-6d-crm-bl-shining-stars-original-imagngrp4gta8d2b.jpeg | https://rukminim2.flixcart.com/image/xif0q/cases-covers/back-cover/u/y/k/sam-a12-6d-crm-bl-shining-stars-original-imagngrpdz6y6fcp.jpeg | https://rukminim2.flixcart.com/image/xif0q/cases-covers/back-cover/w/6/k/mt-6d-chrome-onepls-6-blue-dallao-original-imagmgcjxg3gbz7b.jpeg | https://rukminim2.flixcart.com/image/xif0q/cases-covers/back-cover/b/v/n/apple-iphone-11-pro-max-blue-mavini-original-imagj5zusgyb8n4b.jpeg,7 Days Replacement Policy,Mobiles & Accessories,Mobile Accessories,Cases & Covers,Plain Cases & Covers,Mobiles & Accessories | Mobile Accessories | Cases & Covers | Plain Cases & Covers | mCase Plain Cases & Covers,,,,0,0,0,e2973deb-e7cd-5bad-ae1a-8302b529503c,09/30/23
"Hillgrove HGCM162M2 2in1 Repair Screw driver Set with 8""inch Combinational Plier Combination Screwdriver Set  (Pack of 5)",https://www.flipkart.com/hillgrove-hgcm162m2-2in1-repair-screw-driver-set-8-inch-combinational-plier-combination-screwdriver/p/itm488badb68e1fb,itm488badb68e1fb,https://www.flipkart.com/product/p/itm488badb68e1fb,338,INR,₹799,57% off,True,"Type: Combination | Pack of 5 | Tip Type: Phillips, Slot | Usage: Bike, Car, Electronics, Household | Product Type: Screwdriver Set",FlowStore,4,,[],,https://rukminim2.flixcart.com/image/xif0q/power-hand-tool-kit/d/p/s/hgcm162m3-2in1-multipurpose-screw-driver-set-with-8-inch-original-imaggjn4yzhxak2c.jpeg | https://rukminim2.flixcart.com/image/kyoqmq80/allen-key-set/s/n/d/hgcm3m1-9pcs-hex-allen-key-kit-with-2in1-screwdriver-for-bike-original-imagav8egz4hzf95.jpeg | https://rukminim2.flixcart.com/image/kt1u3rk0/plier/j/d/0/8-8-inch-heavy-duty-grip-multipurpose-combination-pilash-plier-original-imag6hkbchgttttg.jpeg | https://rukminim2.flixcart.com/image/kt1u3rk0/plier/t/f/2/8-8-inch-heavy-duty-grip-multipurpose-combination-pilash-plier-original-imag6hkbhfhqugpf.jpeg | https://rukminim2.flixcart.com/image/kt1u3rk0/plier/p/1/s/8-8-inch-heavy-duty-grip-multipurpose-combination-pilash-plier-original-imag6hkbdgzg2pct.jpeg,7 Days Return Policy,Home Improvement,Tools and Measuring Equipment,Hand Tools,Screwdrivers,Home Improvement | Tools and Measuring Equipment | Hand Tools | Screwdrivers | Hillgrove Screwdrivers,India,Screwdriver Set,,0,0,0,f7d3647d-7ce2-58eb-88fe-c2ebf8ffec94,09/30/23
Snooky Lenovo A2010 Mobile Skin  (Black),https://www.flipkart.com/snooky-lenovo-a2010-mobile-skin/p/itmeh2hdwzprnfyx,itmeh2hdwzprnfyx,https://www.flipkart.com/product/p/itmeh2hdwzprnfyx,159,INR,₹499,68% off,True,Lenovo A2010 | Typography | Print | Vinyl | Removable,Vardhman,3.6,"Snooky Digital Print Mobile Skin Sticker For Lenovo A2010

Designed For Direct Application On Your Device For An Awesome Makeover Without Adding Any Bulk. 
Made From Premium Vinyl With Anti-Bubble Channels For Easy Applicability. 
Clean Residue-Free Removal.High-Resolution Digital Printing.
Note: use hair dryer to heat the vinyl to stick easily at curves.","[{'Sales Package': 'Mobile Skin'}, {'Model Name': '309235'}, {'Pack of': '1'}, {'Scratch Resistant': 'Yes'}, {'Water Resistant': 'Yes'}, {'Residue Free Removal': 'Yes'}, {'Type': 'Back Case Cover'}, {'Theme': 'Typography'}, {'Finish': 'matte'}, {'Design': 'Print'}, {'Ideal For': 'unisex'}, {'Color': 'Black'}, {'Net Quantity': '1'}, {'Width': '210 mm'}, {'Height': '30 mm'}, {'Depth': '120 mm'}, {'Weight': '200 g'}]",Mobile Skin: Sales Package | 309235: Model Name | 1: Pack of | Yes: Scratch Resistant | Yes: Water Resistant | Yes: Residue Free Removal | Back Case Cover: Type | Typography: Theme | matte: Finish | Print: Design | unisex: Ideal For | Black: Color | 1: Net Quantity | 210 mm: Width | 30 mm: Height | 120 mm: Depth | 200 g: Weight,,No Returns Applicable,Mobiles & Accessories,Mobile Accessories,Styling & Maintenance,Mobile Skin Stickers,Mobiles & Accessories | Mobile Accessories | Styling & Maintenance | Mobile Skin Stickers | Snooky Mobile Skin Stickers,India,Mobile Skins,,0,0,0,be9c2df8-8e4b-5983-80ed-bd48b9bd8942,09/30/23
Kzaara,https://www.flipkart.com/kzaara-casual-shoes-canvas-partywear-sneakers-slip-outdoor-loafers-trending-walking-shoes-men-sneakers/p/itm9c49a1a11989d,itm9c49a1a11989d,https://www.flipkart.com/product/p/itm9c49a1a11989d,399,INR,₹999,60% off,False,,KZAARA,4.5,,[],,https://rukminim2.flixcart.com/image/kgsb1jk0-0/shoe/n/c/w/786-sky-blue-casualssss-9-kzaara-orange-original-imafwy9hyuyzk93a.jpeg | https://rukminim2.flixcart.com/image/kgl5ua80-0/shoe/t/b/3/786-casuals-black-7-kaneggye-orange-original-imafws94jfhj76pz.jpeg | https://rukminim2.flixcart.com/image/kgl5ua80-0/shoe/o/0/3/786-casuals-black-7-kaneggye-orange-original-imafws94cdwy9maa.jpeg | https://rukminim2.flixcart.com/image/kgsb1jk0-0/shoe/y/4/5/786-sky-blue-casualssss-9-kzaara-orange-original-imafwy9hwwzjmrue.jpeg,10 Days Return Policy,Footwear,Men's Footwear,Men’s Casual Shoes,Kzaara Men’s Casual Shoes,Footwear | Men's Footwear | Men’s Casual Shoes | Kzaara Men’s Casual Shoes,India,Shoe,,0,0,0,3e750d5e-af70-57a1-947c-c3620d52b927,09/30/23
"Covermania Back Cover for Oppo A54 4G  (Multicolor, Waterproof)",https://www.flipkart.com/hi/covermania-back-cover-oppo-a54-4g/p/itm537f01c90b411,itm537f01c90b411,https://www.flipkart.com/product/p/itm537f01c90b411,174,INR,₹999,82% off,True,,Covermania08,4.1,Designed For Phone Owners Who Prefer Minimalist-Style Protection. Plastic Back Cover Is A Sleek Form-Fitted Rubberized Shell That Aims To Protect Your Phone From Everyday Wear And Tear. It Is Surface Treated With Rubberized Coating Which Provides A Slip-Free Grip. Plastic Back Cover Provides A Set To Complete Front And Backside Scratch.,"[{'Sales Package': '1'}, {'Model Number': 'Flag-Country-Star-OPA54 4G'}, {'Designed For': 'Oppo A54 4G'}, {'Brand Color': 'Multicolor'}, {'Pack of': '1'}]",1: Sales Package | Flag-Country-Star-OPA54 4G: Model Number | Oppo A54 4G: Designed For | Multicolor: Brand Color | 1: Pack of,,वापसी नहीं होगी ,Mobiles & Accessories,Mobile Accessories,Cases & Covers,Designer Cases & Covers,Mobiles & Accessories | Mobile Accessories | Cases & Covers | Designer Cases & Covers | Covermania Designer Cases & Covers,,,,0,0,0,7aa90b19-830b-5fd2-b1f7-5779cfb2a91c,09/30/23
"Touchess Back Cover for Micromax Infinity N12 Back Cover/ Micromax Infinity N12 Back Case  (Multicolor, Waterproof, Silicon, Pack of: 1)",https://www.flipkart.com/touchess-back-cover-micromax-infinity-n12-cover-case/p/itmfdueuwze3wmes,itmfdueuwze3wmes,https://www.flipkart.com/product/p/itmfdueuwze3wmes,229,INR,₹999,77% off,False,Suitable For: Mobile | Material: Silicon | Theme: Patterns | Type: Back Cover,pripuenterprises1,2.2,"Micromax Infinity N12 Cover By touchess Stylish, Ultra Slim,Sleek and Light Weight Design Snap on Case Protect your phone from scratches and bumps,Image Full Wrap Finish (Side Edge & Corne) Tight and Firm fit for perfect grip support. Designer For Micromax Infinity N12.","[{'Sales Package': '1 Micromax Infinity N12 Back Cover'}, {'Model Number': 'touch-A50-A268'}, {'Designed For': 'Micromax Infinity N12 Back Cover/ Micromax Infinity N12 Back Case'}, {'Brand Color': 'Multicolor'}, {'Pack of': '1'}, {'Other Features': 'Ultra HD UV Print, High Quality Silicon Covers, High Quality made in India Back Cover'}, {'Warranty Service Type': 'Online Replacement/ Refund'}, {'Warranty Summary': 'Replacement/Refund'}, {'Covered in Warranty': 'Replacement in cases where product is damaged, of wrong model, of wrong color. Or used product received. Return in cases where product is misfit, quality not as expected or any other case.'}, {'Not Covered in Warranty': 'Used product, intentional damage.'}, {'Domestic Warranty': '1 Months'}]","1 Micromax Infinity N12 Back Cover: Sales Package | touch-A50-A268: Model Number | Micromax Infinity N12 Back Cover/ Micromax Infinity N12 Back Case: Designed For | Multicolor: Brand Color | 1: Pack of | Ultra HD UV Print, High Quality Silicon Covers, High Quality made in India Back Cover: Other Features | Online Replacement/ Refund: Warranty Service Type | Replacement/Refund: Warranty Summary | Replacement in cases where product is damaged, of wrong model, of wrong color. Or used product received. Return in cases where product is misfit, quality not as expected or any other case.: Covered in Warranty | Used product, intentional damage.: Not Covered in Warranty | 1 Months: Domestic Warranty",https://rukminim2.flixcart.com/image/js7th8w0/cases-covers/back-cover/b/6/y/touchess-touch-a50-a268-original-imafduevhm5z3pqs.jpeg | https://rukminim2.flixcart.com/image/jvzkb680/cases-covers/back-cover/r/h/w/mobihub-gin-eef-205-pr-580-original-imaf6t7bzhccjuqz.jpeg,7 Days Replacement Policy,Mobiles & Accessories,Mobile Accessories,Cases & Covers,Designer Cases & Covers,Mobiles & Accessories | Mobile Accessories | Cases & Covers | Designer Cases & Covers | Touchess Designer Cases & Covers,India,Cases & Covers,,0,0,0,7de1f9f1-1fbe-5acc-a25d-e170d77be7e0,09/30/23
"FITESTAR Back Cover for Itel A48  (Multicolor, Grip Case, Silicon, Pack of: 1)",https://www.flipkart.com/hi/fitestar-back-cover-itel-a48/p/itmb49efb84b3283,itmb49efb84b3283,https://www.flipkart.com/product/p/itmb49efb84b3283,219,INR,₹799,72% off,True,Suitable For: Mobile | Material: Silicon | Theme: Quotes/Signs/Symbols | Type: Back Cover,SHREEBALAJI.,4.1,"Itel A48 Back Cover, the best Multicolor covers, This soft silicone Multicolor cover will protect and prevent your phone from scratches, damage and dust. The silicone cover is made from a lightweight tough strong high quality rubber/silicone material which will help you to keep your phone safe. It comes in smooth texture. This will not only look good on your phone but will protect it. This case will Style your mobile.","[{'Sales Package': '1 Back Cover'}, {'Model Number': 'it-A48-JP3403'}, {'Designed For': 'Itel A48'}, {'Brand Color': 'Multicolor'}, {'Pack of': '1'}, {'Other Features': 'Back Cover, Dust free, washable, Fingerprints Free, Made of soft silicone which make it soft and durable.Access to All buttons, Controls & Ports easily, and without removing the skin.'}]","1 Back Cover: Sales Package | it-A48-JP3403: Model Number | Itel A48: Designed For | Multicolor: Brand Color | 1: Pack of | Back Cover, Dust free, washable, Fingerprints Free, Made of soft silicone which make it soft and durable.Access to All buttons, Controls & Ports easily, and without removing the skin.: Other Features",https://rukminim2.flixcart.com/image/kt1u3rk0/cases-covers/back-cover/w/x/s/it-a48-jp3403-rossy-original-imag6h3jhhfdhmux.jpeg | https://rukminim2.flixcart.com/image/kt1u3rk0/cases-covers/back-cover/f/l/i/it-a48-jp3403-rossy-original-imag6h3jeaspnfge.jpeg | https://rukminim2.flixcart.com/image/kt1u3rk0/cases-covers/back-cover/i/3/9/it-a48-jp3403-rossy-original-imag6h3jqmgay7at.jpeg | https://rukminim2.flixcart.com/image/ksoz53k0/cases-covers/back-cover/x/n/t/rel-r6i-jp3403-simawat-original-imag67ht3vzd4hfh.jpeg,7 Days Replacement Policy,Mobiles & Accessories,Mobile Accessories,Cases & Covers,Designer Cases & Covers,Mobiles & Accessories | Mobile Accessories | Cases & Covers | Designer Cases & Covers | FITESTAR Designer Cases & Covers,,,,0,0,0,d27836c3-b2b0-5dd8-b48c-23c2c0320aba,09/30/23
"AMOSFIA Contour Stick , Face Concealer Pen Double-Head Concealer  (Multicolor, 8 g)",https://www.flipkart.com/hi/amosfia-contour-stick-face-concealer-pen-double-head/p/itm258c78867792d,itm258c78867792d,https://www.flipkart.com/product/p/itm258c78867792d,241,INR,₹499,51% off,True,Color: Multicolor | Quantity: 8 g | Skin Type: All Skin Types,Topcosmeticsell,3.9,The cream is so soft and silky that it easily blends with your skin. It instantly covers all your dark spots and leaves you with an oil free natural looking glow. It’s so powerful that women loved it and have said that it’s better than their current fairness creams. Now get perfect looking skin everyday!,[],,https://rukminim2.flixcart.com/image/xif0q/concealer/c/a/t/8-contour-stick-face-concealer-pen-double-head-amosfia-original-imagnp8kdgrzrvsf.jpeg | https://rukminim2.flixcart.com/image/xif0q/combo-kit/k/f/8/highlight-contour-concealer-stick-make-up-with-makeup-setting-original-imagmzkfwygmyfzs.jpeg | https://rukminim2.flixcart.com/image/xif0q/concealer/3/a/w/8-highlighter-makeup-for-every-all-skin-type-amosfia-original-imagnp87yse3s7g3.jpeg | https://rukminim2.flixcart.com/image/ky90scw0/concealer/j/a/3/6-2-2in1-highlighter-and-stick-concealer-bronzer-face-makeup-original-imagagqnshzuym7u.jpeg | https://rukminim2.flixcart.com/image/xif0q/concealer/l/9/h/8-contour-stick-face-concealer-pen-double-head-amosfia-original-imagnp8khb6epvh8.jpeg,वापसी नहीं होगी ,Beauty and Grooming,Makeup,Face Makeup,Concealer,Beauty and Grooming | Makeup | Face Makeup | Concealer | AMOSFIA Concealer,,,,0,0,0,468b31b3-9d9c-5971-973e-cf8210876aab,09/30/23
"Ignite Back Cover for vivo Y21T, MUMBAI INDIANS SING LOGO IPLTEAM  (Blue, Hard Case, Pack of: 1)",https://www.flipkart.com/ignite-back-cover-vivo-y21t-mumbai-indians-sing-logo-iplteam/p/itm2d851831dfbc9,itm2d851831dfbc9,https://www.flipkart.com/product/p/itm2d851831dfbc9,269,INR,₹999,73% off,False,Suitable For: Mobile | Material: Plastic | Theme: Sports & Sportstars | Type: Back Cover,Ingite,2.6,"vivo Y21T Back Cover by Stylish, Ultra Slim, Sleek and Light Weight Design Snap on Case Protect your phone from scratches and bumps,Image Full Wrap Finish Tight and Firm fit for perfect grip and support. MUMBAI INDIANS SING LOGO IPLTEAM Specially Designed for Yourvivo Y21T","[{'Sales Package': '1 DESIGNER PRINTED BACK COVER FOR vivo Y21T'}, {'Model Number': 'MUMBAI-INDIANS-SING-LOGO-IPLTEAM-V2135-926'}, {'Designed For': 'vivo Y21T, MUMBAI INDIANS SING LOGO IPLTEAM'}, {'Brand Color': 'Blue'}, {'Pack of': '1'}, {'Other Features': 'Hard Case, Dual Protection, Designer Printed Back Cover, Plastic Cover, Full Mobile Protection'}]","1 DESIGNER PRINTED BACK COVER FOR vivo Y21T: Sales Package | MUMBAI-INDIANS-SING-LOGO-IPLTEAM-V2135-926: Model Number | vivo Y21T, MUMBAI INDIANS SING LOGO IPLTEAM: Designed For | Blue: Brand Color | 1: Pack of | Hard Case, Dual Protection, Designer Printed Back Cover, Plastic Cover, Full Mobile Protection: Other Features",,7 Days Replacement Policy,Mobiles & Accessories,Mobile Accessories,Cases & Covers,Designer Cases & Covers,Mobiles & Accessories | Mobile Accessories | Cases & Covers | Designer Cases & Covers | Ignite Designer Cases & Covers,India,Cases & Covers,,0,0,0,06e86787-a240-5a3d-95cd-b98c79f2f3a8,09/30/23
उनियाल्स,https://www.flipkart.com/hi/uniyals-regular-fit-women-blue-trousers/p/itmff7hbqjhgs2ut,itmff7hbqjhgs2ut,https://www.flipkart.com/product/p/itmff7hbqjhgs2ut,478,INR,₹799,40% off,False,,UNIYALS,2.8,,[],,https://rukminim2.flixcart.com/image/k5fn3ww0/trouser/u/h/z/xl-phz-skyblue04-ruffle-purplehuez-original-imafex5gfaamfuzv.jpeg | https://rukminim2.flixcart.com/image/k5fn3ww0/trouser/u/h/z/xl-phz-skyblue04-ruffle-purplehuez-original-imafex5gjapr99ca.jpeg | https://rukminim2.flixcart.com/image/k5fn3ww0/trouser/u/h/z/xl-phz-skyblue04-ruffle-purplehuez-original-imafex5gxyafbuuz.jpeg,10 दिन की रिटर्न पॉलिसी,Clothing and Accessories,"Kurtas, Ethnic Sets and Bottoms",Palazzos,UNIYALS Palazzos,"Clothing and Accessories | Kurtas, Ethnic Sets and Bottoms | Palazzos | UNIYALS Palazzos",,,,2.9,0,13,cb78b32d-6550-50c6-a357-0820283701d9,09/30/23
MobileBukket Edge To Edge Tempered Glass for Realme C15  (Pack of 1),https://www.flipkart.com/mobilebukket-edge-tempered-glass-realme-c15/p/itm9da1ef329674f,itm9da1ef329674f,https://www.flipkart.com/product/p/itm9da1ef329674f,179,INR,₹599,70% off,True,"11D Tempered Glass, Air-bubble Proof, Anti Fingerprint, Anti Glare, Anti Reflection, Scratch Resistant | Mobile | Edge To Edge Tempered Glass | Removable",MobileBukket,4.1,"11D Big Curved Edge Full Glue, Clarity and High-Response Touch Preserve, Fast exhaust, 9H hardness Tempered Glass to safeguard your phoneâs screen from high impact drops, abrasions scratches, scrapes and bumps. This tempered glass screen protector is chemical processed real glass, it features high transparency, high sensitivity and delicate touch feeling.",[],,https://rukminim2.flixcart.com/image/ke353m80/screen-guard/edge-to-edge-tempered-glass/3/z/e/phonebukket-relntc15-original-imafutuzkqyhy4nn.jpeg | https://rukminim2.flixcart.com/image/ke353m80/screen-guard/edge-to-edge-tempered-glass/3/z/e/phonebukket-relntc15-original-imafutuzqnrwrpzf.jpeg | https://rukminim2.flixcart.com/image/ke353m80/screen-guard/edge-to-edge-tempered-glass/3/z/e/phonebukket-relntc15-original-imafutuznqrzxw4z.jpeg | https://rukminim2.flixcart.com/image/xif0q/screen-guard/edge-to-edge-tempered-glass/n/4/0/sm-11d-f04-phonebukket-original-imafu2tqrckrxkug.jpeg,No Returns Applicable,Mobiles & Accessories,Mobile Accessories,Screen Guards,MobileBukket Screen Guards,Mobiles & Accessories | Mobile Accessories | Screen Guards | MobileBukket Screen Guards,India,Screen Guards,,0,0,0,e8a5fdc1-d484-5772-8405-a4bda485941f,09/30/23
पीपल,https://www.flipkart.com/hi/people-printed-men-polo-neck-brown-t-shirt/p/itmb6c266bf4f465,itmb6c266bf4f465,https://www.flipkart.com/product/p/itmb6c266bf4f465,573,INR,₹699,18% off,True,,Westbury Holdings_Pantaloons,3.5,,[],,https://rukminim2.flixcart.com/image/kj7gwi80-0/t-shirt/e/0/j/m-110088680tobacco-people-original-imafytvp6jzgnjzw.jpeg | https://rukminim2.flixcart.com/image/kj7gwi80-0/t-shirt/p/n/g/m-110088680tobacco-people-original-imafytvpa2gqfjqd.jpeg | https://rukminim2.flixcart.com/image/kj7gwi80-0/t-shirt/l/p/d/m-110088680tobacco-people-original-imafytvpztj9jrn2.jpeg | https://rukminim2.flixcart.com/image/kj7gwi80-0/t-shirt/f/c/f/m-110088680tobacco-people-original-imafytvptra56fzf.jpeg | https://rukminim2.flixcart.com/image/kj7gwi80-0/t-shirt/i/v/j/m-110088680tobacco-people-original-imafytvppv3ygp4n.jpeg,10 दिन की रिटर्न पॉलिसी,Clothing and Accessories,Topwear,T-shirts,Men's T-shirts,Clothing and Accessories | Topwear | T-shirts | Men's T-shirts | PEOPLE Men's T-shirts,,,,0,0,0,6196f331-7974-5e88-88dc-10fc346f1964,09/30/23
"Home Fresh Solid Double Comforter for  Heavy Winter  (100% Wool, Ink Blue)",https://www.flipkart.com/hi/home-fresh-solid-double-comforter/p/itm2cf0b4dc887c5,itm2cf0b4dc887c5,https://www.flipkart.com/product/p/itm2cf0b4dc887c5,"5,599",INR,"₹6,599",15% off,True,Type: Comforter | Size: 220 cm x 240 cm | Ideal Usage: Heavy Winter | Pack of: 1,BDRELIABLE,4.1,,"[{'Model Number': 'Reversible-HF-1'}, {'Model Name': 'Reversible'}, {'Design': 'Solid'}, {'Outer Material': '100% Wool'}, {'Ideal Usage': 'Heavy Winter'}, {'Net Quantity': '1'}, {'Width': '86 inch / 220 cm'}, {'Length': '94 inch / 240 cm'}]",Reversible-HF-1: Model Number | Reversible: Model Name | Solid: Design | 100% Wool: Outer Material | Heavy Winter: Ideal Usage | 1: Net Quantity | 86 inch / 220 cm: Width | 94 inch / 240 cm: Length,https://rukminim2.flixcart.com/image/kx7vc7k0/blanket/m/n/8/reversible-reversible-hf-home-fresh-original-imag9pyygqamnkvy.jpeg | https://rukminim2.flixcart.com/image/kx7vc7k0/blanket/o/i/6/reversible-reversible-hf-home-fresh-original-imag9pyybnzf7b8h.jpeg,7 Days Return Policy,Home Furnishing,Bed Linen & Blankets,Blankets,Home Fresh Blankets,Home Furnishing | Bed Linen & Blankets | Blankets | Home Fresh Blankets,,,,0,0,0,acc8cc65-2799-53f3-b6c8-2d6966878677,09/30/23
"Casemaker Back Cover for OnePlus 7T  (Multicolor, Grip Case, Silicon, Pack of: 1)",https://www.flipkart.com/casemaker-back-cover-oneplus-7t/p/itme28bb57944f01,itme28bb57944f01,https://www.flipkart.com/product/p/itme28bb57944f01,239,INR,₹499,52% off,True,Suitable For: Mobile | Material: Silicon | Theme: Patterns | Type: Back Cover,Classyobjects,3.8,"Casemaker back covers are the best attractive accessory to make your mobile unique from other models.The Premium case is made out of a light SILICON. It is flexible to snap on to your phone with ease and strong enough to protect it from bumps, drops and scratches. The raised lip on the sides of the case also protects your phone's screen.The Precision cutouts on this case leaves ports, speakers and microphones completely open. This case is 100% compatible with your regular charger and headphones.","[{'Sales Package': '1 unit of printed back cover'}, {'Model Number': 'TpuOnPls7T-8492'}, {'Designed For': 'OnePlus 7T'}, {'Brand Color': 'Multicolor'}, {'Pack of': '1'}]",1 unit of printed back cover: Sales Package | TpuOnPls7T-8492: Model Number | OnePlus 7T: Designed For | Multicolor: Brand Color | 1: Pack of,https://rukminim2.flixcart.com/image/kwtkxow0/cases-covers/back-cover/4/n/p/tpuonpls7t-8492-oye-stuff-original-imag9eue5uumcgjb.jpeg | https://rukminim2.flixcart.com/image/kwtkxow0/cases-covers/back-cover/z/y/2/tpuonpls7t-8492-oye-stuff-original-imag9eueaapbyynk.jpeg | https://rukminim2.flixcart.com/image/kwtkxow0/cases-covers/back-cover/u/z/u/tpuonpls7t-8492-oye-stuff-original-imag9eueyzxkhtvd.jpeg | https://rukminim2.flixcart.com/image/kwmfqfk0/cases-covers/back-cover/y/o/e/tpuhnr10lite-8485-oye-stuff-original-imag99chmzhyyf4n.jpeg,7 Days Replacement Policy,Mobiles & Accessories,Mobile Accessories,Cases & Covers,Designer Cases & Covers,Mobiles & Accessories | Mobile Accessories | Cases & Covers | Designer Cases & Covers | Casemaker Designer Cases & Covers,India,Cases & Covers,,0,0,0,81f0d233-9f55-5e8e-a4f9-35139505399c,09/30/23
"मी thing! बैक कवर Vivo V21 5G के लिए  (बहुरंगी, हार्ड केस)",https://www.flipkart.com/hi/my-thing-back-cover-vivo-v21-5g/p/itmde5e39c95ae3f,itmde5e39c95ae3f,https://www.flipkart.com/product/p/itmde5e39c95ae3f,179,INR,₹599,70% off,True,मोबाइल के लिए उपयुक्त | मटेरियल: प्लास्टिक | थीम: मार्बल | टाइप: बैक कवर,Pricon,4,मेरी बात! डिजाइनर बैक कवर स्थायित्व और अनजाने में गिरने से इफेक्टिव सुरक्षा के लिए हार्ड प्लास्टिक से बने होते हैं। यह आपके डिवाइस में स्टाइल की भावना जोड़ता है और लंबे समय तक चलने वाले मैट फिनिश के साथ आता है। हमारे केस HTP तकनीक का उपयोग करके प्रिंटेड होते हैं जो इमेज को सब्सट्रेट की सतह पर स्थायी रूप से प्रदान करता है। इन फोन केस को परेशानी मुक्त स्थापित किया जा सकता है और विभिन्न पोर्ट और बटन तक आसान पहुंच प्रदान करता है। इमेजेस में दिखाए गए टेक्सचर केस पर वास्तविक फिनिश से अलग हो सकते हैं।,[],,https://rukminim2.flixcart.com/image/kqy3rm80/cases-covers/back-cover/6/z/y/vv215g-mab076-my-thing-original-imag4uzyqhghzbp2.jpeg | https://rukminim2.flixcart.com/image/k6i7zww0/cases-covers/back-cover/r/q/g/my-thing-pox2-sig675-original-imafhhfhfychjswx.jpeg | https://rukminim2.flixcart.com/image/jwxuvm80/cases-covers/back-cover/h/3/e/my-thing-gp3a-com020-original-imafercsazp4habn.jpeg,7 Days Replacement Policy,Mobiles & Accessories,Mobile Accessories,Cases & Covers,Designer Cases & Covers,Mobiles & Accessories | Mobile Accessories | Cases & Covers | Designer Cases & Covers | My Thing! Designer Cases & Covers,,,,4.3,0,4,83fc3d64-f0e1-57f9-b052-fcb611acd6e1,09/30/23
"PICHKU Back Cover for Oppo A57  (Multicolor, Hard Case, Pack of: 1)",https://www.flipkart.com/pichku-back-cover-oppo-a57/p/itm6f02472ba2fd9,itm6f02472ba2fd9,https://www.flipkart.com/product/p/itm6f02472ba2fd9,249,INR,₹999,75% off,True,Suitable For: Mobile | Material: Plastic | Theme: Religion/Festivals/Spiritual | Type: Back Cover,Madhusudhanenterprises,3.3,"OPPO A57 Back Cover by PICHKU Stylish, Ultra Slim, Water proof, Scrach Proof, Sleek and Light Weight Design Snap on Case Protect your phone from scratches and bumps,Image Full Wrap Finish Tight and Firm fit for perfect grip and support. Shiv,ji,shiva,Shambhu,Mahakal,Bholenath,Trishool,OM,Aghori,KedarnathBhagwa,India,Tirupati,Shirdi,Kedarnath,Mahadev,King,HanumanTrending,Funky,Cool,Attitude,Cute,Love,Boys,Girls,Music,Simple,Mobile Back Cover Specially Designed for Your OPPO A57","[{'Sales Package': '1 Designer Printed Back Cover For OPPO A57'}, {'Model Number': 'OPO A57-CPH1701-SHIV,JI,SHIVA,SHAMBHU,MAHAKAL,BHOLENATH,TRISHOOL,OM,AGHORI,KEDARNATH,313'}, {'Designed For': 'Oppo A57'}, {'Brand Color': 'Multicolor'}, {'Pack of': '1'}, {'Other Features': 'Hard Case, Dual Protection, Designer Printed Back Cover, Plastic Cover, Full Mobile ProtectionShiv,ji,shiva,Shambhu,Mahakal,Bholenath,Trishool,OM,Aghori,Kedarnath,Damru,Chilam'}]","1 Designer Printed Back Cover For OPPO A57: Sales Package | OPO A57-CPH1701-SHIV,JI,SHIVA,SHAMBHU,MAHAKAL,BHOLENATH,TRISHOOL,OM,AGHORI,KEDARNATH,313: Model Number | Oppo A57: Designed For | Multicolor: Brand Color | 1: Pack of | Hard Case, Dual Protection, Designer Printed Back Cover, Plastic Cover, Full Mobile ProtectionShiv,ji,shiva,Shambhu,Mahakal,Bholenath,Trishool,OM,Aghori,Kedarnath,Damru,Chilam: Other Features",https://rukminim2.flixcart.com/image/kwfaj680/cases-covers/back-cover/s/m/2/oppo-a57-cph1701-shiv-ji-shiva-shambhu-mahakal-bholenath-original-imag93wsf5ntcgfc.jpeg | https://rukminim2.flixcart.com/image/k6mibgw0/cases-covers/back-cover/2/m/h/wallcraft-lion-sky-galaxy-space-nature-colorful-1909-0354-original-imafzu5btpfj3xp8.jpeg | https://rukminim2.flixcart.com/image/k6mibgw0/cases-covers/back-cover/2/m/h/wallcraft-lion-sky-galaxy-space-nature-colorful-1909-0354-original-imafzu5bfhqhdjbg.jpeg | https://rukminim2.flixcart.com/image/k6mibgw0/cases-covers/back-cover/2/m/h/wallcraft-lion-sky-galaxy-space-nature-colorful-1909-0354-original-imafzsetkwqhs4gg.jpeg,7 Days Replacement Policy,Mobiles & Accessories,Mobile Accessories,Cases & Covers,Designer Cases & Covers,Mobiles & Accessories | Mobile Accessories | Cases & Covers | Designer Cases & Covers | PICHKU Designer Cases & Covers,India,Cases & Covers,,0,0,0,660b9474-9798-5858-9627-9ec33bb09dde,09/30/23
Fasheen Tempered Glass Guard for MOTOROLA MOTO E32 INDIA (UV AntiBlue Light Protection)  (Pack of 1),https://www.flipkart.com/hi/fasheen-tempered-glass-guard-motorola-moto-e32-india-uv-antiblue-light-protection/p/itmf5902164f3bf4,itmf5902164f3bf4,https://www.flipkart.com/product/p/itmf5902164f3bf4,207,INR,₹799,74% off,True,"Anti-Blue Light Guard, Anti Glare, Scratch Resistant, Air-bubble Proof, Anti Reflection, UV Protection | Mobile | Tempered Glass | Removable",RingersTelImpex,4.3,,[],,,वापसी नहीं होगी ,Mobiles & Accessories,Mobile Accessories,Screen Guards,Fasheen Screen Guards,Mobiles & Accessories | Mobile Accessories | Screen Guards | Fasheen Screen Guards,,,,2.7,0,3,26fc84da-a3a8-583c-b47c-03d038a4848f,09/30/23
ULTRASTYLE,https://www.flipkart.com/hi/ultrastyle-printed-men-round-neck-white-t-shirt/p/itm56d1f69d58d3b,itm56d1f69d58d3b,https://www.flipkart.com/product/p/itm56d1f69d58d3b,269,INR,₹999,73% off,True,,TheShoppingShop,3.3,,[],,https://rukminim2.flixcart.com/image/ktq4l8w0/t-shirt/j/o/i/l-dhoni-printed-cb-t-shirt-ultrastyle-original-imag7ybvq6tydhzz.jpeg | https://rukminim2.flixcart.com/image/kt7jv680/t-shirt/j/v/m/l-hustle-printed-cotton-blend-t-shirt-ultrastyle-original-imag6htn9dgjqewk.jpeg,10 दिन की रिटर्न पॉलिसी,Clothing and Accessories,Topwear,T-shirts,Men's T-shirts,Clothing and Accessories | Topwear | T-shirts | Men's T-shirts | ULTRASTYLE Men's T-shirts,,,,0,0,0,0f8a414b-b8ac-5cd4-b9e2-a137dc24dc19,09/30/23
"SuperQueen Back Cover for Realme 3 Pro  (Multicolor, Flexible, Silicon, Pack of: 1)",https://www.flipkart.com/superqueen-back-cover-realme-3-pro/p/itm2271c99715736,itm2271c99715736,https://www.flipkart.com/product/p/itm2271c99715736,235,INR,₹699,66% off,True,Suitable For: Mobile | Material: Silicon | Theme: Patterns | Type: Back Cover,SuperQueen,3.1,"These Designs On The Cases Are Designed By ""Super Queen"" This Designer Case Allows Easy Access To All Buttons Controls. This Cover Designer Case Cover Is Attractive, Comfortable, Light Weight And Has Unique Design It Perfectly Fit And Protects your Mobile. Easy To Install And Remove. High Quality Finished Case","[{'Sales Package': 'Printed Soft Silicon Designer Mobile Back Case Cover'}, {'Model Number': 'Realme3Pro-A390'}, {'Designed For': 'Realme 3 Pro'}, {'Brand Color': 'Multicolor'}, {'Pack of': '1'}, {'Certification': 'Super Queen'}, {'Other Features': 'Protects your Phone from scratches and damage.\nComfortable and perfect fit for your Phone.\nAllows easy access to all buttons.'}]","Printed Soft Silicon Designer Mobile Back Case Cover: Sales Package | Realme3Pro-A390: Model Number | Realme 3 Pro: Designed For | Multicolor: Brand Color | 1: Pack of | Super Queen: Certification | Protects your Phone from scratches and damage.
Comfortable and perfect fit for your Phone.
Allows easy access to all buttons.: Other Features",,7 Days Replacement Policy,Mobiles & Accessories,Mobile Accessories,Cases & Covers,Designer Cases & Covers,Mobiles & Accessories | Mobile Accessories | Cases & Covers | Designer Cases & Covers | SuperQueen Designer Cases & Covers,India,Cases & Covers,Kittu Enterprises,0,0,0,38d35858-9a59-596a-8044-8b5bc858b21a,09/30/23
"Snazzy Back Cover for mi redmi note 8 pro  (Black, Shock Proof, Silicon, Pack of: 1)",https://www.flipkart.com/snazzy-back-cover-mi-redmi-note-8-pro/p/itmeb27ac9f5fa05,itmeb27ac9f5fa05,https://www.flipkart.com/product/p/itmeb27ac9f5fa05,179,INR,₹999,82% off,True,Suitable For: Mobile | Material: Silicon | Theme: Comics/Cartoons/Superheroes | Type: Back Cover,SmartRetailAuthorized,3.6,"Mi Redmi Note 8 Pro Drop Protection Shock Proof Back Cover, Experience hybrid technology that packs advanced drop protection in a single layer. The Ultra Hybrid combines a shock-absorbing flexible bumper with a rigid back to maximize defensive features. Take the Ultra Hybrid to another level by adding personality with personalized items to flaunt with the device.","[{'Sales Package': '1 Premium Shock Proof Back Cover'}, {'Model Number': 'REDNOTE8PRO-59'}, {'Designed For': 'mi redmi note 8 pro'}, {'Brand Color': 'Black'}, {'Pack of': '1'}, {'Certification': 'Snazzy Certification'}, {'Other Features': 'Mi Redmi Note 8 Pro back cover, EASY APPLICATION: The soft & flexible material allows the case to be put on and removed with ease ensuring your device is not damaged in the process, SLIM FIT: Retain the original look of Mi Redmi Note 8 Pro by using thin fit slim case. It is 1.2mm in thickness and weighs less than 18 grams, HD CLEAR TPU: Slim, transparent TPU protective case is used for design which reveals and enhances the original style of Mi Redmi Note 8 Pro, PERFECT CUT OUTS: Extreme precision design allows easy access to all buttons and ports while featuring raised bezel to life screen and camera off flat surface.'}]","1 Premium Shock Proof Back Cover: Sales Package | REDNOTE8PRO-59: Model Number | mi redmi note 8 pro: Designed For | Black: Brand Color | 1: Pack of | Snazzy Certification: Certification | Mi Redmi Note 8 Pro back cover, EASY APPLICATION: The soft & flexible material allows the case to be put on and removed with ease ensuring your device is not damaged in the process, SLIM FIT: Retain the original look of Mi Redmi Note 8 Pro by using thin fit slim case. It is 1.2mm in thickness and weighs less than 18 grams, HD CLEAR TPU: Slim, transparent TPU protective case is used for design which reveals and enhances the original style of Mi Redmi Note 8 Pro, PERFECT CUT OUTS: Extreme precision design allows easy access to all buttons and ports while featuring raised bezel to life screen and camera off flat surface.: Other Features",https://rukminim2.flixcart.com/image/k0vbgy80/cases-covers/back-cover/c/7/b/snazzy-rednote8pro-59-original-imafkjtjusjxtbg6.jpeg | https://rukminim2.flixcart.com/image/k0vbgy80/cases-covers/back-cover/c/7/b/snazzy-rednote8pro-59-original-imafkjtjmfbpesyw.jpeg | https://rukminim2.flixcart.com/image/k3ncakw0/cases-covers/back-cover/u/v/q/snazzy-coverxnote10boom-989-original-imafghd8f59xwymh.jpeg | https://rukminim2.flixcart.com/image/k3ncakw0/cases-covers/back-cover/u/v/q/snazzy-coverxnote10boom-989-original-imafghd8cfczz2rq.jpeg | https://rukminim2.flixcart.com/image/k3ncakw0/cases-covers/back-cover/u/v/q/snazzy-coverxnote10boom-989-original-imafghd8bjqdwsjp.jpeg,7 Days Replacement Policy,Mobiles & Accessories,Mobile Accessories,Cases & Covers,Designer Cases & Covers,Mobiles & Accessories | Mobile Accessories | Cases & Covers | Designer Cases & Covers | Snazzy Designer Cases & Covers,India,Cases & Covers,,0,0,0,7104478a-4226-5b25-821d-9482ffff6e61,09/30/23
"GRAFIQE Back Cover for Vivo Y51 V2030 JOKER, BATMAN, HEALTH LEDGER JOKER, DARK KNIGHT, WHY SO SERIOUS  (Multicolor, Shock Proof, Pack of: 1)",https://www.flipkart.com/hi/grafiqe-back-cover-vivo-y51-v2030-joker-batman-health-ledger-dark-knight-so-serious/p/itm8dc0c328a4aa2,itm8dc0c328a4aa2,https://www.flipkart.com/product/p/itm8dc0c328a4aa2,259,INR,₹999,74% off,True,Suitable For: Mobile | Material: Plastic | Theme: Comics/Cartoons/Superheroes | Type: Back Cover,Loffer E,2.9,"This premium back cover is an offering from GRAFIQE which is tailor made for your Vivo Y51. The design elements of this case include JOKER, BATMAN, HEALTH LEDGER JOKER, DARK KNIGHT, WHY SO SERIOUS. This mobile case embraces you phone precisely with optimal cut-outs for buttons and ports. The phone cover is made from light but extremely durable poly-carbonate material to protect your precious phone from drops and scratches.","[{'Sales Package': '1 Designer Printed Back Cover For Y51'}, {'Model Number': 'V2030-Joker-Batman-Health Ledger Joker-Dark Knight-Why So Serious-435'}, {'Designed For': 'Vivo Y51 V2030 JOKER, BATMAN, HEALTH LEDGER JOKER, DARK KNIGHT, WHY SO SERIOUS'}, {'Brand Color': 'Multicolor'}, {'Pack of': '1'}, {'Other Features': 'Hard Case, Dual Protection, Shock Proof, Mobile Back Cover, Printed, Stylish, Designer, Plastic, Waterproof'}]","1 Designer Printed Back Cover For Y51: Sales Package | V2030-Joker-Batman-Health Ledger Joker-Dark Knight-Why So Serious-435: Model Number | Vivo Y51 V2030 JOKER, BATMAN, HEALTH LEDGER JOKER, DARK KNIGHT, WHY SO SERIOUS: Designed For | Multicolor: Brand Color | 1: Pack of | Hard Case, Dual Protection, Shock Proof, Mobile Back Cover, Printed, Stylish, Designer, Plastic, Waterproof: Other Features",https://rukminim2.flixcart.com/image/kt4ozgw0/cases-covers/back-cover/3/4/8/v2030-joker-batman-health-ledger-joker-dark-knight-why-so-original-imag6jv8wj5ryenq.jpeg | https://rukminim2.flixcart.com/image/kd1zngw0/cases-covers/back-cover/3/g/k/grafiqe-1909-pd1931f-ex-dragon-ball-super-dragon-super-goku-original-imafufqxxwxjmerv.jpeg | https://rukminim2.flixcart.com/image/kd1zngw0/cases-covers/back-cover/3/g/k/grafiqe-1909-pd1931f-ex-dragon-ball-super-dragon-super-goku-original-imafufqxucmnmgsf.jpeg | https://rukminim2.flixcart.com/image/kc29n680/cases-covers/back-cover/t/k/g/ashini-vijay-2901-419-original-imaft9xwbz6vfuhc.jpeg,7 Days Replacement Policy,Mobiles & Accessories,Mobile Accessories,Cases & Covers,Designer Cases & Covers,Mobiles & Accessories | Mobile Accessories | Cases & Covers | Designer Cases & Covers | GRAFIQE Designer Cases & Covers,,,,0,0,0,dea400ee-c992-5fbb-aab2-449e370756de,09/30/23
KAVYA,https://www.flipkart.com/hi/kavya-girls-printed-striped-fleece-t-shirt/p/itmc824373cb7761,itmc824373cb7761,https://www.flipkart.com/product/p/itmc824373cb7761,"1,349",INR,"₹2,398",43% off,True,,KAYU,3.8,,[],,https://rukminim2.flixcart.com/image/k33c4nk0pkrrdj/kids-t-shirt/c/v/x/6-7-years-multicolor-10700-28tgft0104-iw-kk-p3-m1-indiweaves-original-imafhkaz7hkyg7xv.jpeg | https://rukminim2.flixcart.com/image/k33c4nk0pkrrdj/kids-t-shirt/h/z/a/5-6-years-multicolor-10700-0528tgft081006-iw-kk-p5-m-indiweaves-original-imafhk3p37qxwx5f.jpeg | https://rukminim2.flixcart.com/image/k33c4nk0pkrrdj/kids-t-shirt/w/g/w/5-6-years-multicolor-10700-0628tgft110906-iw-kk-p5-m-indiweaves-original-imafh9z9fcmwj3jz.jpeg | https://rukminim2.flixcart.com/image/xif0q/kids-t-shirt/a/3/8/14-15-years-gft030408-iw-kk-p3-mti-fashions-original-imafkutnmmeg3fce.jpeg | https://rukminim2.flixcart.com/image/xif0q/kids-t-shirt/q/v/q/9-10-years-gft04-iw-kk-p1-mti-fashions-original-imafkutntqngyyez.jpeg,10 दिन की रिटर्न पॉलिसी,Clothing and Accessories,Topwear,T-shirts,Kids' T-shirts,Clothing and Accessories | Topwear | T-shirts | Kids' T-shirts | KAVYA Kids' T-shirts,,,,0,0,0,bc19c162-c565-5f4d-9cd6-d1e87879ade4,09/30/23
S9HUB Edge To Edge Screen Guard for 'S9 Noise ColorFit Qube Spo2  (Pack of 1),https://www.flipkart.com/hi/s9hub-edge-screen-guard-s9-noise-colorfit-qube-spo2/p/itm2d187618e38e8,itm2d187618e38e8,https://www.flipkart.com/product/p/itm2d187618e38e8,182,INR,₹499,63% off,True,"Air-bubble Proof, Anti Bacterial, Anti Fingerprint, Anti Glare, Anti Reflection, UV Protection, Washable | Smartwatch | Edge To Edge Screen Guard | Removable",BreakContinue,3.9,,[],,,वापसी नहीं होगी ,Wearable Smart Devices,Wearable Accessories,Smart Watch Screenguards,S9HUB Smart Watch Screenguards,Wearable Smart Devices | Wearable Accessories | Smart Watch Screenguards | S9HUB Smart Watch Screenguards,,,,0,0,0,b43f89ab-8571-556d-b7a9-037bc3f54320,09/30/23
"Maha Yantra  (English, Paperback, Sri Sai Venkatesh)",https://www.flipkart.com/hi/maha-yantra/p/itm2a87244167c7c,itm2a87244167c7c,https://www.flipkart.com/product/p/itm2a87244167c7c,278,INR,₹300,7% off,False,Language: English | Binding: Paperback | Publisher: Notion Press | Genre: Religion | ISBN: 9798886847215,BOOKNETZ,3.2,Sri Sai Venkatesh,"[{'Imprint': 'Notion Press'}, {'Height': '5 in'}, {'Length': '8 in'}, {'Weight': '190 gr'}]",Notion Press: Imprint | 5 in: Height | 8 in: Length | 190 gr: Weight,,7 Days Replacement Policy,,,,,,,,,0,0,0,c77ded6f-4648-5703-95d2-081cc2a7075c,09/30/23
"Ocean Zone Back Cover for Realme 2, Realme RMX1805  (Multicolor, Matte Finish)",https://www.flipkart.com/hi/ocean-zone-back-cover-realme-2-rmx1805/p/itmedbdac8025d36,itmedbdac8025d36,https://www.flipkart.com/product/p/itmedbdac8025d36,249,INR,₹899,72% off,False,Suitable For: Mobile | Material: Polycarbonate | Theme: No Theme | Type: Back Cover,CassiPro,3.1,"This premium back cover is an offering from Ocean Zone which is tailor made for your Realme 2 And Realme RMX1805. Ocean Zone Print Design Hard Back case provides protection by preventing your Mobile Phone from dust and unnecessary scratches. The Hard Case is reinforced from the proper edges,sides and back to prolong the life of your Mobile Phone. Hard Case with High class printing which is water & fade proof. Give A new style to your Phone with this designer cover from the house of ocean zone store. Made From Plastic, this solid back cover has a sturdy and attactive design.",[],,https://rukminim2.flixcart.com/image/xif0q/cases-covers/back-cover/c/x/a/realme2-0187-ocean-zone-original-imagjrf9ur3bp5a5.jpeg | https://rukminim2.flixcart.com/image/kbdz5ow0/cases-covers/back-cover/f/h/z/ghr-tech-world-onepl7t0129-original-imafsqu8gczsgzdb.jpeg | https://rukminim2.flixcart.com/image/kyt0ya80/cases-covers/back-cover/e/s/o/a6-mickey04-ocean-zone-original-imagayqwdg77cseu.jpeg | https://rukminim2.flixcart.com/image/kyt0ya80/cases-covers/back-cover/v/i/s/a6-mickey04-ocean-zone-original-imagayqwqzaczx2z.jpeg,7 Days Replacement Policy,Mobiles & Accessories,Mobile Accessories,Cases & Covers,Plain Cases & Covers,Mobiles & Accessories | Mobile Accessories | Cases & Covers | Plain Cases & Covers | Ocean Zone Plain Cases & Covers,,,,0,0,0,b9c8fbb5-e02d-530f-bcd7-6997b9dba654,09/30/23
"थेप्रोटेक्ट BMW BMW  के लिए कार कवर (मिरर पॉकेट्स के साथ)  (लाल, नीला, ग्रे)",https://www.flipkart.com/hi/theprotect-car-cover-bmw-x1-with-mirror-pockets/p/itm28184ce5f9b88,itm28184ce5f9b88,https://www.flipkart.com/product/p/itm28184ce5f9b88,993,INR,"₹2,999",66% off,True,"मिरर पॉकेट्स के साथ | पानी से बचाने वाला | मटेरियल: पॉलिएस्टर | टियर रेजिस्टेंट, UV किरणों से सुरक्षा, वाटर रेजिस्टेन्ट, मौसम प्रतिरोधी | यूनिवर्सल फिट",Eagle Auto,3.7,"प्रीमियम वाटर रेसिस्टेंट मटेरियल आपके वाहन को गीले, नम और धूल भरी क्लाइमेट परिस्थितियों से बचाता है। ट्रिपल स्टिचिंग का इस्तेमाल किया गया है जो बॉडी कवर को हाई स्ट्रेंथ सुनिश्चित करता है। बॉडी कवर बकल बेल्ट के बेस पर इलास्टिक फोल्ड करने में आसान है। हाई-परफॉर्मेंस स्मूथ फैब्रिक नैचुरली मॉइस्चर, फंगस का रेसिस्ट करता है और बासी गंध को बाहर निकालता है। हाई क्वालिटी वाले धागे कवर को टाइट और सुरक्षित रूप से सिलाई करने के लिए उपयोग किए जाते हैं। अपने वाहन को कूलर, ड्राई और डस्ट फ्री रखता है, यह क्लाइमेट कंडीशंस से अप्रभावित रहता है कवर टाई-डाउन UV स्टेबल मटेरियल के लिए रीइन्फोर्स्ड साइड ग्रॉममेट्स का उपयोग करता है। किसी भी अन्य रंग की मैटी और पैराशूट क्वालिटी से बेहतर है। नरम और टिकाऊ हाउस मैन्युफैक्चरिंग में। मिरर पॉकेट्स के साथ - आपकी कार के लिए परफेक्ट फिट। हाई ग्रेड पॉलीस्टर फैब्रिक का इस्तेमाल किया गया है। बॉडी कवर में बदलाव के लिए अपनी आवश्यकताओं का उल्लेख करने के लिए स्वतंत्र महसूस करें नोट: यह कार कवर वॉटर रेज़िस्टेंट है जिसका मतलब है कि यह पानी के प्रवेश को कुछ हद तक रोकने में सक्षम है लेकिन पूरी तरह से नहीं, कृपया इसके वाटरप्रूफ ग्रेड के संबंध में कोई नकारात्मक टिप्पणी स्वीकार नहीं की जाएगी।",[],,https://rukminim2.flixcart.com/image/jzog9e80/car-cover/x/h/m/21855-msr-store-original-imafdvfmfyh6w4ja.jpeg | https://rukminim2.flixcart.com/image/k5r2mq80/car-cover/m/r/z/rush-suv-2-xg-brand-original-imafdth7qwj9zefj.jpeg | https://rukminim2.flixcart.com/image/k5r2mq80/car-cover/m/r/z/rush-suv-2-xg-brand-original-imafdth7mtku9y2y.jpeg | https://rukminim2.flixcart.com/image/k5r2mq80/car-cover/m/q/z/10-xg-brand-original-imafctxbdtewnnhw.jpeg,7 Days Replacement Policy,,,,,,,,,0,0,0,a4ac9839-0953-5640-9fd3-f90b6c66a2f2,09/30/23
Cravation Back Cover for Redmi Note 9 Pro Max  (Multicolor),https://www.flipkart.com/cravation-back-cover-redmi-note-9-pro-max/p/itm5eab045fc0901,itm5eab045fc0901,https://www.flipkart.com/product/p/itm5eab045fc0901,239,INR,₹799,70% off,True,Suitable For: Mobile | Material: Polycarbonate | Theme: Animals/Birds/Nature | Type: Back Cover,ShowMancases,3.1,"Printed back cover and case specially designed for mi Redmi Note 9 Pro Max, Mi Redmi Note 9 Pro Max with Fine Matte print finishing with precision cutouts for all buttons and ports.",[],,https://rukminim2.flixcart.com/image/krz97rk0/cases-covers/back-cover/m/w/w/sub-rdmi-not-9-pro-73131-cravation-original-imag5naavy2mxwsp.jpeg | https://rukminim2.flixcart.com/image/k62i5jk0/cases-covers/back-cover/z/k/u/artage-sub-vio-v17-pro-52185-original-imafggzhvc8zwzh5.jpeg | https://rukminim2.flixcart.com/image/k62i5jk0/cases-covers/back-cover/z/k/u/artage-sub-vio-v17-pro-52185-original-imafggzjzpavkud4.jpeg,7 Days Replacement Policy,Mobiles & Accessories,Mobile Accessories,Cases & Covers,Designer Cases & Covers,Mobiles & Accessories | Mobile Accessories | Cases & Covers | Designer Cases & Covers | Cravation Designer Cases & Covers,India,Cases & Covers,,3.2,0,6,1bca685d-7335-5e90-86ec-85dc15ba26db,09/30/23
"Shivay Mobicase Back Cover for Samsung Galaxy F41  (Multicolor, Dual Protection, Silicon, Pack of: 1)",https://www.flipkart.com/hi/shivay-mobicase-back-cover-samsung-galaxy-f41/p/itm63c789df20a8e,itm63c789df20a8e,https://www.flipkart.com/product/p/itm63c789df20a8e,209,INR,₹799,73% off,True,Suitable For: Mobile | Material: Silicon | Theme: Quotes/Signs/Symbols | Type: Back Cover,A2zcase,4.3,"These mobile cases/covers are designed by ""Shivay Mobicase"" . This mobile cover prevent your smart phone from damages scratches, minor accidents and water spills. Our mobile cases comes with all new features such as amazing designs, light weight and best fit to your budget and high quality standards.Gives amazing look to your smart phone.","[{'Sales Package': '1 Back Cover'}, {'Model Number': 'SamF41633'}, {'Designed For': 'Samsung Galaxy F41'}, {'Brand Color': 'Multicolor'}, {'Pack of': '1'}, {'Certification': 'Shivay Mobicase'}, {'Other Features': 'Dust free , durable , stant proof, flexible,scratch proof ,shock proof ,'}]","1 Back Cover: Sales Package | SamF41633: Model Number | Samsung Galaxy F41: Designed For | Multicolor: Brand Color | 1: Pack of | Shivay Mobicase: Certification | Dust free , durable , stant proof, flexible,scratch proof ,shock proof ,: Other Features",https://rukminim2.flixcart.com/image/kh6lg280/cases-covers/back-cover/h/d/s/pinkcity-international-samf41633-original-imafx9eckvnpfkhg.jpeg | https://rukminim2.flixcart.com/image/kh6lg280/cases-covers/back-cover/h/d/s/pinkcity-international-samf41633-original-imafx9ecwb5tpbqv.jpeg | https://rukminim2.flixcart.com/image/kh6lg280/cases-covers/back-cover/h/d/s/pinkcity-international-samf41633-original-imafx9ecpczqbsmp.jpeg | https://rukminim2.flixcart.com/image/kh6lg280/cases-covers/back-cover/h/d/s/pinkcity-international-samf41633-original-imafx9ecrgzxmczw.jpeg | https://rukminim2.flixcart.com/image/keokpe80/cases-covers/back-cover/h/g/x/irc-store-vi-y55l-486-original-imafvakkcdfvdxh7.jpeg,7 Days Replacement Policy,Mobiles & Accessories,Mobile Accessories,Cases & Covers,Designer Cases & Covers,Mobiles & Accessories | Mobile Accessories | Cases & Covers | Designer Cases & Covers | Shivay Mobicase Designer Cases & Covers,,,,0,0,0,19e83335-517e-5e1e-a8c9-b6dcb1c77dde,09/30/23
"Zappy Back Cover for Apple iPhone 7  (Multicolor, Cases with Holder, Pack of: 1)",https://www.flipkart.com/zappy-back-cover-apple-iphone-7/p/itm5d75f140b507f,itm5d75f140b507f,https://www.flipkart.com/product/p/itm5d75f140b507f,245,INR,"₹1,199",79% off,True,Suitable For: Mobile | Material: Plastic | Theme: Patterns | Type: Back Cover,ZAPPY1,4,premium quality polycarbonate material which is durable and light weight that ensures sleek and compact look for your Mobile phone . Every Printed Designer Pouch is printed with precision and designed in a way that it perfectly fits onto the back of the mobile phone.,"[{'Sales Package': '1 BACK COVER'}, {'Model Number': 'SQUARE-HOLDER-IP7-9362'}, {'Designed For': 'Apple iPhone 7'}, {'Brand Color': 'Multicolor'}, {'Pack of': '1'}]",1 BACK COVER: Sales Package | SQUARE-HOLDER-IP7-9362: Model Number | Apple iPhone 7: Designed For | Multicolor: Brand Color | 1: Pack of,https://rukminim2.flixcart.com/image/kvtuxe80/cases-covers/back-cover/0/4/c/square-holder-ip8-9362-spbr-original-imag8nf4jp46hahc.jpeg | https://rukminim2.flixcart.com/image/ktq4l8w0/mobile-holder/u/j/q/stand-421-rotation-mobile-compatible-holder-grip-unskretchable-original-imag7ygcagz8egrt.jpeg | https://rukminim2.flixcart.com/image/ktq4l8w0/mobile-holder/n/a/s/stand-421-rotation-mobile-compatible-holder-grip-unskretchable-original-imag7ygcjz3vxntd.jpeg,7 Days Replacement Policy,Mobiles & Accessories,Mobile Accessories,Cases & Covers,Designer Cases & Covers,Mobiles & Accessories | Mobile Accessories | Cases & Covers | Designer Cases & Covers | Zappy Designer Cases & Covers,India,Cases & Covers,6-1-310khairatabad,0,0,0,9d5a8c88-d180-5aab-b19e-9bda31295c07,09/30/23
"KLC Back Cover for Redmi 9 Activ, Redmi 9, Redmi 9c  (Multicolor, Grip Case, Silicon, Pack of: 1)",https://www.flipkart.com/klc-back-cover-redmi-9-activ-9-9c/p/itmb02dc8d75b2c6,itmb02dc8d75b2c6,https://www.flipkart.com/product/p/itmb02dc8d75b2c6,219,INR,₹499,56% off,True,Suitable For: Mobile | Material: Silicon | Theme: Quotes/Signs/Symbols | Type: Back Cover,KLC COVER,4.1,"Redmi 9 Activ, Redmi 9, Redmi 9c Back Cover, the best Multicolor covers, This soft silicone Multicolor cover will protect and prevent your phone from scratches, damage and dust. The silicone cover is made from a lightweight tough strong high quality rubber/silicone material which will help you to keep your phone safe. It comes in smooth texture. This will not only look good on your phone but will protect it. This case will Style your mobile.","[{'Sales Package': '1 Back Cover'}, {'Model Number': 'Red-9Activ-JP3786'}, {'Designed For': 'Redmi 9 Activ, Redmi 9, Redmi 9c'}, {'Brand Color': 'Multicolor'}, {'Pack of': '1'}, {'Other Features': 'Back Cover, Dust free, washable, Fingerprints Free, Made of soft silicone which make it soft and durable.Access to All buttons, Controls & Ports easily, and without removing the skin.'}]","1 Back Cover: Sales Package | Red-9Activ-JP3786: Model Number | Redmi 9 Activ, Redmi 9, Redmi 9c: Designed For | Multicolor: Brand Color | 1: Pack of | Back Cover, Dust free, washable, Fingerprints Free, Made of soft silicone which make it soft and durable.Access to All buttons, Controls & Ports easily, and without removing the skin.: Other Features",https://rukminim2.flixcart.com/image/ktg4ia80/cases-covers/back-cover/4/d/o/red-9c-jp3786-fitestar-original-imag6seevkf4d43s.jpeg | https://rukminim2.flixcart.com/image/ktg4ia80/cases-covers/back-cover/1/t/l/red-9c-jp3786-fitestar-original-imag6seescajbzkh.jpeg | https://rukminim2.flixcart.com/image/ktg4ia80/cases-covers/back-cover/n/5/a/red-9c-jp3786-fitestar-original-imag6seej6uf2bru.jpeg | https://rukminim2.flixcart.com/image/ksoz53k0/cases-covers/back-cover/l/s/6/rel-r6pro-jp3786-bluezap-original-imag67hxuxgbb3zj.jpeg,7 Days Replacement Policy,Mobiles & Accessories,Mobile Accessories,Cases & Covers,Designer Cases & Covers,Mobiles & Accessories | Mobile Accessories | Cases & Covers | Designer Cases & Covers | KLC Designer Cases & Covers,India,Cases & Covers,,0,0,0,e2e26f51-cdb0-530a-b20d-5c18444ba27b,09/30/23
"Artcase Back Cover for Mi Redmi 6 pro  (Multicolor, Dual Protection, Silicon, Pack of: 1)",https://www.flipkart.com/hi/artcase-back-cover-mi-redmi-6-pro/p/itmffw37vkr36zsq,itmffw37vkr36zsq,https://www.flipkart.com/product/p/itmffw37vkr36zsq,198,INR,₹499,60% off,True,Suitable For: Mobile | Material: Silicon | Theme: Quotes/Signs/Symbols | Type: Back Cover,Artcase,4.4,"These Designs On The Cases Are Designed By ""Artcase"" This Designer Case Allows Easy Access To All Buttons Controls. This Cover Designer Case Cover Is Attractive, Comfortable, Light Weight And Has Unique Design It Perfectly Fit And Protects your Mobile. Easy To Install And Remove. High Quality Finished Case","[{'Sales Package': '1 Back Cover'}, {'Model Number': 'R6P-WC8441'}, {'Designed For': 'Mi Redmi 6 pro'}, {'Brand Color': 'Multicolor'}, {'Pack of': '1'}, {'Other Features': 'Dust free, washable, Fingerprints Free.Made of soft silicone which make it soft and durable.Access to All buttons, Controls & Ports easily, and without removing the skin.'}]","1 Back Cover: Sales Package | R6P-WC8441: Model Number | Mi Redmi 6 pro: Designed For | Multicolor: Brand Color | 1: Pack of | Dust free, washable, Fingerprints Free.Made of soft silicone which make it soft and durable.Access to All buttons, Controls & Ports easily, and without removing the skin.: Other Features",https://rukminim2.flixcart.com/image/juwzf680/cases-covers/back-cover/k/h/b/artcase-r6p-wc8441-original-imaffwkyqf3mwam2.jpeg | https://rukminim2.flixcart.com/image/juwzf680/cases-covers/back-cover/t/e/7/artcase-r6p-wc8292-original-imaffvvtzmtzawsx.jpeg,7 Days Replacement Policy,Mobiles & Accessories,Mobile Accessories,Cases & Covers,Designer Cases & Covers,Mobiles & Accessories | Mobile Accessories | Cases & Covers | Designer Cases & Covers | Artcase Designer Cases & Covers,,,,0,0,0,17713a50-99f9-56d3-90a0-08f5d7305291,09/30/23
"FIKORA Back Cover for Vivo V7+,1716, SHIV MAHAKAL PRINTED  (Multicolor, Hard Case, Pack of: 1)",https://www.flipkart.com/fikora-back-cover-vivo-v7-1716-shiv-mahakal-printed/p/itm4e784f630e425,itm4e784f630e425,https://www.flipkart.com/product/p/itm4e784f630e425,270,INR,₹999,72% off,True,Suitable For: Mobile | Material: Plastic | Theme: Religion/Festivals/Spiritual | Type: Back Cover,FIKORAENTERPRISES,3.3,"Stylish, Ultra Slim, Sleek and Light Weight Design Snap on Case Protect your phone from scratches and bumps,Image Full Wrap Finish (Side Edge & Corner) Tight and Firm fit for perfect grip and support. DIKRO Designer Printed Hard Back Case and Cover for Vivo V7+,1716,Mahakal,Om,Shiv,Shiv,ji,Bholenath,Angry,Shiv,Damru,Man,Lord,Shiva,Shiva,Trishool,Mahadev,Shankar,Shiv,om,namah,shivaya,Mahakal,546","[{'Sales Package': '1 DESIGNER PRINTED BACK COVER'}, {'Model Number': '1716-Mahakal-Om-Shiv-Shiv-ji-Bholenath-Angry-Shiv-Damru-Man-Lord-Shiva-Shiva-Trishool-Mahadev-Shankar-Shiv-om-namah-shivaya-Mahakal-546'}, {'Designed For': 'Vivo V7+,1716, SHIV MAHAKAL PRINTED'}, {'Brand Color': 'Multicolor'}, {'Pack of': '1'}, {'Other Features': 'Hard Case, Dual Protection, Designer Printed Back Cover, Plastic Cover, Full Mobile Protection'}]","1 DESIGNER PRINTED BACK COVER: Sales Package | 1716-Mahakal-Om-Shiv-Shiv-ji-Bholenath-Angry-Shiv-Damru-Man-Lord-Shiva-Shiva-Trishool-Mahadev-Shankar-Shiv-om-namah-shivaya-Mahakal-546: Model Number | Vivo V7+,1716, SHIV MAHAKAL PRINTED: Designed For | Multicolor: Brand Color | 1: Pack of | Hard Case, Dual Protection, Designer Printed Back Cover, Plastic Cover, Full Mobile Protection: Other Features",https://rukminim2.flixcart.com/image/kgjqefk0/cases-covers/back-cover/s/b/r/dikro-1803-mahakal-om-shiv-shiv-ji-bholenath-angry-shiv-damru-original-imafwrznek6mghmm.jpeg | https://rukminim2.flixcart.com/image/k6mibgw0/cases-covers/back-cover/2/m/h/wallcraft-lion-sky-galaxy-space-nature-colorful-1909-0354-original-imafzu5btpfj3xp8.jpeg | https://rukminim2.flixcart.com/image/k6mibgw0/cases-covers/back-cover/2/m/h/wallcraft-lion-sky-galaxy-space-nature-colorful-1909-0354-original-imafzu5bfhqhdjbg.jpeg | https://rukminim2.flixcart.com/image/k6mibgw0/cases-covers/back-cover/2/m/h/wallcraft-lion-sky-galaxy-space-nature-colorful-1909-0354-original-imafzsetkwqhs4gg.jpeg,7 Days Replacement Policy,Mobiles & Accessories,Mobile Accessories,Cases & Covers,Designer Cases & Covers,Mobiles & Accessories | Mobile Accessories | Cases & Covers | Designer Cases & Covers | FIKORA Designer Cases & Covers,India,Cases & Covers,,0,0,0,c0702269-6bba-59e7-9dc1-fae1c7892c4f,09/30/23
DFOR,https://www.flipkart.com/dfor-women-shapewear/p/itm404d69c4e9a76,itm404d69c4e9a76,https://www.flipkart.com/product/p/itm404d69c4e9a76,165,INR,₹599,72% off,True,,VARNI__ENTERPRISE,4.1,,[],,https://rukminim2.flixcart.com/image/l4zxn680/shapewear/5/q/j/m-sfh005-maa2-maarx-original-imagfrpx5zvgdays.jpeg | https://rukminim2.flixcart.com/image/l4zxn680/shapewear/k/h/h/m-sfh005-maa2-maarx-original-imagfrpxfsw9djmr.jpeg,No Returns Applicable,,,,,,India,Shapewears,PEARL FASHION,3.4,128,1361,9ea3a581-d252-56d6-b1a9-1c7587173c45,09/30/23
"RPSENTTERPR Waterproof Two Wheeler Cover for TVS  (Scooty Pep+, Black)",https://www.flipkart.com/hi/rpsenterpr-two-wheeler-cover-tvs/p/itm2fca4255171ec,itm2fca4255171ec,https://www.flipkart.com/product/p/itm2fca4255171ec,297,INR,"₹1,299",77% off,True,Strap Type: Belt | Made of Polyester | Compatible Vehicle Brands: TVS | Compatible Vehicle Models: Scooty Pep+,DeepShakshi,4,"Bike cover is made from best quality polyester,Tafta(Parachute) fabric material which is known for its high performance and durability, Nylon double threads used to stitch the cover tightly and securely., Protect Bike from Moisture, Dirt, Dust, Weather Extremes, Fading away from Sunlight, ScrFenderhing, Equipped with a buckle to secure the cover for an optimized fit, Very Light weight and easy to use and fold.",[],,https://rukminim2.flixcart.com/image/kk4c13k0/two-wheeler-cover/u/l/u/nblackbike2020-3740-scooty-pep-rpsenterpr-original-imafzj9kc9p63hz3.jpeg | https://rukminim2.flixcart.com/image/kfbfr0w0pkrrdj/bike-spare-parts-accessories/y/w/e/blac2020-67-cartwheel-original-imafvyavthwgfngx.jpeg | https://rukminim2.flixcart.com/image/kfmv9u80/two-wheeler-cover/y/t/n/ritiblack2020-217-flame-sr125-cartwheel-original-imafwfvqv45bnbyw.jpeg | https://rukminim2.flixcart.com/image/kfmv9u80/two-wheeler-cover/n/9/f/ritiblack2020-213-apache-rtr-180-cartwheel-original-imafwfwgwhn8vmc2.jpeg,7 Days Replacement Policy,Automotive Accessories,Vehicle Body Covers,Bike Body Covers,RPSENTTERPR Bike Body Covers,Automotive Accessories | Vehicle Body Covers | Bike Body Covers | RPSENTTERPR Bike Body Covers,,,,0,0,0,7df076dc-0b61-54f5-b5f6-09da8b0c1a1a,09/30/23
"Adi Creations Back Cover for Samsung Galaxy A20  (Multicolor, Pack of: 1)",https://www.flipkart.com/hi/adi-creations-back-cover-samsung-galaxy-a20/p/itm25d1b07063ec8,itm25d1b07063ec8,https://www.flipkart.com/product/p/itm25d1b07063ec8,240,INR,₹479,49% off,True,Suitable For: Mobile | Material: Plastic | Theme: Quotes/Signs/Symbols | Type: Back Cover,ADI CREATIONS,3.6,"Hard plastic printed case for mobiles, stylish with high durability. It adds style and perfectly fits on your phone. Wide range of designs to choose from.","[{'Sales Package': 'Mobile Back Cover'}, {'Model Number': 'SAM A20 -Quotes/Signs/Symbols-021'}, {'Designed For': 'Samsung Galaxy A20'}, {'Brand Color': 'Multicolor'}, {'Pack of': '1'}]",Mobile Back Cover: Sales Package | SAM A20 -Quotes/Signs/Symbols-021: Model Number | Samsung Galaxy A20: Designed For | Multicolor: Brand Color | 1: Pack of,https://rukminim2.flixcart.com/image/jz8qf0w0/cases-covers/back-cover/e/h/p/adi-creations-sam-a20-quotes-signs-symbols-021-original-imafjag6xy5kgh7r.jpeg | https://rukminim2.flixcart.com/image/k1pbpu80/cases-covers/back-cover/w/r/u/adi-creations-adi-c-oct-2019-a1-original-imafghchuffyk2p2.jpeg,7 Days Replacement Policy,Mobiles & Accessories,Mobile Accessories,Cases & Covers,Designer Cases & Covers,Mobiles & Accessories | Mobile Accessories | Cases & Covers | Designer Cases & Covers | Adi Creations Designer Cases & Covers,,,,0,0,0,f2611832-3cb8-5a76-ae7b-9acc71ecd3a3,09/30/23
"SPBR Back Cover for OPPO Reno 2z, Oppo Reno2 F  (Multicolor, Hard Case, Pack of: 1)",https://www.flipkart.com/spbr-back-cover-oppo-reno-2z-reno2-f/p/itm263562f442a0e,itm263562f442a0e,https://www.flipkart.com/product/p/itm263562f442a0e,236,INR,₹899,73% off,True,Suitable For: Mobile | Material: Polycarbonate | Theme: Patterns | Type: Back Cover,POPCASE,4,premium quality polycarbonate material which is durable and light weight that ensures sleek and compact look for your Mobile phone . Every Printed Designer Pouch is printed with precision and designed in a way that it perfectly fits onto the back of the mobile phone.,"[{'Sales Package': '1 BACK COVER'}, {'Model Number': '3DSM-OPR2Z-3782'}, {'Designed For': 'OPPO Reno 2z, Oppo Reno2 F'}, {'Brand Color': 'Multicolor'}, {'Pack of': '1'}]","1 BACK COVER: Sales Package | 3DSM-OPR2Z-3782: Model Number | OPPO Reno 2z, Oppo Reno2 F: Designed For | Multicolor: Brand Color | 1: Pack of",,7 Days Replacement Policy,Mobiles & Accessories,Mobile Accessories,Cases & Covers,Designer Cases & Covers,Mobiles & Accessories | Mobile Accessories | Cases & Covers | Designer Cases & Covers | SPBR Designer Cases & Covers,India,Cases & Covers,6-1-310 khairatabad,0,0,0,e18f55a8-545c-5520-803d-42b26c0b319e,09/30/23
"NDCOM Back Cover for Redmi Note 10 Lite Cat Love Printed  (Multicolor, Hard Case, Pack of: 1)",https://www.flipkart.com/ndcom-back-cover-redmi-note-10-lite-cat-love-printed/p/itm3a346608b19fc,itm3a346608b19fc,https://www.flipkart.com/product/p/itm3a346608b19fc,249,INR,₹799,68% off,False,Suitable For: Mobile | Material: Plastic | Theme: Animals/Birds/Nature | Type: Back Cover,NDCOM,3.5,"An attractive mobile cover that will make you look really cool & fashionable. Mobile back cover provides protection by preventing your mobile phone from dust and unnecessary scratches. It is made to fit perfect and gives the device its maximum protection. The case cover is reinforced from the proper edges, sides and back to prolong the life of your mobile phone. Besides its protection, it also has openings precisely made for the side buttons, charger port or dock connector, headset jack and speaker which allow you full access to all the functions on your device. It is the perfect case for protecting your phone from scratches.","[{'Sales Package': 'Printed Mobile Back Cover'}, {'Model Number': 'PC_MI_NOTE_10_LITE_5470'}, {'Designed For': 'Redmi Note 10 Lite Cat Love Printed'}, {'Brand Color': 'Multicolor'}, {'Pack of': '1'}, {'Other Features': 'Perfect Fit, Light Weight, Great grip anti slip, An attractive mobile cover that will make you look really cool & fashionable.'}]","Printed Mobile Back Cover: Sales Package | PC_MI_NOTE_10_LITE_5470: Model Number | Redmi Note 10 Lite Cat Love Printed: Designed For | Multicolor: Brand Color | 1: Pack of | Perfect Fit, Light Weight, Great grip anti slip, An attractive mobile cover that will make you look really cool & fashionable.: Other Features",https://rukminim2.flixcart.com/image/l3nco7k0/cases-covers/back-cover/k/8/q/pc-mi-note-10-lite-5470-ndcom-original-imageqd2ztbhhyzw.jpeg | https://rukminim2.flixcart.com/image/klscivk0/cases-covers/back-cover/6/p/s/pc-viv-y20g-2290-ndcom-original-imagytxynvbnjcsz.jpeg | https://rukminim2.flixcart.com/image/klscivk0/cases-covers/back-cover/v/p/w/pc-viv-y20g-2290-ndcom-original-imagytxygfzzvqbg.jpeg | https://rukminim2.flixcart.com/image/klscivk0/cases-covers/back-cover/w/z/j/pc-viv-y20g-2290-ndcom-original-imagytxysjybrxje.jpeg | https://rukminim2.flixcart.com/image/klscivk0/cases-covers/back-cover/h/i/w/pc-viv-y20g-2290-ndcom-original-imagytxye88fg68h.jpeg,7 Days Replacement Policy,Mobiles & Accessories,Mobile Accessories,Cases & Covers,Designer Cases & Covers,Mobiles & Accessories | Mobile Accessories | Cases & Covers | Designer Cases & Covers | NDCOM Designer Cases & Covers,India,Cases & Covers,,0,0,0,7a9413d6-bb44-5bf9-b744-3519a950bef8,09/30/23
"ROSSY Back Cover for Oppo A15, Oppo A15s  (Multicolor, Grip Case, Silicon, Pack of: 1)",https://www.flipkart.com/rossy-back-cover-oppo-a15-a15s/p/itm7c9572089c8e6,itm7c9572089c8e6,https://www.flipkart.com/product/p/itm7c9572089c8e6,217,INR,₹799,72% off,True,Suitable For: Mobile | Material: Silicon | Theme: Quotes/Signs/Symbols | Type: Back Cover,JPSSALS,4.1,"Oppo A15, Oppo A15s Back Cover, the best Multicolor covers, This soft silicone Multicolor cover will protect and prevent your phone from scratches, damage and dust. The silicone cover is made from a lightweight tough strong high quality rubber/silicone material which will help you to keep your phone safe. It comes in smooth texture. This will not only look good on your phone but will protect it. This case will Style your mobile.","[{'Sales Package': '1 Back Cover'}, {'Model Number': 'Real-A15-JP3544'}, {'Designed For': 'Oppo A15, Oppo A15s'}, {'Brand Color': 'Multicolor'}, {'Pack of': '1'}, {'Other Features': 'Back Cover, Dust free, washable, Fingerprints Free, Made of soft silicone which make it soft and durable.Access to All buttons, Controls & Ports easily, and without removing the skin.'}]","1 Back Cover: Sales Package | Real-A15-JP3544: Model Number | Oppo A15, Oppo A15s: Designed For | Multicolor: Brand Color | 1: Pack of | Back Cover, Dust free, washable, Fingerprints Free, Made of soft silicone which make it soft and durable.Access to All buttons, Controls & Ports easily, and without removing the skin.: Other Features",https://rukminim2.flixcart.com/image/ksw4ccw0/cases-covers/back-cover/p/9/e/real-a15-jp3544-nevyzap-original-imag6cpkxhh4veyv.jpeg | https://rukminim2.flixcart.com/image/ksw4ccw0/cases-covers/back-cover/1/b/n/real-a15-jp3544-nevyzap-original-imag6cpkckzw9zuu.jpeg | https://rukminim2.flixcart.com/image/ksw4ccw0/cases-covers/back-cover/1/q/w/real-a15-jp3544-nevyzap-original-imag6cpkppmsfyvg.jpeg | https://rukminim2.flixcart.com/image/ksoz53k0/cases-covers/back-cover/c/5/v/rel-r6pro-jp3544-bluezap-original-imag67hybzvdnndc.jpeg,7 Days Replacement Policy,Mobiles & Accessories,Mobile Accessories,Cases & Covers,Designer Cases & Covers,Mobiles & Accessories | Mobile Accessories | Cases & Covers | Designer Cases & Covers | ROSSY Designer Cases & Covers,India,Cases & Covers,,0,0,0,2ada80f4-5550-58e1-a201-ec31bb39838c,09/30/23
Worldlookenterprises Car Cover For Universal For Car (Without Mirror Pockets)  (Silver),https://www.flipkart.com/worldlookenterprises-car-cover-universal-without-mirror-pockets/p/itme89eea530ccff,itme89eea530ccff,https://www.flipkart.com/product/p/itme89eea530ccff,"1,169",INR,"₹2,999",61% off,True,Water Repellant | Material: Polyester | Weather Resistant | Universal Fit,Eagle Auto,3.7,,[],,,7 Days Replacement Policy,Automotive Accessories,Vehicle Body Covers,Car Body Covers,Worldlookenterprises Car Body Covers,Automotive Accessories | Vehicle Body Covers | Car Body Covers | Worldlookenterprises Car Body Covers,India,Car Cover,AscensionMarket,0,0,0,63a9aaa5-9f89-5d83-9554-7b15b7e91668,09/30/23
SareeBazzar,https://www.flipkart.com/hi/sareebazzar-floral-print-bollywood-georgette-saree/p/itm07807c4aa7f2b,itm07807c4aa7f2b,https://www.flipkart.com/product/p/itm07807c4aa7f2b,399,INR,"₹1,899",78% off,False,,SareeBazzar,3.3,,[],,https://rukminim2.flixcart.com/image/kzegk280/sari/9/p/c/free-kitket-linza-unstitched-original-imagbf9y5tbzmu5m.jpeg | https://rukminim2.flixcart.com/image/kzegk280/sari/f/e/2/free-kitket-linza-unstitched-original-imagbf9y79t72nhv.jpeg | https://rukminim2.flixcart.com/image/kzegk280/sari/r/2/k/free-kitket-linza-unstitched-original-imagbf9ywxst8zpr.jpeg | https://rukminim2.flixcart.com/image/kzegk280/sari/d/v/v/free-kitket-linza-unstitched-original-imagbf9yysyavdkb.jpeg,10 दिन की रिटर्न पॉलिसी,Clothing and Accessories,Sarees and Saree Essentials,Sarees,Women's Sarees,Clothing and Accessories | Sarees and Saree Essentials | Sarees | Women's Sarees | SareeBazzar Women's Sarees,,,,0,0,0,1bd1e7b2-b583-5fd0-878b-cbc10696f74a,09/30/23
"King Maker Back Cover for VIVO V5S  (Multicolor, Dual Protection, Silicon, Pack of: 1)",https://www.flipkart.com/king-maker-back-cover-vivo-v5s/p/itm30291a15953dd,itm30291a15953dd,https://www.flipkart.com/product/p/itm30291a15953dd,175,INR,₹999,82% off,True,Suitable For: Mobile | Material: Silicon | Theme: Patterns | Type: Back Cover,TIYAS SMART CASE,3.9,"Brand New Soft Designer Printed Case Express yourself by your phone and making it stand out. Many design and Prints in stock for your choice This Case keeps your PHONE safe and protected. Durable construction offers premium protection for side and back of your phone. Allows easy access to all buttons, controls and ports. KING MAKER is the manufacturer of the cover and print our own covers, And we Do not print the sides of the cover. So corners would always be transparent.","[{'Sales Package': '1 Back Cover'}, {'Model Number': 'VV-V5S-OV-545'}, {'Designed For': 'VIVO V5S'}, {'Brand Color': 'Multicolor'}, {'Pack of': '1'}, {'Certification': 'KING MAKER'}, {'Other Features': 'KING MAKER cases & covers have dust free,Washable,Fingerprints free,Made of soft silicone which make it soft and durable.Access to all buttons, Controls & Ports easily working ,and without removing the skin.'}]","1 Back Cover: Sales Package | VV-V5S-OV-545: Model Number | VIVO V5S: Designed For | Multicolor: Brand Color | 1: Pack of | KING MAKER: Certification | KING MAKER cases & covers have dust free,Washable,Fingerprints free,Made of soft silicone which make it soft and durable.Access to all buttons, Controls & Ports easily working ,and without removing the skin.: Other Features",https://rukminim2.flixcart.com/image/ktd9mkw0/cases-covers/back-cover/u/k/z/vio-ov-v5-545-nassion-original-imag6q27yj8qgezn.jpeg | https://rukminim2.flixcart.com/image/ktd9mkw0/cases-covers/back-cover/d/i/t/vio-ov-v5-545-nassion-original-imag6q27f2vfneyg.jpeg | https://rukminim2.flixcart.com/image/ktd9mkw0/cases-covers/back-cover/7/x/2/vio-ov-v5-545-nassion-original-imag6q273rjhrkc9.jpeg | https://rukminim2.flixcart.com/image/ktd9mkw0/cases-covers/back-cover/m/g/k/vio-ov-v5-545-nassion-original-imag6q27jc73gzfg.jpeg,7 Days Replacement Policy,Mobiles & Accessories,Mobile Accessories,Cases & Covers,Designer Cases & Covers,Mobiles & Accessories | Mobile Accessories | Cases & Covers | Designer Cases & Covers | King Maker Designer Cases & Covers,India,Cases & Covers,,0,0,0,3493e811-b429-5564-a0b3-33580d486db3,09/30/23
केनिल क्राफ्ट XL Tear Drop (बीन्स के बिना)  (नीला),https://www.flipkart.com/hi/cclassique-xl-tear-drop-bean-bag-cover-without-beans/p/itm5f946a3cc54b8,itm5f946a3cc54b8,https://www.flipkart.com/product/p/itm5f946a3cc54b8,499,INR,₹999,50% off,True,ऊँचाई_38 इंच | चौड़ाई_24 इंच | मटेरियल_लेदरइटी | अट्रैक्टिव,AmazingFashionWorld7,4.4,"एक मिनट के लिए सोचो! आराम, काम करने और समाज बनाने के बीच एक चीज क्या आम है? इसके बारे में सोचें। क्या आपने सही अनुमान लगाया है। यह एक बीन बैग है। क्लासिक बीन बैग्स हर किसी के घर के लिए ""I"" पर डॉट की तरह हैं। आपके पास हमेशा वे पल होते हैं जिन्हें आप कुछ भी नहीं करने के लिए एक अतिरिक्त उपयोग कर सकते हैं। चाहे आप इसे अपने दर्द वाले पीठ का समर्थन करने के लिए उपयोग करें या अपने बच्चे को टेलीविजन के सामने रखने के लिए, क्लासिक बीन बैग हमेशा पॉइंट पर होते हैं। इसे ट्विस्ट करें, इसे टर्न करें, इसे चारों ओर टॉस करें या इसे एक कोने में सुरक्षित और साउंड में पार्क करें। क्लासिक न केवल आरामदायक है। लेकिन बैठने में भी मज़ा आता है! चाहे आप करीबी दोस्तों के साथ ड्रिंक का आनंद ले रहे हों, TV पर पसंदीदा शो देख रहे हों, या बच्चों को सोने की कहानी पढ़ रहे हों क्लासिक बीन बैग बैठने और स्नग होने के लिए एक अद्भुत जगह है। क्लासिक ने इस 6 पैनल आलीशान डिजाइन टीयरड्रॉप बीन बैग को विशिष्ट रूप से इंजीनियर किया है। बीन्स के साथ यह बीन बैग आपके आराम के अनुभव को बढ़ाने के लिए एक स्ट्रक्चर्ड बैक और एक्सटेंडेड नेक सपोर्ट प्रदान करने के लिए डिज़ाइन किया गया है जिससे आप शुद्ध आराम और लक्जरी में आराम कर सकते हैं। एक साइज़ फिट बैठता है सब एक पास है। आरामदायक में सभी के लिए एक है। रिसर्च के वर्षों में आरामदायक ने एक स्टैण्डर्ड को डिफाइन किया है जो आपको अपने बीन बैग को खरीदने में मदद करेगा जो आपकी आवश्यकता के अनुसार फिट बैठता है। क्लासिक बीन बैग हाई क्वालिटी वाले रॉ मटेरियल, प्रीमियम ज़िपर और हैंड सेलेक्टेड लेदरेट (जिसे फॉक्स लेदर या आर्टिफिशियल लेदर भी कहा जाता है) के साथ बनाया गया है जो मैक्सिमम स्ट्रेंथ और ड्यूरेबिलिटी के लिए डबल स्टिच्ड है।","[{'Brand': 'Cclassique'}, {'Model Number': 'fabcla_28'}, {'Size': 'XL'}, {'Brand Color': 'Royal Blue'}, {'Type': 'Tear Drop'}, {'Color': 'Blue'}, {'Beans Required': '1.25 kg'}, {'Fastening Mechanism': 'Zipper with Velcro'}, {'Material': 'Leatherette'}, {'Maximum Load Capacity': '80 kg'}, {'Waterproof': 'No'}, {'Seating Type': 'Single Seating'}, {'Washable': 'No'}, {'Care Instructions': 'Spot clean with damp clothes'}, {'Width': '24 inch'}, {'Height': '38 inch'}, {'Weight': '0.9 kg'}]",Cclassique: Brand | fabcla_28: Model Number | XL: Size | Royal Blue: Brand Color | Tear Drop: Type | Blue: Color | 1.25 kg: Beans Required | Zipper with Velcro: Fastening Mechanism | Leatherette: Material | 80 kg: Maximum Load Capacity | No: Waterproof | Single Seating: Seating Type | No: Washable | Spot clean with damp clothes: Care Instructions | 24 inch: Width | 38 inch: Height | 0.9 kg: Weight,https://rukminim2.flixcart.com/image/jc6jl3k0/bean-bag-cover/h/z/a/xxxl-fabuscmfy27-fabus-india-original-imaffa2fjfrb3xrd.jpeg | https://rukminim2.flixcart.com/image/k0463rk0/bean-bag-cover/9/y/b/xl-fabcla-28-cclassique-original-imafjzcqt3cesmb6.jpeg | https://rukminim2.flixcart.com/image/jc299jk0/bean-bag-cover/m/3/a/xxl-fabcla-26-cclassique-original-imaff9pk3f6yzzhd.jpeg,10 दिन की रिटर्न पॉलिसी,,,,,,,,,3.5,0,28,973f6d49-f922-5a93-80f7-b0d88cad09ee,09/30/23
"JATLAND Back Cover for Vivo Y21 2021  (Multicolor, Grip Case, Silicon, Pack of: 1)",https://www.flipkart.com/hi/jatland-back-cover-vivo-y21-2021/p/itm18f317cc3552c,itm18f317cc3552c,https://www.flipkart.com/product/p/itm18f317cc3552c,219,INR,₹499,56% off,True,Suitable For: Mobile | Material: Silicon | Theme: Quotes/Signs/Symbols | Type: Back Cover,JPSSALS,4.1,"Designer Cover gives you Vivo Y21 2021 Back Cover, the best Multicolor covers, This soft silicone Multicolor cover will protect and prevent your phone from scratches, damage and dust. The silicone cover is made from a lightweight tough strong high quality rubber/silicone material which will help you to keep your phone safe. It comes in smooth texture. This will not only look good on your phone but will protect it. This case will Style your mobile.","[{'Sales Package': '1 Back Cover'}, {'Model Number': 'Vi-Y21(21)-JP3338'}, {'Designed For': 'Vivo Y21 2021'}, {'Brand Color': 'Multicolor'}, {'Pack of': '1'}, {'Other Features': 'Back Cover, Dust free, washable, Fingerprints Free, Made of soft silicone which make it soft and durable.Access to All buttons, Controls & Ports easily, and without removing the skin.'}]","1 Back Cover: Sales Package | Vi-Y21(21)-JP3338: Model Number | Vivo Y21 2021: Designed For | Multicolor: Brand Color | 1: Pack of | Back Cover, Dust free, washable, Fingerprints Free, Made of soft silicone which make it soft and durable.Access to All buttons, Controls & Ports easily, and without removing the skin.: Other Features",https://rukminim2.flixcart.com/image/ksru0sw0/cases-covers/back-cover/o/w/i/cel-y21-21-jp3338-nowadays-original-imag69mxzpyqndgc.jpeg | https://rukminim2.flixcart.com/image/ksru0sw0/cases-covers/back-cover/u/e/q/cel-y21-21-jp3338-nowadays-original-imag69mxdgdtxuqv.jpeg | https://rukminim2.flixcart.com/image/ksru0sw0/cases-covers/back-cover/w/k/c/cel-y21-21-jp3338-nowadays-original-imag69mxyhbgkchy.jpeg | https://rukminim2.flixcart.com/image/kjabs7k0-0/cases-covers/back-cover/f/k/k/jp-a2c-jp2682-vitaro-original-imafyvwgguywyv5f.jpeg,7 Days Replacement Policy,Mobiles & Accessories,Mobile Accessories,Cases & Covers,Designer Cases & Covers,Mobiles & Accessories | Mobile Accessories | Cases & Covers | Designer Cases & Covers | JATLAND Designer Cases & Covers,,,,0,0,0,87a79115-97c8-5bcf-9bb0-aca0929c75cd,09/30/23
"SSMORYA Back Cover for Vivo Z1 Pro  (Multicolor, Waterproof, Pack of: 1)",https://www.flipkart.com/hi/ssmorya-back-cover-vivo-z1-pro/p/itm78e904ab7e561,itm78e904ab7e561,https://www.flipkart.com/product/p/itm78e904ab7e561,208,INR,₹999,79% off,True,Suitable For: Mobile | Material: Plastic | Theme: Automobiles | Type: Back Cover,KARANMUSIC,3,"Vivo Z1 Pro Back Cover by SSMORYA Stylish, Ultra Slim, Sleek and Light Weight Design Snap on Case Protect your phone from scratches and bumps,Image Full Wrap Finish (Side Edge & Corner) Tight and Firm fit for perfect grip and support.","[{'Sales Package': '1 Designer Back Cover For Vivo Z1 Pro'}, {'Model Number': 'JPR-V1951/PD1911F_EX-0752'}, {'Designed For': 'Vivo Z1 Pro'}, {'Brand Color': 'Royal enfield, Classic, Black, Royal, Bike, Stealth'}, {'Pack of': '1'}, {'Other Features': 'Hard Case, Dual Protection'}, {'Warranty Service Type': 'Replacement'}, {'Warranty Summary': '10 Days Replacement Warranty'}, {'Covered in Warranty': 'Warranty of the product is limited to manufacturing defects only'}, {'Not Covered in Warranty': 'Warranty does not cover any external accessories, damage caused to the product due to improper installation by customer, normal wear and tear .'}]","1 Designer Back Cover For Vivo Z1 Pro: Sales Package | JPR-V1951/PD1911F_EX-0752: Model Number | Vivo Z1 Pro: Designed For | Royal enfield, Classic, Black, Royal, Bike, Stealth: Brand Color | 1: Pack of | Hard Case, Dual Protection: Other Features | Replacement: Warranty Service Type | 10 Days Replacement Warranty: Warranty Summary | Warranty of the product is limited to manufacturing defects only: Covered in Warranty | Warranty does not cover any external accessories, damage caused to the product due to improper installation by customer, normal wear and tear .: Not Covered in Warranty",https://rukminim2.flixcart.com/image/k3ahbww0/cases-covers/back-cover/k/7/u/ssmorya-jpr-v1951-pd1911f-ex-0752-original-imafmfyfed8ag5sz.jpeg | https://rukminim2.flixcart.com/image/k3ahbww0/cases-covers/back-cover/g/2/c/ssmorya-jpr-v1951-pd1911f-ex-0147-original-imafdeqrz2hhtgwj.jpeg | https://rukminim2.flixcart.com/image/k3ahbww0/cases-covers/back-cover/g/2/c/ssmorya-jpr-v1951-pd1911f-ex-0147-original-imafdeqrg6afvyw7.jpeg | https://rukminim2.flixcart.com/image/k3ahbww0/cases-covers/back-cover/2/j/y/ssmorya-jpr-v1951-pd1911f-ex-0424-original-imafdeqrxybch8z6.jpeg,7 Days Replacement Policy,Mobiles & Accessories,Mobile Accessories,Cases & Covers,Designer Cases & Covers,Mobiles & Accessories | Mobile Accessories | Cases & Covers | Designer Cases & Covers | SSMORYA Designer Cases & Covers,,,,0,0,0,5710acb2-c5f1-5dcf-9a1c-a02cf83aeea3,09/30/23
Analog Watch  - For Women,https://www.flipkart.com/analog-watch-women/p/itm9d124a4cf7a48,itm9d124a4cf7a48,https://www.flipkart.com/product/p/itm9d124a4cf7a48,343,INR,₹492,30% off,False,,Prathamshop,3.8,,"[{'Display Type': 'Analog'}, {'Style Code': 'New Fancy chain Watch Girls And Women - GM219'}, {'Occasion': 'Casual, Formal'}, {'Watch Type': 'Wrist Watch'}, {'Pack of': '1'}, {'Sales Package': '1 Watch'}, {'Mechanism': 'Quartz'}, {'Strap Material': 'Metal Strap'}, {'Strap Type': 'Linked'}, {'Case/Bezel Material': 'Stainless Steel Case'}, {'Power Source': 'Battery Powered'}, {'Clasp Type': 'Buckle'}, {'Box Material': 'Cardboard'}, {'Thickness': '7 mm'}, {'Diameter': '42 mm'}, {'Weight': '100 g'}, {'Warranty Service Type': 'Off Site Warranty - Customer will Need to send the Defected Product to the Surat Head Office and the replaced Product will be sent back to customer.'}]","Analog: Display Type | New Fancy chain Watch Girls And Women - GM219: Style Code | Casual, Formal: Occasion | Wrist Watch: Watch Type | 1: Pack of | 1 Watch: Sales Package | Quartz: Mechanism | Metal Strap: Strap Material | Linked: Strap Type | Stainless Steel Case: Case/Bezel Material | Battery Powered: Power Source | Buckle: Clasp Type | Cardboard: Box Material | 7 mm: Thickness | 42 mm: Diameter | 100 g: Weight | Off Site Warranty - Customer will Need to send the Defected Product to the Surat Head Office and the replaced Product will be sent back to customer.: Warranty Service Type",https://rukminim2.flixcart.com/image/knoxnrk0/watch/q/e/w/new-tread-chain-watch-for-girls-and-women-gm219-neutron-original-imag2by7ttyzckr5.jpeg | https://rukminim2.flixcart.com/image/knoxnrk0/watch/6/o/4/new-tread-chain-watch-for-girls-and-women-gm219-neutron-original-imag2by7nrw4apcb.jpeg | https://rukminim2.flixcart.com/image/knoxnrk0/watch/i/t/d/new-tread-chain-watch-for-girls-and-women-gm219-neutron-original-imag2by79zztfwp7.jpeg,3 Days Return Policy,Watches,Wrist Watches,NEUTRON Wrist Watches,Analog Watch  - For Women,Watches | Wrist Watches | NEUTRON Wrist Watches,India,Shopsy Watch,,0,0,0,c9a718fe-ec4e-5a0d-ab45-9ee0274c2e71,09/30/23
"Case Club Back Cover for oppo a15s  (Orange, Black, Grip Case, Silicon, Pack of: 1)",https://www.flipkart.com/case-club-back-cover-oppo-a15s/p/itm02a6f67d97b83,itm02a6f67d97b83,https://www.flipkart.com/product/p/itm02a6f67d97b83,179,INR,₹799,77% off,True,Suitable For: Mobile | Material: Silicon | Theme: Famous Personalities | Type: Back Cover,SmartRetailAuthorized,3.6,"Case Club Back Cover for Oppo A15, Experience hybrid technology that packs advanced drop protection in a single layer. The Ultra Hybrid combines a shock-absorbing flexible bumper with a rigid back to maximize defensive features. Take the Ultra Hybrid to another level by adding personality with personalized items to flaunt with the device.","[{'Sales Package': '1'}, {'Model Number': 'OPA15-331'}, {'Designed For': 'oppo a15s'}, {'Brand Color': 'Orange, Black'}, {'Pack of': '1'}]","1: Sales Package | OPA15-331: Model Number | oppo a15s: Designed For | Orange, Black: Brand Color | 1: Pack of",https://rukminim2.flixcart.com/image/kh5607k0/cases-covers/back-cover/5/m/u/case-club-opa15-331-original-imafx7gyesvcwgbu.jpeg | https://rukminim2.flixcart.com/image/kh5607k0/cases-covers/back-cover/5/m/u/case-club-opa15-331-original-imafx7gy3sqzgnfn.jpeg | https://rukminim2.flixcart.com/image/kh5607k0/cases-covers/back-cover/5/m/u/case-club-opa15-331-original-imafx7gy5wspmseu.jpeg,7 Days Replacement Policy,Mobiles & Accessories,Mobile Accessories,Cases & Covers,Designer Cases & Covers,Mobiles & Accessories | Mobile Accessories | Cases & Covers | Designer Cases & Covers | Case Club Designer Cases & Covers,India,Cases & Covers,,0,0,0,02284e58-810d-52ed-a147-aba715608812,09/30/23
"A Literature history Paradigms in Michel Foucaults Literary Theory  (English, Hardcover, Rai Sunil K.)",https://www.flipkart.com/literature-history-paradigms-michel-foucaults-literary-theory/p/itm80f9501120a05,itm80f9501120a05,https://www.flipkart.com/product/p/itm80f9501120a05,287,INR,₹350,18% off,False,"Language: English | Binding: Hardcover | Publisher: Adhyayan Publishers & Distributors | Genre: Literary Criticism | ISBN: 9788189161767, 9788189161767 | Pages: 151",NehaPublishers,2.8,Rai Sunil K.,[],,,7 Days Replacement Policy,,,,,,India,Books,9788189161767,0,0,0,aa30efdd-0d15-5199-8265-7431dff9a118,09/30/23
craft maniacs 2023 ZORO DIARIES A5 Notebook RULED 160 Pages  (Multicolor),https://www.flipkart.com/hi/craft-maniacs-2023-zoro-diaries-a5-notebook-ruled-160-pages/p/itm388f9764ae9dc,itm388f9764ae9dc,https://www.flipkart.com/product/p/itm388f9764ae9dc,229,INR,₹499,54% off,False,A5 | 160 Pages | RULED | Spiral Bound | Designer,CRAFTMANIAC9686349208,3.7,"CRAFT MANIACS ZORO ONE PIECE A5 DIARY + KEYCHAIN.
 Each diary contains a spiral diary is A5 in size , contains ruled pages which are 100 GSM strong, has matt lamination and comes with a plastic sheet front & back to protect the cover of the diary. Made & designed with utmost love by an expert special edition diary is a multipurpose diary which can be used for jotting down notes, as a planner, as a fan book, as a journal or what not. Make your creativity run wild by choosing your favorite boy band on top of your journal.CRAFT MANIACS is an all women run small business, so please support LOCAL MADE IN INDIA products and be VOCAL about us",[],,https://rukminim2.flixcart.com/image/xif0q/diary-notebook/p/c/h/zoro-one-piece-a5-ruled-160-pages-notebook-zoro-five-comic-a5-original-imagpn2g96qzw5g3.jpeg | https://rukminim2.flixcart.com/image/xif0q/diary-notebook/p/x/x/zoro-one-piece-a5-ruled-160-pages-notebook-zoro-five-comic-a5-original-imagpn2g8wmfv7tj.jpeg | https://rukminim2.flixcart.com/image/l4iscy80/diary-notebook/b/i/n/bts-crew-a6-diary-set-free-bts-wooden-keychain-for-army-bts-crew-original-imagfetyp6dckmah.jpeg | https://rukminim2.flixcart.com/image/l4iscy80/diary-notebook/w/m/u/bts-crew-a6-diary-set-free-bts-wooden-keychain-for-army-bts-crew-original-imagfetyey92y4vh.jpeg | https://rukminim2.flixcart.com/image/l4iscy80/diary-notebook/s/j/4/bts-crew-a5-160-ruled-pages-diary-free-bts-wooden-keychain-for-original-imagfet5weg7v7sw.jpeg,7 Days Replacement Policy,Pens & Stationery,Diaries & Notebooks,Notebooks,Designer,Pens & Stationery | Diaries & Notebooks | Notebooks | Designer | craft maniacs Designer,,,,0,0,0,055a2233-f00d-5dec-95cf-368e6b32739c,09/30/23
Auto Age Two Wheeler Cover for Yamaha  (Blue),https://www.flipkart.com/auto-age-two-wheeler-cover-yamaha/p/itm3a08954c71135,itm3a08954c71135,https://www.flipkart.com/product/p/itm3a08954c71135,449,INR,₹699,35% off,True,"Strap Type: Belt, Buckle | Made of Polyester | Compatible Vehicle Brands: Yamaha | Compatible Vehicle Models: Universal For Bike",DeepShakshi,4,"Bike body cover for Yamaha RZ Cover provides enhanced shielding to your vehicle against Moisture, Dirt, Dust, Weather Extremes, Fading Away From Sunlight, Scratching. Protect The Internal Engine Parts From Dust. It guards the painted or leather from UV rays. Suitable for all weather conditions, easy to handle Five Thread Stitching is Used which ensures high strength to the body cover. Bike Body Cover along with Buckle belt helps to hold cover in strong wind.Fine Quality Threads used to stitch the cover tight and securely. Keeps your vehicle cool and dust free, it remains unaffected by climatic conditions. Bike cover is with With Mirror Pockets - Perfect Fit for your Bike/Scooty. This Cover Size Is good Enough to Cover Your Two Wheeler Body.",[],,,7 Days Replacement Policy,Automotive Accessories,Vehicle Body Covers,Bike Body Covers,Auto Age Bike Body Covers,Automotive Accessories | Vehicle Body Covers | Bike Body Covers | Auto Age Bike Body Covers,India,Two Wheeler Cover,deepshakshiindia,0,0,0,dac0a3a0-9656-501e-a175-2a9c2951c213,09/30/23
Shifa Crafts Pendants Ceiling Lamp  (Black),https://www.flipkart.com/hi/shifa-crafts-pendants-ceiling-lamp/p/itmf0feb616ad733,itmf0feb616ad733,https://www.flipkart.com/product/p/itmf0feb616ad733,"1,799",INR,"₹2,499",28% off,False,"Material: Wood, Plastic, Metal | Cord Length: 10 cm | Light Used: CFL, LED | 4 Bulbs",Shifa bangles,,"Let your guests admire your rich taste in home decor accessories from the latest collection of Shifa Crafts. Made from a premium quality material, this lamp can be used purely as a charming decorative piece. This amazingly beautiful lighting option has been created with quality and utility. In addition, its lovely structure will surely attract a lot of onlookers. Further, this pretty lamp will enrich the look of any space giving it a visually delightful approach. Invest in this lamp and make your plush home a prettier one.","[{'Sales Package': '4 Wall Lamp, 4 Cable Connector, 8 Screws'}, {'Brand': 'Shifa Crafts'}, {'Model Number': 'Shi_half box_ceiling_Black51(PO4)'}, {'Brand Color': 'Black'}, {'Type': 'Pendants'}, {'Number of Bulb': '4'}, {'Material': 'Wood, Plastic, Metal'}, {'Color': 'Black'}, {'Bulb Included': 'No'}, {'Light Used': 'CFL, LED'}, {'Assembly Required': 'No'}, {'Net Quantity': '1'}, {'Width': '10 cm'}, {'Length': '18 cm'}, {'Cord Length': '10 cm'}, {'Weight': '1.4 kg'}]","4 Wall Lamp, 4 Cable Connector, 8 Screws: Sales Package | Shifa Crafts: Brand | Shi_half box_ceiling_Black51(PO4): Model Number | Black: Brand Color | Pendants: Type | 4: Number of Bulb | Wood, Plastic, Metal: Material | Black: Color | No: Bulb Included | CFL, LED: Light Used | No: Assembly Required | 1: Net Quantity | 10 cm: Width | 18 cm: Length | 10 cm: Cord Length | 1.4 kg: Weight",https://rukminim2.flixcart.com/image/kfoapow0/ceiling-lamp/7/s/j/goj-half-box-ceiling-black51-po4-gojeeva-original-imafw39zdhghhdhg.jpeg | https://rukminim2.flixcart.com/image/kfoapow0/ceiling-lamp/2/b/g/ggg-half-box-ceiling-black51-gojeeva-original-imafw2e9ehgvsqhh.jpeg | https://rukminim2.flixcart.com/image/kfoapow0/ceiling-lamp/2/b/g/ggg-half-box-ceiling-black51-gojeeva-original-imafw2e9aqyvfqgh.jpeg | https://rukminim2.flixcart.com/image/kfoapow0/ceiling-lamp/2/b/g/ggg-half-box-ceiling-black51-gojeeva-original-imafw2e9attxk4yc.jpeg | https://rukminim2.flixcart.com/image/kfoapow0/ceiling-lamp/2/b/g/ggg-half-box-ceiling-black51-gojeeva-original-imafw2e9afzpvrn3.jpeg,7 Days Return Policy,Home Lighting,Decor lighting & Accessories,Ceiling Lamps,Shifa Crafts Ceiling Lamps,Home Lighting | Decor lighting & Accessories | Ceiling Lamps | Shifa Crafts Ceiling Lamps,,,,0,0,0,79005432-0906-5335-9ed3-e5b5c0c2a517,09/30/23
"Blossom Trendz Two Wheeler Cover for TVS  (Victor New, Orange)",https://www.flipkart.com/blossom-trendz-two-wheeler-cover-tvs/p/itmf4zf7fgjmzhzc,itmf4zf7fgjmzhzc,https://www.flipkart.com/product/p/itmf4zf7fgjmzhzc,426,INR,₹499,14% off,True,Strap Type: Strap | Made of Nylon | Compatible Vehicle Brands: TVS | Compatible Vehicle Models: Victor New,MadeInHindustan,3.3,"If you are looking for strong, effective and all weather BIKE covers for your vehicle, this is the right product.

This the custom-fit BIKE covers are very tough and long lasting.

All-weather BIKE covers are designed to protect your vehicle against harsh outdoor conditions.Our special BIKE covers are used to preserve a vehicle's paint and to safeguard it from dings, dents and dust.These BIKE covers fit your vehicle with style and precision.

Features:- High Quality imported Fabric.- Water-resistant. All Weather Protects from Dust, Dents and Dings- UV Ray protection (UV rays cause paint fading).- Very light and easily handled.

- Matches body profile perfectly. Clamp mechanism. Elegant Multicolour . Premium fabric out-performs any other expensive / branded vehicle cover. It protects your vehicle against wet, humid and dusty climatic conditions. Hi-performance fabric naturally resists moisture, fungus and expels stale odour. Ultrasonic welding seals seams tight and securely (other covers use common thread) Keeps your vehicle cooler, dry and dust free, it remains unaffected by climatic conditions Uses reinforced side grommets for cover tie-down UV stable materials ensure a long life.","[{'Sales Package': '1 Bike Cover'}, {'Model Number': 'TVS Victor New Bike Cover Orange'}, {'Durability': 'Water Resistant'}, {'Cover Area': 'Full Body Cover'}, {'Weight': '350 g'}, {'Warranty Summary': 'TVS Victor New Full Body Cover Orange'}]",1 Bike Cover: Sales Package | TVS Victor New Bike Cover Orange: Model Number | Water Resistant: Durability | Full Body Cover: Cover Area | 350 g: Weight | TVS Victor New Full Body Cover Orange: Warranty Summary,https://rukminim2.flixcart.com/image/jgtq3rk0/two-wheeler-cover/r/s/h/for-kawasaki-ninja-300-bike-cover-orange-blossom-trendz-original-imaf4zdfsyaynhch.jpeg | https://rukminim2.flixcart.com/image/jgtq3rk0/two-wheeler-cover/r/s/h/for-kawasaki-ninja-300-bike-cover-orange-blossom-trendz-original-imaf4zdfvb3mtajd.jpeg,7 Days Replacement Policy,Automotive Accessories,Vehicle Body Covers,Bike Body Covers,Blossom Trendz Bike Body Covers,Automotive Accessories | Vehicle Body Covers | Bike Body Covers | Blossom Trendz Bike Body Covers,India,Two Wheeler Cover,,0,0,0,6d87fb64-dde0-5f56-ab56-a881976a4e56,09/30/23
Zopli,https://www.flipkart.com/hi/zopli-women-hipster-multicolor-panty/p/itm31a153d3650a5,itm31a153d3650a5,https://www.flipkart.com/product/p/itm31a153d3650a5,198,INR,₹499,60% off,True,,Kgn Trader,4.3,,[],,https://rukminim2.flixcart.com/image/kw6pw280/panty/w/q/0/m-3-plain-body-best-original-imag8xftqynfqtgj.jpeg | https://rukminim2.flixcart.com/image/l1s6z680/panty/z/l/n/xl-hipster-multicolor-formal-panty-panties-for-women-and-girls-original-imagd9k4ghfjf3ek.jpeg,वापसी नहीं होगी ,Clothing and Accessories,Innerwear and Swimwear,Panties,Women's Panties,Clothing and Accessories | Innerwear and Swimwear | Panties | Women's Panties | Zopli Women's Panties,,,,0,0,0,60024a65-5aa5-56e4-bce4-7f098b7cedc7,09/30/23
"zocket 250 TC सिल्क फ्लोरल बेडशीट  (1 का पैक, मल्टीकलर)",https://www.flipkart.com/hi/zocket-250-tc-silk-double-floral-flat-bedsheet/p/itm7b9af1ef49efb,itm7b9af1ef49efb,https://www.flipkart.com/product/p/itm7b9af1ef49efb,331,INR,₹997,66% off,False,फ्लैट (L x W): 254 cm x 228 cm | मटेरियल: सिल्क | शामिल हैं: बेडशीट की संख्या: 1 | थ्रेड कॉउंट: 250 | रंग: मल्टीकलर,VIDHYAHEANDLOOM,3.3,वुलेन बेडशीट साइज़ 90X100,"[{'Sales Package': '1 Bedsheet 2 Pillow cover'}, {'Number of Bedsheets': '1'}, {'Brand': 'zocket'}, {'Color': 'Multicolor'}, {'Type': 'Flat'}, {'Size': 'Double'}, {'Material': 'Silk'}, {'Thread Count': '250'}, {'Model Name': 'WOOLEN BEDSHEET'}, {'Model ID': 'WOOLEN BEDSHEET 5'}, {'Machine Washable': 'Yes'}, {'Ideal for': 'Adults'}, {'Flat Sheet Width': '89 inch / 228 cm'}, {'Flat Sheet Length': '100 inch / 254 cm'}, {'Fitted Sheet Depth': '0 cm'}, {'Weight': '0.5 g'}]",1 Bedsheet 2 Pillow cover: Sales Package | 1: Number of Bedsheets | zocket: Brand | Multicolor: Color | Flat: Type | Double: Size | Silk: Material | 250: Thread Count | WOOLEN BEDSHEET: Model Name | WOOLEN BEDSHEET 5: Model ID | Yes: Machine Washable | Adults: Ideal for | 89 inch / 228 cm: Flat Sheet Width | 100 inch / 254 cm: Flat Sheet Length | 0 cm: Fitted Sheet Depth | 0.5 g: Weight,,7 Days Return Policy,,,,,,,,,3.2,2,16,8387501e-c5de-5684-85f9-ea857fbebda5,09/30/23
"Gojeeva Wooden Hanging Lamp Style Hanging Lamp Creative Wood Pendant Light Lamp suitable for Living Room,Foyer,Bedroom,Hallway Pendants Pendants Ceiling Lamp  (Black)",https://www.flipkart.com/hi/gojeeva-wooden-hanging-lamp-style-creative-wood-pendant-light-suitable-living-room-foyer-bedroom-hallway-pendants-ceiling/p/itm09e4696247d02,itm09e4696247d02,https://www.flipkart.com/product/p/itm09e4696247d02,299,INR,₹999,70% off,True,"Material: Wood, Plastic, Metal | Cord Length: 70 cm | Light Used: CFL, LED | 1 Bulb",Bigonlineshoppers,4,"Let your guests admire your rich taste in home decor accessories from the latest collection of Gojeeva. Made from a premium quality material, this lamp can be used purely as a charming decorative piece. This amazingly beautiful lighting option has been created with quality and utility. In addition, its lovely structure will surely attract a lot of onlookers. Further, this pretty lamp will enrich the look of any space giving it a visually delightful approach. Invest in this lamp and make your plush home a prettier one.","[{'Sales Package': '1 Wall Lamp, 1 Cable Connector, 2 Screws'}, {'Brand': 'Gojeeva'}, {'Model Number': 'Goj_half box_ceiling_Black45'}, {'Type': 'Pendants'}, {'Number of Bulb': '1'}, {'Material': 'Wood, Plastic, Metal'}, {'Color': 'Black'}, {'Bulb Included': 'No'}, {'Light Used': 'CFL, LED'}, {'Assembly Required': 'No'}, {'Net Quantity': '1'}, {'Width': '10 cm'}, {'Length': '18 cm'}, {'Cord Length': '70 cm'}, {'Weight': '0.38 kg'}]","1 Wall Lamp, 1 Cable Connector, 2 Screws: Sales Package | Gojeeva: Brand | Goj_half box_ceiling_Black45: Model Number | Pendants: Type | 1: Number of Bulb | Wood, Plastic, Metal: Material | Black: Color | No: Bulb Included | CFL, LED: Light Used | No: Assembly Required | 1: Net Quantity | 10 cm: Width | 18 cm: Length | 70 cm: Cord Length | 0.38 kg: Weight",https://rukminim2.flixcart.com/image/kfoapow0/ceiling-lamp/j/n/p/goj-half-box-ceiling-black45-gojeeva-original-imafw2b5ywbxxcyt.jpeg | https://rukminim2.flixcart.com/image/kfoapow0/ceiling-lamp/j/n/p/goj-half-box-ceiling-black45-gojeeva-original-imafw2b5btyzzfb4.jpeg | https://rukminim2.flixcart.com/image/kfoapow0/ceiling-lamp/j/n/p/goj-half-box-ceiling-black45-gojeeva-original-imafw2b5wu4y4fyh.jpeg | https://rukminim2.flixcart.com/image/kfoapow0/ceiling-lamp/j/n/p/goj-half-box-ceiling-black45-gojeeva-original-imafw2b54yb3yybq.jpeg,7 Days Return Policy,Home Lighting,Decor lighting & Accessories,Ceiling Lamps,Gojeeva Ceiling Lamps,Home Lighting | Decor lighting & Accessories | Ceiling Lamps | Gojeeva Ceiling Lamps,,,,0,0,0,92036730-4630-5e34-bb04-1b50fe1f6a22,09/30/23
KRITIU Cotton 433 GSM Face Towel Set  (Pack of 8),https://www.flipkart.com/hi/kritiu-cotton-433-gsm-face-towel-set/p/itmcf6877958508c,itmcf6877958508c,https://www.flipkart.com/product/p/itmcf6877958508c,217,INR,"₹1,099",80% off,True,Towel Type: Face | Size: 10 inch x 10 inch | 8 Towels | GSM: 433,KRITIU,4.5,,[],,https://rukminim2.flixcart.com/image/xif0q/bath-towel/q/k/s/baby-soft-cotton-handkerchief-hanky-napkin-face-towel-pack-of-8-original-imaggcrtzbgjzame.jpeg | https://rukminim2.flixcart.com/image/xif0q/bath-towel/4/e/v/baby-soft-cotton-handkerchief-hanky-napkin-face-towel-pack-of-8-original-imaggcrtzyhrb4pt.jpeg | https://rukminim2.flixcart.com/image/xif0q/bath-towel/q/c/d/baby-soft-cotton-handkerchief-hanky-napkin-face-towel-pack-of-8-original-imaggcrtvfxyggzu.jpeg | https://rukminim2.flixcart.com/image/xif0q/bath-towel/3/z/t/baby-soft-cotton-handkerchief-hanky-napkin-face-towel-pack-of-8-original-imaggcrtagybawst.jpeg | https://rukminim2.flixcart.com/image/kt8zb0w0/bath-towel/b/r/a/baby-wash-cloth-8pc-1-9-gerber-nepkin-001-happy-baby-9-original-imag6mhyfc6zgzzg.jpeg,7 Days Return Policy,Baby Care,Baby Bathing Accessories,Baby Bath Towel,KRITIU Baby Bath Towel,Baby Care | Baby Bathing Accessories | Baby Bath Towel | KRITIU Baby Bath Towel,,,,0,0,0,0d5a161b-35dd-58af-81c5-a0f33a03baa7,09/30/23
wrap craft OPPO RENO 7 PRO (5G) Mobile Skin  (Multicolor),https://www.flipkart.com/hi/wrap-craft-oppo-reno-7-pro-5g-mobile-skin/p/itmcceeb8618c03d,itmcceeb8618c03d,https://www.flipkart.com/product/p/itmcceeb8618c03d,201,INR,₹699,71% off,True,OPPO RENO 7 PRO (5G) | Patterns | FANCY | Vinyl | Removable,NareshSales07,4,"WRAP CRAFT OPPO Mobile Skin are made of high quality Premium Vinyl adhesive skin.Protect from scratch & Dust Decorate & beautiful your Phone
Easy to install, can be installed in minutes High Quality skin Sticker,
100% removable, leaves no stick residue or damage when removed  made of high quality Premium Vinyl adhesive skin  NOTE :- THIS IS A SKIN, NOT A CASE",[],,https://rukminim2.flixcart.com/image/kzzw5u80/mobile-skin/f/b/b/321-oppo-reno-7-pro-yes-wrap-craft-original-imagbvpxw73th8y5.jpeg | https://rukminim2.flixcart.com/image/khmbafk0-0/mobile-skin/3/r/i/ui-25-wrap-craft-original-imafxh4gzcxbwpmg.jpeg,वापसी नहीं होगी ,Mobiles & Accessories,Mobile Accessories,Styling & Maintenance,Mobile Skin Stickers,Mobiles & Accessories | Mobile Accessories | Styling & Maintenance | Mobile Skin Stickers | wrap craft Mobile Skin Stickers,,,,0,0,0,b3c674ab-378c-5548-a9db-2500c050bed9,09/30/23
"Smars Mobile Vlogging Kit with Microphone Tripod for recording videos Stand Monopod Kit, Tripod Kit  (Black, Supports Up to 1500 g)",https://www.flipkart.com/smars-mobile-vlogging-kit-microphone-tripod-recording-videos-stand-monopod-kit/p/itm247c4972e7e20,itm247c4972e7e20,https://www.flipkart.com/product/p/itm247c4972e7e20,"2,399",INR,"₹9,999",76% off,False,"Designed For: Mobile, Video Camera, DSLR/SLR Camera | Load Capacity: 1500 g | Height Range: 300 mm - 200 mm",MSRSSALES,3.1,,"[{'Sales Package': '1 unit'}, {'Pack of': '1'}, {'Weight': '300 g'}]",1 unit: Sales Package | 1: Pack of | 300 g: Weight,https://rukminim2.flixcart.com/image/l0pm3680/tripod/monopod-kit/3/o/i/mobile-vlogging-kit-with-microphone-tripod-for-recording-videos-original-imagcfpjbfqzszdt.jpeg | https://rukminim2.flixcart.com/image/xif0q/tripod/tripod-kit/i/2/r/vlogging-kit-for-video-making-mic-mini-tripod-stand-led-light-original-imaggnxzwxx6fdsd.jpeg | https://rukminim2.flixcart.com/image/kzvlua80/microphone-accessory/k/r/b/vlogging-kit-with-microphone-tripod-stand-and-36-led-light-for-original-imagbs92wvumtsgk.jpeg | https://rukminim2.flixcart.com/image/xif0q/tripod/tripod-kit/l/1/k/video-making-kit-mic-tripod-stand-vlogging-kit-with-led-light-original-imaggnxzgzhnkvqj.jpeg | https://rukminim2.flixcart.com/image/xif0q/tripod/tripod-kit/b/q/g/ay-49-smars-original-imags9pn3njfe49g.jpeg,7 Days Replacement Policy,,,,,,India,Tripods,MSRS SALES,3.6,49,582,e530b0f0-7869-518d-9bed-2c7d7ffa12be,09/30/23
ONIYURI,https://www.flipkart.com/oniyuri-casual-embroidered-women-black-top/p/itm81063a28b9e53,itm81063a28b9e53,https://www.flipkart.com/product/p/itm81063a28b9e53,399,INR,₹999,60% off,True,,Oniyuri,4.2,,[],,https://rukminim2.flixcart.com/image/l4n2oi80/top/l/g/s/m-103-fabfairy-original-imagfhtfcfzycxys.jpeg | https://rukminim2.flixcart.com/image/l4n2oi80/top/g/3/0/m-103-fabfairy-original-imagfhtfjn8x259q.jpeg | https://rukminim2.flixcart.com/image/l4n2oi80/top/b/w/1/m-103-fabfairy-original-imagfhtfdabj7pmb.jpeg | https://rukminim2.flixcart.com/image/l4n2oi80/top/u/b/i/m-103-fabfairy-original-imagfhtfkdbahzz2.jpeg | https://rukminim2.flixcart.com/image/l4pxk7k0/top/h/7/v/l-103-fashtown-original-imagfjvb6gqug8xz.jpeg,10 Days Return Policy,Clothing and Accessories,Topwear,Tops,Women's Tops,Clothing and Accessories | Topwear | Tops | Women's Tops | ONIYURI Women's Tops,India,Tops,"Surat, Gujarat",0,0,0,99fc283b-d9e9-5f10-b73d-9093a88707a8,09/30/23
"JSK COLLECTION Top Loading Washing Machine  Cover  (Width: 51 cm, Black, White)",https://www.flipkart.com/jsk-collection-top-loading-washing-machine-cover/p/itm0b5627d207eb0,itm0b5627d207eb0,https://www.flipkart.com/product/p/itm0b5627d207eb0,499,INR,₹999,50% off,True,Made of: PVC | Type: Top Loading Washing Machine | Size: 51 cm x 86 cm x 58 cm | Sales Package: 1 appliance cover,SRLCREATION,3.5,"Appliance cover Keep your appliance clean when not in use with this convenient cover. Made in India made with PVC makes it long-lasting. Covers when not in use it keeps out water, dust elements and resists bad weather.","[{'Sales Package': '1 appliance cover'}, {'Brand': 'JSK COLLECTION'}, {'Model Number': 'KMWMKM23NOV305FA6K'}, {'Material': 'PVC'}, {'Type': 'Top Loading Washing Machine'}, {'Net Quantity': '1'}, {'Width': '51 cm'}, {'Height': '86 cm'}, {'Depth': '58 cm'}]",1 appliance cover: Sales Package | JSK COLLECTION: Brand | KMWMKM23NOV305FA6K: Model Number | PVC: Material | Top Loading Washing Machine: Type | 1: Net Quantity | 51 cm: Width | 86 cm: Height | 58 cm: Depth,https://rukminim2.flixcart.com/image/k3dc7m80/appliance-cover/s/7/z/kmwmkm23nov292fa6k-kingmatters-original-imafavyyrssumgwp.jpeg | https://rukminim2.flixcart.com/image/k3dc7m80/appliance-cover/p/u/2/kmwmfa2735kkm23nov-kingmatters-original-imafavyy92sgtab8.jpeg | https://rukminim2.flixcart.com/image/k3dc7m80/appliance-cover/v/y/f/kmwmkm23novfa487k-kingmatters-original-imafavyyjyuapvyq.jpeg | https://rukminim2.flixcart.com/image/k3dc7m80/appliance-cover/v/y/f/kmwmkm23novfa487k-kingmatters-original-imafavyyhjqfbmyy.jpeg,7 Days Return Policy,Home Furnishing,Covers & Protectors,Appliance Covers,JSK COLLECTION Appliance Covers,Home Furnishing | Covers & Protectors | Appliance Covers | JSK COLLECTION Appliance Covers,India,Appliance Cover,RUHI ENTERPRISES,0,0,0,282b0705-84a7-5637-97cc-a87b0a6f20b0,09/30/23
PHONICZ RETAILS Vivo V11 Mobile Skin  (Multicolor),https://www.flipkart.com/hi/phonicz-retails-vivo-v11-mobile-skin/p/itm634e37b226f0d,itm634e37b226f0d,https://www.flipkart.com/product/p/itm634e37b226f0d,195,INR,₹449,56% off,False,Vivo V11 | Graffiti | Graffiti | Vinyl | Removable,Bizinfosoft Ecommerce,4.5,"Our Mobile Skin are made of high quality 7D Premium Vinyl adhesive skin, THIS IS A PROTECT STICKER, NOT A CASE. Gives new look & design to your phone, Protection from dust & scratches, New feel & grip to your phone, Feel different in croud, High Quality skin Sticker, Smart design allows easy access to all buttons. Controls & posts without having to remove the sticker, Close-fitting design for easy button operation., High Strentgh Skin, Vinyl Skin","[{'Sales Package': '1 Designer Vinly Skin / Decal'}, {'Model Name': 'SKIN-Apr-4-2021-37207'}, {'Pack of': '1'}, {'Scratch Resistant': 'No'}, {'Water Resistant': 'No'}, {'Residue Free Removal': 'Yes'}, {'Type': 'Back Skin / Decal'}, {'Theme': 'Graffiti'}, {'Finish': 'Matte'}, {'Design': 'Graffiti'}, {'Character': 'NA'}, {'Color': 'Multicolor'}, {'Net Quantity': '1'}, {'Warranty Summary': 'This Product comes under no replacement policy by Flipkart.'}]",1 Designer Vinly Skin / Decal: Sales Package | SKIN-Apr-4-2021-37207: Model Name | 1: Pack of | No: Scratch Resistant | No: Water Resistant | Yes: Residue Free Removal | Back Skin / Decal: Type | Graffiti: Theme | Matte: Finish | Graffiti: Design | NA: Character | Multicolor: Color | 1: Net Quantity | This Product comes under no replacement policy by Flipkart.: Warranty Summary,https://rukminim2.flixcart.com/image/kpwybgw0/mobile-skin/t/i/y/skin-apr-4-2021-37235-cart-sutra-original-imag4fzpfkuzu3eq.jpeg | https://rukminim2.flixcart.com/image/kmwcuq80/mobile-skin/7/g/b/mdsh-skin-apr2021-2264-mudshi-original-imagfpftcz4ba9jm.jpeg | https://rukminim2.flixcart.com/image/kpwybgw0/mobile-skin/8/y/3/skin-apr-4-2021-37147-cart-sutra-original-imag4fzpdhdztgqw.jpeg | https://rukminim2.flixcart.com/image/kikluvk0-0/mobile-skin/2/z/r/7d-marble-design-skin-wrap-mudshi-original-imafybtbry2kcv6p.jpeg | https://rukminim2.flixcart.com/image/kikluvk0-0/mobile-skin/y/n/u/7d-indian-flag-design-skin-wrap-mudshi-original-imafybtbh8sbczdp.jpeg,वापसी नहीं होगी ,Mobiles & Accessories,Mobile Accessories,Styling & Maintenance,Mobile Skin Stickers,Mobiles & Accessories | Mobile Accessories | Styling & Maintenance | Mobile Skin Stickers | PHONICZ RETAILS Mobile Skin Stickers,,,,0,0,0,b5166b3a-67e0-54ee-931a-38d539fd77d2,09/30/23
Decoration designs 76 cm Beautiful Pink Flowers Wall Sticker 76cm X 57cm Self Adhesive Sticker  (Pack of 1),https://www.flipkart.com/medium-wall-sticker/p/itm64babd6349e40,itm64babd6349e40,https://www.flipkart.com/product/p/itm64babd6349e40,122,INR,₹799,84% off,False,,DecorationDesigns,3.1,,"[{'Model Name': 'Beautiful Pink Flowers Wall Sticker 76cm X 57cm'}, {'Model ID': 'Shopsy-GD272'}, {'Size': '76 cm'}, {'Decal Color': 'Multicolor'}, {'Number of Stickers': '1'}, {'Sticker Type': 'Wall Sticker'}, {'Sticker Shape': 'Rectangular'}, {'Ideal Use': 'Child Room, Bedroom, Hall, Kitchen and Place What you Like . Switch stickers'}, {'Finish Height': '46 cm'}]","Beautiful Pink Flowers Wall Sticker 76cm X 57cm: Model Name | Shopsy-GD272: Model ID | 76 cm: Size | Multicolor: Decal Color | 1: Number of Stickers | Wall Sticker: Sticker Type | Rectangular: Sticker Shape | Child Room, Bedroom, Hall, Kitchen and Place What you Like . Switch stickers: Ideal Use | 46 cm: Finish Height",https://rukminim2.flixcart.com/image/kqttg280/sticker/o/f/v/decorative-wall-stickers-size-medium-pack-of-1-medium-43-sdas272-original-imag4r9mjk7akneg.jpeg | https://rukminim2.flixcart.com/image/k20r8nk0/sticker/p/p/x/beautiful-pink-flowers-wall-sticker-medium-76-as272-creatick-original-imafhgy2ghzwvhaf.jpeg | https://rukminim2.flixcart.com/image/k226oi80/sticker/a/q/q/beautiful-pink-flowers-wall-sticker-medium-76-as272-decor-kafe-original-imafhgt6948rufmm.jpeg | https://rukminim2.flixcart.com/image/kr9jafk0/sticker/x/t/e/decorative-diya-wall-sticker-60-cm-x-24-cm-wall-sticker-for-original-imag52shdwv5yejp.jpeg | https://rukminim2.flixcart.com/image/kr9jafk0/sticker/o/l/g/decorative-diya-wall-sticker-60-cm-x-24-cm-wall-sticker-for-original-imag52sht8z8qyhy.jpeg,No Returns Applicable,Home Decor,Stickers & Wallpapers,Stickers,Decoration designs Stickers,Home Decor | Stickers & Wallpapers | Stickers | Decoration designs Stickers,India,Shopsy Sticker,,0,0,0,c67b1191-d61a-56f7-abe8-bf9ebcb2ff9b,09/30/23
KONG FU MA Nano Glass for Huawei Watch Kids 5X CN  (Pack of 2),https://www.flipkart.com/kong-fu-ma-nano-glass-huawei-watch-kids-5x-cn/p/itm235a51b250c8a,itm235a51b250c8a,https://www.flipkart.com/product/p/itm235a51b250c8a,130,INR,₹999,86% off,True,Scratch Resistant | Smartwatch | Nano Glass | Removable,THUNDERZONE,3.8,"Trustable Brand For Watch/Smart Watch Screen Guards- Smart Watch Screen Protector is made of high quality material to cover your Smart Watch. It protects Your smart watch screen with uniquely processed transparent glass and scratch resistant material. It keeps your smart watch screen fingerprint and smudge free and provides the quick responsive touch and vibrant clarity.It secure your smart watch screen with oil and fingerprint stains. It's 9H Surface Hardness keeps your Smartphone Protected, It's new adhesives technology provides a worry free installation with a simple swipe. We provide you The Best Quality Product.",[],,https://rukminim2.flixcart.com/image/xif0q/screen-guard/nano-glass/y/k/w/wg-29074-kong-fu-ma-original-imagm5zwqnpnvg9y.jpeg | https://rukminim2.flixcart.com/image/xif0q/screen-guard/nano-glass/x/0/y/wsg-5002-kong-fu-ma-original-imaghybngjft2akn.jpeg | https://rukminim2.flixcart.com/image/xif0q/screen-guard/nano-glass/n/q/f/wsg-5002-kong-fu-ma-original-imaghybn4h2dtrnw.jpeg,No Returns Applicable,Wearable Smart Devices,Wearable Accessories,Smart Watch Screenguards,KONG FU MA Smart Watch Screenguards,Wearable Smart Devices | Wearable Accessories | Smart Watch Screenguards | KONG FU MA Smart Watch Screenguards,India,Screen Guards,M/S MAM INDIA,0,0,0,128906ff-a82d-5d60-bfcb-33693b89b28c,09/30/23
"HDPrint Back Cover for Nokia 6.1 Plus  (Multicolor, Grip Case, Silicon, Pack of: 1)",https://www.flipkart.com/hdprint-back-cover-nokia-6-1-plus/p/itm6d086819bac48,itm6d086819bac48,https://www.flipkart.com/product/p/itm6d086819bac48,219,INR,₹499,56% off,True,Suitable For: Mobile | Material: Silicon | Theme: Quotes/Signs/Symbols | Type: Back Cover,KLC COVER,4.1,"HDPRINT gives you Nokia 6.1 Plus Back Cover, the best Multicolor covers, This soft silicone Multicolor cover will protect and prevent your phone from scratches, damage and dust. The silicone cover is made from a lightweight tough strong high quality rubber/silicone material which will help you to keep your phone safe. It comes in smooth texture. This will not only look good on your phone but will protect it. This case will Style your mobile.","[{'Sales Package': '1 Back Cover'}, {'Model Number': 'CEL-6.1P(CEL)-JP3153'}, {'Designed For': 'Nokia 6.1 Plus'}, {'Brand Color': 'Multicolor'}, {'Pack of': '1'}, {'Other Features': 'Back Cover, Dust free, washable, Fingerprints Free, Made of soft silicone which make it soft and durable.Access to All buttons, Controls & Ports easily, and without removing the skin.'}]","1 Back Cover: Sales Package | CEL-6.1P(CEL)-JP3153: Model Number | Nokia 6.1 Plus: Designed For | Multicolor: Brand Color | 1: Pack of | Back Cover, Dust free, washable, Fingerprints Free, Made of soft silicone which make it soft and durable.Access to All buttons, Controls & Ports easily, and without removing the skin.: Other Features",https://rukminim2.flixcart.com/image/kjkbv680-0/cases-covers/back-cover/m/y/o/jp-n6-1p-jp2497-klc-original-imafz3nnexagszuj.jpeg | https://rukminim2.flixcart.com/image/kjkbv680-0/cases-covers/back-cover/1/u/i/jp-n6-1p-jp2497-klc-original-imafz3nnmdmh8gp9.jpeg | https://rukminim2.flixcart.com/image/kjkbv680-0/cases-covers/back-cover/l/b/g/jp-n6-1p-jp2497-klc-original-imafz3nn2khbgusd.jpeg | https://rukminim2.flixcart.com/image/kjabs7k0-0/cases-covers/back-cover/o/y/t/jp-a2c-jp2497-klc-original-imafyvwgfgffyw8v.jpeg | https://rukminim2.flixcart.com/image/koad9jk0/cases-covers/back-cover/q/x/d/jp-v21-5g-jp3179-vitaro-original-imafu8fbed6twgbn.jpeg,7 Days Replacement Policy,Mobiles & Accessories,Mobile Accessories,Cases & Covers,Designer Cases & Covers,Mobiles & Accessories | Mobile Accessories | Cases & Covers | Designer Cases & Covers | HDPrint Designer Cases & Covers,India,Cases & Covers,Mahakal Enterprises,0,0,0,056cd249-bf82-5a2e-a1c6-8b9115219c85,09/30/23
"Dreamcase Back Cover for Vivo T1 44W  (Multicolor, Dual Protection, Silicon, Pack of: 1)",https://www.flipkart.com/hi/dreamcase-back-cover-vivo-t1-44w/p/itm89fc3beb8270e,itm89fc3beb8270e,https://www.flipkart.com/product/p/itm89fc3beb8270e,239,INR,₹499,52% off,True,Suitable For: Mobile | Material: Silicon | Theme: See-through Design | Type: Back Cover,RONIFASHION,3.6,"These Designs On The Cases Are Designed By ""Dreamcase"" This Designer Case Allows Easy Access To All Buttons Controls. This Cover Designer Case Cover Is Attractive, Comfortable, Light Weight And Has Unique Design It Perfectly Fit And Protects your Mobile. Easy To Install And Remove. High Quality Finished Case","[{'Sales Package': '1 Back Cover'}, {'Model Number': 'Vi-Vo-T144-W-JK051'}, {'Designed For': 'Vivo T1 44W'}, {'Brand Color': 'Multicolor'}, {'Pack of': '1'}, {'Other Features': 'Dust free, washable, Fingerprints Free.Made of soft silicone which make it soft and durable.Access to All buttons, Controls & Ports easily, and without removing the skin.'}]","1 Back Cover: Sales Package | Vi-Vo-T144-W-JK051: Model Number | Vivo T1 44W: Designed For | Multicolor: Brand Color | 1: Pack of | Dust free, washable, Fingerprints Free.Made of soft silicone which make it soft and durable.Access to All buttons, Controls & Ports easily, and without removing the skin.: Other Features",https://rukminim2.flixcart.com/image/xif0q/shopsy-cases-covers/e/z/v/spy-vi-vo-t144-w-jk051-back-cover-dreamcase-original-imagzfjrgghuck9h.jpeg | https://rukminim2.flixcart.com/image/xif0q/shopsy-cases-covers/b/k/a/spy-vi-vo-t144-w-jk051-back-cover-dreamcase-original-imagzfjrftqhjhbu.jpeg | https://rukminim2.flixcart.com/image/xif0q/shopsy-cases-covers/e/x/x/spy-vi-vo-t144-w-jk051-back-cover-dreamcase-original-imagzfjrzwqwyeg7.jpeg | https://rukminim2.flixcart.com/image/xif0q/cases-covers/back-cover/f/y/c/vi-vo-y22jk019-dreamcase-original-imafpr7ggazyxkjs.jpeg | https://rukminim2.flixcart.com/image/xif0q/cases-covers/back-cover/6/z/h/vi-vo-y22jk019-dreamcase-original-imaff6f8fgsy6jhc.jpeg,7 Days Replacement Policy,Mobiles & Accessories,Mobile Accessories,Cases & Covers,Designer Cases & Covers,Mobiles & Accessories | Mobile Accessories | Cases & Covers | Designer Cases & Covers | Dreamcase Designer Cases & Covers,,,,0,0,0,6df99ac7-2298-590e-8c06-e70022a80761,09/30/23
MONKDECOR Velvet Floral Sofa Cover  (Light Brown Pack of 6),https://www.flipkart.com/hi/monkdecor-velvet-floral-sofa-cover/p/itm9324d07982718,itm9324d07982718,https://www.flipkart.com/product/p/itm9324d07982718,"2,445",INR,"₹4,999",51% off,False,175.26 cm | Suitable For: Sofa | Material: Velvet | Pack of: 6 | Pattern: Floral,DECOLOGY,4.2,"DECOLOGY Provides Premium quality Velvet 5 Seater Sofa Cover to its customers. We bring Stylish Products for every Person who dream to make their Home Unique & Beautiful. Perfect for everyday casual dining, parties and special occasions, they will impress your guests with their simple and elegant design. Easy to roll, store and clean, they make your Living a pleasant experience.","[{'Model Number': 'TN1-5 Seater Without Arms-Ocean-Light Brown'}, {'Slip Resistant': 'Yes'}, {'Reversible': 'No'}, {'Water Resistant': 'No'}, {'Wash Care Instructions': 'Machine Wash in cold water. Tumble dry. Dry in Shade. Warm Iron as needed. Do not Bleach.'}, {'Sales Package': 'Size: 2 Piece long Covers for 3 Seater Sofa (69x27 inches each), 4 Piece Small Covers for Single Seated Sofa (23x27 inches each). There may a deviation of plus/minus Â½ inches. (Arms Cover Are Not Included).'}, {'Length': '175.26 cm'}, {'Weight': '1.7 kg'}]","TN1-5 Seater Without Arms-Ocean-Light Brown: Model Number | Yes: Slip Resistant | No: Reversible | No: Water Resistant | Machine Wash in cold water. Tumble dry. Dry in Shade. Warm Iron as needed. Do not Bleach.: Wash Care Instructions | Size: 2 Piece long Covers for 3 Seater Sofa (69x27 inches each), 4 Piece Small Covers for Single Seated Sofa (23x27 inches each). There may a deviation of plus/minus Â½ inches. (Arms Cover Are Not Included).: Sales Package | 175.26 cm: Length | 1.7 kg: Weight",https://rukminim2.flixcart.com/image/xif0q/slipcover/o/l/f/6-1-7-tn1-5-seater-without-arms-ocean-light-brown-monkdecor-175-original-imagngn3aqdhbfuz.jpeg | https://rukminim2.flixcart.com/image/xif0q/slipcover/e/x/f/6-1-7-tn1-5-seater-without-arms-ocean-light-brown-monkdecor-175-original-imagngn3zgqmwpa6.jpeg | https://rukminim2.flixcart.com/image/xif0q/slipcover/x/k/c/6-1-7-tn1-5-seater-without-arms-ocean-light-brown-monkdecor-175-original-imagngn3rrqyh8es.jpeg | https://rukminim2.flixcart.com/image/xif0q/slipcover/s/5/q/6-1-7-tn1-5-seater-without-arms-ocean-light-brown-monkdecor-175-original-imagngn3gafhbjtu.jpeg,7 Days Return Policy,Home Furnishing,Covers & Protectors,Sofa Covers,MONKDECOR Sofa Covers,Home Furnishing | Covers & Protectors | Sofa Covers | MONKDECOR Sofa Covers,,,,0,0,0,244994a2-dfd1-539b-9dd5-643e06152813,09/30/23
TIMENTER,https://www.flipkart.com/timenter-diwali-analogue-brown-color-boys-men-watch-b14-b59-combo-2-combo-analog/p/itmab5868b455f96,itmab5868b455f96,https://www.flipkart.com/product/p/itmab5868b455f96,523,INR,₹610,14% off,False,,TIMENTER,4,,[],,https://rukminim2.flixcart.com/image/k391w280/watch/v/r/d/valentine-analogue-brown-color-boys-and-men-watch-b14-b59-combo-original-imafdzzbuhy9qt6a.jpeg | https://rukminim2.flixcart.com/image/k391w280/watch/v/r/d/valentine-analogue-brown-color-boys-and-men-watch-b14-b59-combo-original-imafdzzchzpyxbnt.jpeg | https://rukminim2.flixcart.com/image/k391w280/watch/v/r/d/valentine-analogue-brown-color-boys-and-men-watch-b14-b59-combo-original-imafezun7qnkwsnf.jpeg,10 Days return Policy,Watches,Wrist Watches,TIMENTER Wrist Watches,TIMENTER combo watch Analog Watch  - For Men,Watches | Wrist Watches | TIMENTER Wrist Watches,India,Watches,,0,0,0,cbf61248-83df-59fd-9b9b-0df10bb7e63b,09/30/23
"stranger Back Cover for vivo T1 5G  (Multicolor, Shock Proof, Silicon, Pack of: 1)",https://www.flipkart.com/stranger-back-cover-vivo-t1-5g/p/itmabd5979f97f12,itmabd5979f97f12,https://www.flipkart.com/product/p/itmabd5979f97f12,179,INR,₹799,77% off,False,Suitable For: Mobile | Material: Silicon | Theme: Painting/Drawing/Sketches | Type: Back Cover,TIYAENTERPRISES1,,"Designer Cover gives you vivo T1 5G Back Cover, the best Multicolor covers, This soft silicone Multicolor cover will protect and prevent your phone from scratches, damage and dust. The silicone cover is made from a lightweight tough strong high quality rubber/silicone material which will help you to keep your phone safe. It comes in smooth texture. This will not only look good on your phone but will protect it. This case will Style your mobile.","[{'Sales Package': '1'}, {'Model Number': 'vi-001-160'}, {'Designed For': 'vivo T1 5G'}, {'Brand Color': 'Multicolor'}, {'Pack of': '1'}, {'Other Features': 'Flexible'}]",1: Sales Package | vi-001-160: Model Number | vivo T1 5G: Designed For | Multicolor: Brand Color | 1: Pack of | Flexible: Other Features,https://rukminim2.flixcart.com/image/xif0q/cases-covers/back-cover/j/k/s/vi-001-160-stranger-original-imaggjwfwecvzzy3.jpeg | https://rukminim2.flixcart.com/image/k6mibgw0/cases-covers/back-cover/6/n/m/upshot-red-pro-344-original-imafmhhq4jtktdkj.jpeg | https://rukminim2.flixcart.com/image/k63xle80/cases-covers/back-cover/h/k/f/upshot-m061-original-imafmgqasagvsm5a.jpeg,7 Days Replacement Policy,Mobiles & Accessories,Mobile Accessories,Cases & Covers,Designer Cases & Covers,Mobiles & Accessories | Mobile Accessories | Cases & Covers | Designer Cases & Covers | stranger Designer Cases & Covers,India,Cases & Covers,,0,0,0,0ecddba5-4f9a-5e54-8f19-a41ef1d1d7f7,09/30/23
Celio,https://www.flipkart.com/celio-men-solid-casual-maroon-shirt/p/itmb201c85e80da3,itmb201c85e80da3,https://www.flipkart.com/product/p/itmb201c85e80da3,"1,249",INR,"₹2,499",50% off,True,,CelioFF,2.7,,[],,https://rukminim2.flixcart.com/image/l5jxt3k0/shirt/z/l/8/xl-caover-burgundy-celio-original-imagg7dygvatj3z9.jpeg | https://rukminim2.flixcart.com/image/l5jxt3k0/shirt/l/0/r/xl-caover-burgundy-celio-original-imagg7dyq4ebxudg.jpeg | https://rukminim2.flixcart.com/image/l5jxt3k0/shirt/d/b/6/xl-caover-burgundy-celio-original-imagg7dyu8qfkhgk.jpeg | https://rukminim2.flixcart.com/image/l5jxt3k0/shirt/h/u/n/xl-caover-burgundy-celio-original-imagg7dyc2gkrbg6.jpeg | https://rukminim2.flixcart.com/image/l5jxt3k0/shirt/q/1/d/xl-caover-burgundy-celio-original-imagg7dyt86xfau4.jpeg,10 Days Return Policy,Clothing and Accessories,Topwear,Shirts,Men's Shirts,Clothing and Accessories | Topwear | Shirts | Men's Shirts | Casual Shirts | Celio Casual Shirts,India,Shirt,,0,0,0,4b2b257d-c251-59c7-a447-caa5c88e1395,09/30/23
"LOREM Belt, Wallet & Watch Combo  (Black, Black, Black)",https://www.flipkart.com/hi/lorem-belt-wallet-watch-combo/p/itm0d73efb2a175a,itm0d73efb2a175a,https://www.flipkart.com/product/p/itm0d73efb2a175a,459,INR,"₹1,399",67% off,True,"Color: Black, Black, Black | Watch Features: Quartz | Type: Belt, Wallet & Watch Combo | Waist Size: 40 Inches | Card Slots: 2",ORBBIS WORLD,4.2,"LOREM watches are also known as it's Quality and Precise Finishing. This LOREM LR21 watch Comes with Round shape Black Dial with high premium Black Faux Leather straps. This watch is highly recommended for Men & Boys. Dial of this watch is protected by a mineral glass and has a Heavy Faux Leather strap for added comfort with Precious Finishing. The time is controlled by a single crown on the side of the watch and This stunning watch is working on a quartz mechanism. This watch is highly used for Casual, Partywear and Gifting Purposes. WALLET::-2 ATM Cards Slot | Additional Zipper Currency Slot | 2 Secret (Hidden) Pockets |1 Coin Box | Brand Logo embossed | Light Weight | Smooth Finish | Trendy |Latest Design | Leather Wallet For Men The few things you carry, carry well! Great for gift. Enjoy your life and Just put a bow on it and you're ready to give to your special one. Our wallet not only offers security, it's also very functional. It features a quick access to IDs, driver license, ATM debit cards / credit cards, and has two long top slots for money, receipts, or tickets. The few things you carry, carry well! LOREM Belt are Also known as it's Quality and Precise Finishing. This LOREM BT188 Belt Comes with high premium Black Faux Leather Belt. This belt is highly recommended for Men & Boys This belt can be fit upto 40 inch waist size. Belt width is 1.5 inch with two stiched line. This Belts are a necessary final touch which brings your outfit together and definitely a must-have accessory with a elegant look.","[{'Brand': 'LOREM'}, {'Type': 'Belt, Wallet & Watch Combo'}, {'Ideal for': 'Men'}, {'Waist Size': '40 Inches'}, {'Watch Features': 'Quartz'}, {'Dial Shape': 'Round'}, {'Pack of': '3'}, {'Net Quantity': '3'}, {'Warranty Summary': '1 Year Warranty apply for manufacturing defects only.'}, {'Warranty Service Type': 'Off Site Warranty - Customer will Need to send the Defected Product to Our Warehouse and the replaced Product will be sent back to customer.'}, {'Covered in Warranty': 'Warranty of the product is limited to manufacturing defects only.'}, {'Not Covered in Warranty': 'Warranty does not cover any external damage caused to the product due to improper usage by customer, or burn out.'}, {'Domestic Warranty': '1 Year'}]","LOREM: Brand | Belt, Wallet & Watch Combo: Type | Men: Ideal for | 40 Inches: Waist Size | Quartz: Watch Features | Round: Dial Shape | 3: Pack of | 3: Net Quantity | 1 Year Warranty apply for manufacturing defects only.: Warranty Summary | Off Site Warranty - Customer will Need to send the Defected Product to Our Warehouse and the replaced Product will be sent back to customer.: Warranty Service Type | Warranty of the product is limited to manufacturing defects only.: Covered in Warranty | Warranty does not cover any external damage caused to the product due to improper usage by customer, or burn out.: Not Covered in Warranty | 1 Year: Domestic Warranty",https://rukminim2.flixcart.com/image/xif0q/accessories-combo/y/c/m/ob-lr21-wl15-bt18-bkl05-lorem-original-imagmkyrvmzypzdt.jpeg | https://rukminim2.flixcart.com/image/xif0q/accessories-combo/c/t/t/ob-lr21-wl15-bt18-bkl05-lorem-original-imagmkyrkfz6vbud.jpeg | https://rukminim2.flixcart.com/image/xif0q/accessories-combo/j/s/d/ob-lr21-wl15-bt18-bkl05-lorem-original-imagmkyrnvnbxctk.jpeg,10 दिन की रिटर्न पॉलिसी,"Bags, Wallets & Belts",Accessories Combo,LOREM Accessories Combo,"LOREM Belt, Wallet & Watch Combo (Black, Black, Black)","Bags, Wallets & Belts | Accessories Combo | LOREM Accessories Combo",,,,0,0,0,72d95f18-f8da-5d2e-91bd-899b479ce97b,09/30/23
"King Maker Back Cover for Vivo Y83 Back Cover  (Multicolor, Dual Protection, Silicon, Pack of: 1)",https://www.flipkart.com/hi/king-maker-back-cover-vivo-y83/p/itm67867cc52d751,itm67867cc52d751,https://www.flipkart.com/product/p/itm67867cc52d751,175,INR,₹999,82% off,True,Suitable For: Mobile | Material: Silicon | Theme: Patterns | Type: Back Cover,TIYAS SMART CASE,3.9,"Brand New Soft Designer Printed Case Express yourself by your phone and making it stand out. Many design and Prints in stock for your choice This Case keeps your PHONE safe and protected. Durable construction offers premium protection for side and back of your phone. Allows easy access to all buttons, controls and ports. KING MAKER is the manufacturer of the cover and print our own covers, And we Do not print the sides of the cover. So corners would always be transparent.","[{'Sales Package': '1 Back Cover'}, {'Model Number': 'VIOV-Y83-NJ-R004'}, {'Designed For': 'Vivo Y83 Back Cover'}, {'Brand Color': 'Multicolor'}, {'Pack of': '1'}, {'Certification': 'KING MAKER'}, {'Other Features': 'KING MAKER cases & covers have dust free,Washable,Fingerprints free,Made of soft silicone which make it soft and durable.Access to all buttons, Controls & Ports easily working ,and without removing the skin.'}]","1 Back Cover: Sales Package | VIOV-Y83-NJ-R004: Model Number | Vivo Y83 Back Cover: Designed For | Multicolor: Brand Color | 1: Pack of | KING MAKER: Certification | KING MAKER cases & covers have dust free,Washable,Fingerprints free,Made of soft silicone which make it soft and durable.Access to all buttons, Controls & Ports easily working ,and without removing the skin.: Other Features",https://rukminim2.flixcart.com/image/ktep2fk0/cases-covers/back-cover/t/g/m/y81vo-hovo-r004-king-maker-original-imag6r9a7ezxvdfr.jpeg | https://rukminim2.flixcart.com/image/ktep2fk0/cases-covers/back-cover/r/5/b/y81vo-hovo-r004-king-maker-original-imag6r9ag4xmdwth.jpeg | https://rukminim2.flixcart.com/image/ktep2fk0/cases-covers/back-cover/k/b/g/y81vo-hovo-r004-king-maker-original-imag6r9asjzunxpt.jpeg | https://rukminim2.flixcart.com/image/ktep2fk0/cases-covers/back-cover/x/s/u/y81vo-hovo-r004-king-maker-original-imag6r9aqdrv3zxr.jpeg,7 Days Replacement Policy,Mobiles & Accessories,Mobile Accessories,Cases & Covers,Designer Cases & Covers,Mobiles & Accessories | Mobile Accessories | Cases & Covers | Designer Cases & Covers | King Maker Designer Cases & Covers,,,,0,0,0,6bdf17b8-82eb-531a-bd14-941bc1f5c1f2,09/30/23
"MoTRoX टू व्हीलर कवर Yamaha के लिए  (SS 125, लाल)",https://www.flipkart.com/hi/motrox-two-wheeler-cover-yamaha/p/itmeh5znwrhxnqfh,itmeh5znwrhxnqfh,https://www.flipkart.com/product/p/itmeh5znwrhxnqfh,296,INR,₹999,70% off,True,"स्ट्रैप टाइप: बकल, बेल्ट | पॉलिएस्टर, नायलॉन, तिरपाल से बना | कम्पेटिबल वाहन ब्रांड: Yamaha | कम्पेटिबल वाहन मॉडल का नाम: SS 125",P.A. Pvt Ltd,4.2,"बॉडी कवर का उपयोग मुख्य रूप से दो पहिया वाहनों को मौसम की चरम सीमा से बचाने, धूप से लुप्त होने, खरोंच आदि से बचाने के लिए किया जाता है। वे मुख्य रूप से टू व्हीलर बॉडी पार्ट्स को सभी मौसम सुरक्षा प्रदान करने के लिए डिज़ाइन किए गए हैं। बॉडी कवर हर रोज इनडोर उपयोग, लॉन्ग टर्म स्टोरेज और आउटडोर उपयोग के लिए डिज़ाइन किए गए हैं। फीचर्स टू व्हीलर वाहन की बेहतर सुरक्षा के लिए वाटरप्रूफ बॉडी कवर कई अहम खासियतों से जुड़े हैं। 

इसकी कुछ सामान्य विशेषताएं हैं: 

सभी कवर वाटर रेसिस्टेंट हैं। टू व्हीलर्स के इनडोर और आउटडोर कवरिंग दोनों के लिए इस्तेमाल किया जा सकता है। 

टू व्हीलर ऑटोमोबाइल की ओवरआल प्रोटेक्शन के लिए फंक्शन्स बॉडी कवर बहुत आवश्यक हैं। 

इसके कुछ महत्वपूर्ण कार्य हैं: वाहन को मौसम, स्क्रैप, खरोंच और सूरज की क्षति से बचाएं। 

पेंट और लेदर को सन डैमेज से बचाएं। 

इंटरनल इंजन के पार्ट्स को जंग और पहनने से बचाएं। 

सतह पर बिना किसी रगड़ के रोड के मलबे से वाहन को ढालें। 

टू व्हीलर को एक्सट्रीम टोइंग से बचाएं। 

हाई क्वालिटी वाले प्रीमियम फैब्रिक (इम्पोर्टेड) से बने LEFT और राइट मिरर पॉकेट्स दोनों के साथ कवर। 

हम आपको सबसे अच्छी क्वालिटी वाले प्रोडक्ट देने की कोशिश कर रहे हैं कम कीमत में। 
उदाहरण: 
अगर आप 100Rs पे करते हैं प्रोडक्ट पर फिर हम आपको देने की कोशिश कर रहे हैं 150Rs-200Rs प्रोडक्ट की क्वालिटी। 
अगर आप 100Rs में सोचते हैं आपको 1000Rs प्रोडक्ट की क्वालिटी मिला है नहीं।","[{'Sales Package': '1 MotRoX Two Wheeler Cover'}, {'Model Number': 'MotRoX_Red_99833213320'}, {'Vehicle Model Year': '2010, 2011, 2012, 2013, 2014, 2015, NA'}, {'Durability': 'Dust Resistant, Tear Resistant, UV Ray Protection, Water Resistant, Weather Resistant'}, {'Cover Area': 'Covers Engine, Painted area and from completely. To hold cover in strorm use belt with buckle.'}, {'Other Features': ""Keep vehicle neat and Clean, Necessary for Paint are Safety, Must for Vehicle's long life""}, {'Weight': '250 g'}, {'Other Dimensions': 'As Per Picture'}, {'Warranty Summary': 'Warranty is limited to torn/Damaged product only.'}, {'Covered in Warranty': 'Warranty of the product is limited to manufacturing defects only.'}]","1 MotRoX Two Wheeler Cover: Sales Package | MotRoX_Red_99833213320: Model Number | 2010, 2011, 2012, 2013, 2014, 2015, NA: Vehicle Model Year | Dust Resistant, Tear Resistant, UV Ray Protection, Water Resistant, Weather Resistant: Durability | Covers Engine, Painted area and from completely. To hold cover in strorm use belt with buckle.: Cover Area | Keep vehicle neat and Clean, Necessary for Paint are Safety, Must for Vehicle's long life: Other Features | 250 g: Weight | As Per Picture: Other Dimensions | Warranty is limited to torn/Damaged product only.: Warranty Summary | Warranty of the product is limited to manufacturing defects only.: Covered in Warranty",https://rukminim2.flixcart.com/image/two-wheeler-cover/v/f/g/sporty206m-motrox-original-imaejwmt6ygvyaux.jpeg | https://rukminim2.flixcart.com/image/two-wheeler-cover/e/x/5/sporty217m-motrox-original-imaejh9ghrc8mpmy.jpeg | https://rukminim2.flixcart.com/image/two-wheeler-cover/m/y/f/sporty196m-motrox-original-imaejh9gkj9zgfg9.jpeg,7 Days Replacement Policy,,,,,,,,,0,0,0,58216cd7-3267-5d4a-afb8-61f280652393,09/30/23
Woven Tant Pure Cotton Saree  (Yellow),https://www.flipkart.com/woven-tant-pure-cotton-saree/p/itmc762e8144b43d,itmc762e8144b43d,https://www.flipkart.com/product/p/itmc762e8144b43d,449,INR,"₹2,999",85% off,False,,JMALL,4.8,,"[{'Style Code': 'S_15 - Box Tant'}, {'Pattern': 'Woven'}, {'Pack of': '1'}, {'Occasion': 'Party & Festive'}, {'Fabric Care': 'Hand Wash, Do not Bleach'}, {'Fabric': 'Pure Cotton'}, {'Type': 'Tant'}, {'Blouse Piece': 'No Blouse'}, {'Sari Style': 'Regular Sari'}, {'Sari Length': '5.5m'}]","S_15 - Box Tant: Style Code | Woven: Pattern | 1: Pack of | Party & Festive: Occasion | Hand Wash, Do not Bleach: Fabric Care | Pure Cotton: Fabric | Tant: Type | No Blouse: Blouse Piece | Regular Sari: Sari Style | 5.5m: Sari Length",https://rukminim2.flixcart.com/image/xif0q/sari/c/w/3/free-15-box-tant-jmall-no-blouse-original-imaghymyw4rcfhex.jpeg | https://rukminim2.flixcart.com/image/xif0q/sari/h/h/n/free-15-box-tant-jmall-no-blouse-original-imaghymywnfgzfrd.jpeg | https://rukminim2.flixcart.com/image/xif0q/sari/w/x/9/free-15-box-tant-jmall-no-blouse-original-imagjhg8nyeeve9z.jpeg | https://rukminim2.flixcart.com/image/xif0q/sari/e/s/m/free-15-box-tant-jmall-no-blouse-original-imaggy5zaykq2gcg.jpeg | https://rukminim2.flixcart.com/image/xif0q/sari/u/9/y/free-15-box-tant-jmall-no-blouse-original-imagjhg8dtqm6ege.jpeg,3 Days Replacement Policy,Clothing and Accessories,Sarees and Saree Essentials,Sarees,Women's Sarees,Clothing and Accessories | Sarees and Saree Essentials | Sarees | Women's Sarees | JMALL Women's Sarees,India,Shopsy Saree,,0,0,0,1df7b383-e084-55c3-ade1-732c9bea991f,09/30/23
Wallmate Decorative White Wallpaper  (30 cm x 304.8 cm),https://www.flipkart.com/wallmate-decorative-white-wallpaper/p/itm8aae7adc9926e,itm8aae7adc9926e,https://www.flipkart.com/product/p/itm8aae7adc9926e,330,INR,"₹1,249",73% off,False,Pack of: 1 | Vinyl | Color: White,WALLMATE,4.3,,"[{'Model Number': 'White Glossy Wallpaper Peel & Stick Vinyl Contact Paper Self Adhesive Vinyl Wallpaper For Kitchen Cabinet And Furniture Countertop Decorative Removable Waterproof Wallpaper ( 12""x120"" Inches)'}, {'Scratch Resistant': 'Yes'}, {'Waterproof': 'Yes'}, {'Paper Type': 'Vinyl'}, {'Shape': 'Rectangle'}, {'Size': '12x120 Inches'}, {'Net Quantity': '1'}, {'Finish': 'Glossy'}, {'Other Features': 'Easily Clean'}]","White Glossy Wallpaper Peel & Stick Vinyl Contact Paper Self Adhesive Vinyl Wallpaper For Kitchen Cabinet And Furniture Countertop Decorative Removable Waterproof Wallpaper ( 12""x120"" Inches): Model Number | Yes: Scratch Resistant | Yes: Waterproof | Vinyl: Paper Type | Rectangle: Shape | 12x120 Inches: Size | 1: Net Quantity | Glossy: Finish | Easily Clean: Other Features",https://rukminim2.flixcart.com/image/l5bd5zk0/wallpaper/r/4/7/30-304-8-1-white-glossy-wallpaper-peel-stick-vinyl-contact-paper-original-imaggyz5ukqxh2kc.jpeg | https://rukminim2.flixcart.com/image/knm2s280/wallpaper/a/v/o/60-300-white-glossy-self-adhesive-vinyl-pvc-film-pure-white-original-imag295xhvpggdfh.jpeg | https://rukminim2.flixcart.com/image/keiuxzk0/wallpaper/w/h/p/127-30-48-self-adhesive-high-gloss-wallpaper-waterproof-old-original-imafv6fc935hsxf7.jpeg | https://rukminim2.flixcart.com/image/l0bbonk0/wallpaper/r/b/v/60-299-1-24-x118-shiny-glossy-white-wallpaper-contact-paper-self-original-imagc4jghgygchxx.jpeg | https://rukminim2.flixcart.com/image/ko0d6kw0/window-film/k/k/b/white-contact-paper-for-cabinets-white-wallpaper-peel-stick-original-imag2k3cauq2kkfm.jpeg,No Returns Applicable,Home Decor,Stickers & Wallpapers,Wallpapers,Wallmate Wallpapers,Home Decor | Stickers & Wallpapers | Wallpapers | Wallmate Wallpapers,India,Wallpapers,KANAK WALLMATE,0,0,0,e8c295d4-f52b-5c44-a1eb-88efb68f1b3a,09/30/23
"eCase Back Cover for Apple iPhone 6  (Multicolor, Hard Case, Pack of: 1)",https://www.flipkart.com/hi/ecase-back-cover-apple-iphone-6/p/itmf86cveabvhwg3,itmf86cveabvhwg3,https://www.flipkart.com/product/p/itmf86cveabvhwg3,299,INR,₹999,70% off,True,Suitable For: Mobile | Material: Plastic | Theme: Comics/Cartoons/Superheroes | Type: Back Cover,Sale0n,4,eCase Hard Case Designer Phone Cases are best in Class. Every Cover is Printed with excellent precision using our Cover Hub Printing technology. Our Print is Extremely Durable and the Case is designed to fit your Mobile Device to perfection. Each Case Cover Goes throug a rigid QC workflow and the End result is nothing less than Remarkable.,"[{'Sales Package': '1 Back Cover'}, {'Model Number': 'ESKU002D20093 Buri Nazar Walle'}, {'Designed For': 'Apple iPhone 6'}, {'Brand Color': 'Multicolor'}, {'Pack of': '1'}]",1 Back Cover: Sales Package | ESKU002D20093 Buri Nazar Walle: Model Number | Apple iPhone 6: Designed For | Multicolor: Brand Color | 1: Pack of,https://rukminim2.flixcart.com/image/jovshow0-1/cases-covers/back-cover/z/a/x/instyle-isku017d30391-original-imaf86cyrnbhrbuc.jpeg | https://rukminim2.flixcart.com/image/jumzc7k0/cases-covers/back-cover/z/z/d/aspir-asku286d00536-original-imaf3hjsbstxxzgy.jpeg | https://rukminim2.flixcart.com/image/jumzc7k0/cases-covers/back-cover/p/x/f/aspir-asku288d00441-original-imaf3hjsanajnbg9.jpeg | https://rukminim2.flixcart.com/image/jumzc7k0/cases-covers/back-cover/9/z/p/aspir-asku287d00031-original-imaf3hjscgqrdxmw.jpeg,7 Days Replacement Policy,Mobiles & Accessories,Mobile Accessories,Cases & Covers,Designer Cases & Covers,Mobiles & Accessories | Mobile Accessories | Cases & Covers | Designer Cases & Covers | eCase Designer Cases & Covers,,,,0,0,0,f8eb395a-b1b6-5ede-acbb-fb0364f44b71,09/30/23
Tamanchi Autocare Car Cover For Daewoo Matiz 1  (Blue),https://www.flipkart.com/tamanchi-autocare-car-cover-daewoo-matiz-1/p/itmf2fa725a55033,itmf2fa725a55033,https://www.flipkart.com/product/p/itmf2fa725a55033,609,INR,"₹2,499",75% off,False,"Water Repellant | Material: Polyester | Tear Resistant, UV Ray Protection, Water Resistant, Weather Resistant",Matguwanwala,3.9,"Tamanchi Car Cover, Your Mobile Garage, Giving Your All-Weather, All-Season Protection.Durable Material Made of high quality and heavy weave Polyester Taffeta Cloth, durable, no faded, UV resistant and water resistant.
The polyester taffeta material will be thinner, extremely strong, and the storage is convenient.Most people need a car cover because their cars are parked outdoor and suffered. No worries, what we do is to protect your car from all weather. Our car covers give your vehicle all-round protection. This cover is superior to competitors' in many features.",[],,https://rukminim2.flixcart.com/image/l1dwknk0/car-cover/k/0/k/no-car-full-body-cover-for-blue-without-mirror-pocket-for-daewoo-original-imagcyeg2snjy4gp.jpeg | https://rukminim2.flixcart.com/image/l1dwknk0/car-cover/k/y/u/no-car-full-body-cover-for-blue-without-mirror-pocket-for-daewoo-original-imagcyefhyc9qmzg.jpeg | https://rukminim2.flixcart.com/image/l1dwknk0/car-cover/z/q/k/no-car-full-body-cover-for-blue-without-mirror-pocket-for-daewoo-original-imagcyef3zrgfczr.jpeg | https://rukminim2.flixcart.com/image/l1dwknk0/car-cover/3/3/0/no-car-full-body-cover-for-blue-without-mirror-pocket-for-daewoo-original-imagcyefynqngzhf.jpeg,7 Days Replacement Policy,Automotive Accessories,Vehicle Body Covers,Car Body Covers,Tamanchi Autocare Car Body Covers,Automotive Accessories | Vehicle Body Covers | Car Body Covers | Tamanchi Autocare Car Body Covers,India,Car Cover,12345678910,0,0,0,73e635ad-6e60-5aa6-98dc-75c9270ae90d,09/30/23
JHABAK'S,https://www.flipkart.com/jhabak-s-cotton-self-design-shirt-fabric/p/itm9663b786c261c,itm9663b786c261c,https://www.flipkart.com/product/p/itm9663b786c261c,"1,199",INR,"₹2,499",52% off,True,,JHABAKS,4.6,,[],,https://rukminim2.flixcart.com/image/kr0ynbk0/fabric/b/l/x/no-unstitched-fashion-fever-3-shirt-pc-jhabak-s-original-imag4wtekygz7g42.jpeg | https://rukminim2.flixcart.com/image/kr0ynbk0/fabric/b/l/x/no-unstitched-fashion-fever-3-shirt-pc-jhabak-s-original-imag4wtekygz7g42.jpeg | https://rukminim2.flixcart.com/image/xif0q/fabric/p/l/g/no-2-25-m-unstitched-na-shirt-trouser-9-jhabak-s-original-imag2mncnygjyzzb.jpeg | https://rukminim2.flixcart.com/image/xif0q/fabric/8/q/2/no-2-25-m-unstitched-na-shirt-trouser-9-jhabak-s-original-imag37hxsewkf2yj.jpeg | https://rukminim2.flixcart.com/image/xif0q/fabric/n/g/b/no-2-25-m-unstitched-na-shirt-trouser-9-jhabak-s-original-imag2mndzav3dvxm.jpeg | https://rukminim2.flixcart.com/image/koudfgw0/fabric/w/3/i/no-unstitched-fashion-fever-1-pc-subhdin-original-imag37hxgfjnsjqd.jpeg,10 Days Return Policy,,,,,,India,Fabric,,3.9,23,129,f5a26dd8-434e-5f59-aa62-3951c709afec,09/30/23
"अदिति डिज़ाइन्स बैक कवर OPPO A15 के लिए  (बहुरंगी, डुअल प्रोटेक्शन)",https://www.flipkart.com/hi/aditi-designs-back-cover-oppo-a15/p/itm5501b67ae88a6,itm5501b67ae88a6,https://www.flipkart.com/product/p/itm5501b67ae88a6,240,INR,₹479,49% off,True,मोबाइल के लिए उपयुक्त | मटेरियल: प्लास्टिक | थीम: कोई थीम नहीं | टाइप: बैक कवर,AditiDesigns,3.6,"मोबाइल के लिए हार्ड प्लास्टिक प्रिंटेड केस, हाई ड्यूरेबिलिटी के साथ स्टाइलिश। यह स्टाइल जोड़ता है और आपके फोन पर पूरी तरह से फिट बैठता है। चुनने के लिए डिजाइनों की वाइड रेंज।","[{'Sales Package': '1x Designer Back case Covet'}, {'Model Number': 'ADTI-09'}, {'Designed For': 'OPPO A15'}, {'Brand Color': 'Multicolor'}, {'Pack of': '1'}, {'Warranty Summary': '7 Days Return Policy'}]",1x Designer Back case Covet: Sales Package | ADTI-09: Model Number | OPPO A15: Designed For | Multicolor: Brand Color | 1: Pack of | 7 Days Return Policy: Warranty Summary,https://rukminim2.flixcart.com/image/kkwwu4w0/cases-covers/back-cover/g/v/w/adti-09-aditi-designs-original-imagy4vtycnfg4jg.jpeg | https://rukminim2.flixcart.com/image/kgy0sy80/cases-covers/back-cover/y/m/c/aditi-designs-aditi31oct-377-original-imafx2bjtyk9xhtb.jpeg,7 Days Replacement Policy,Mobiles & Accessories,Mobile Accessories,Cases & Covers,Plain Cases & Covers,Mobiles & Accessories | Mobile Accessories | Cases & Covers | Plain Cases & Covers | ADITI  Designs Plain Cases & Covers,,,,4.3,0,3,5ca22b22-47cd-5666-80c7-03537fd22066,09/30/23
"MITASU USB Type C Cable 6.5 A 1.00492999999996 m Copper Braiding oppo a9 2020 charger cable c type  (Compatible with Compatible with OPPO/REALME/ONEPLUS, VOOC/DASH/WARP/DART/SUPERVOOC Type C Cable, White, One Cable)",https://www.flipkart.com/mitasu-usb-type-c-cable-6-5-1-00492999999996-m-copper-braiding-oppo-a9-2020-charger/p/itm6049321068157,itm6049321068157,https://www.flipkart.com/product/p/itm6049321068157,444,INR,₹999,55% off,False,"Length 1.00492999999996 m | Round Cable | Connector One: USB Type A|Connector Two: Type-C Cable | Cable Speed: 480 Mbps | Tablet, Mobile, MP3 Player, Computer, Gaming Console, Camera",saurabhenterprises777,4.6,65W/6.5A SUPER FAST CHARGING CABLE TYPE C SUPPORT / SUPERCHARGER / SUPERVOOC / SUPERDART / SUPERFLASH / FLASHCHARGING / VOOC / DART / DASH / WARP / FLASH / TURBO / SONIC / HYPER / RAPID / 55W / 50W / 44W / 33W / 30W / 27 / 25 / 20W / 18W / 15W / COMPATIBLE FOR ONEPLUS 9R / NORD / NORD 2 / NORD CE / 3 / 3T / 5 / 5T / 6 / 6T / 7 / 7 PRO / 7T / 7T PRO / 8 / 8 PRO / OPPO RENO3 / RENO3 PRO / RENO4 PRO / RENO5 PRO / RENO6 / RENO6 PRO / REALME 7 / 7 PRO / X7 / X7 PRO / X7 MAX / X3 / X50 PRO / 8 PRO / GT MASTER EDIITION / GT NEO 2 / NARZO 20 PRO / VIVO X50 / X50 PRO / X60 / X60 PRO / X60 PRO PLUS / X70 PRO / X70 PRO PLUS / iQOO 3 / 7 / Z3 / Z5 / Mi 10 / 10i / 10T / 10T PRO / 11 ULTRA / 11X / 11X PRO / 11 LITE / 11 LITE NE / POCO M2 PRO / M3 PRO / X3 PRO / F3 GT / MOTOROLA G40 FUSION / G30 / G51 / G60 / ONE VISION / G8 PLUS / RAZR / RAZR 5G / EDGE PLUS / ONE / ONE POWER / ONE FUSION PLUS / ONE MACRO / EDGE 20 / EDGE 20 PRO / EDGE 20 FUSION /. By NUKAICHAU,"[{'Sales Package': '1 Data Cable'}, {'Number of Contents in Sales Package': '1'}, {'Brand': 'MITASU'}, {'Type': 'USB Type C Cable'}, {'Cable Type': 'Vooc Cable 620 Mbps Speed 480 Mbps Speed'}, {'Connector 1': '1 Pin USB Type A'}, {'Connector 2': '1 Pin Type-C Cable'}, {'Connector Material': 'Stainless Steel'}, {'Cable': 'Connector Moulding Round'}, {'Part Number': 'DC112_NUKAICHAU_SN4NB22ns38.493'}, {'Model': 'oppo a9 2020 charger cable c type'}, {'Compatible Devices': 'Tablet, Mobile, MP3 Player, Computer, Gaming Console, Camera'}, {'Color': 'White'}, {'Suitable For': 'Compatible with OPPO/REALME/ONEPLUS, VOOC/DASH/WARP/DART/SUPERVOOC Type C Cable'}, {'Cable Length': '1.00492999999996 m'}, {'Net Quantity': '1'}, {'Conductor': '2 mm Copper'}, {'Core': 'Copper'}, {'Jacket': '3 OEM Jacket'}, {'Jacket AVU Thickness': '1 mm'}, {'Minimum Jacket Thickness': '1 mm'}, {'Insulation': '3'}, {'Insulation AVU Thickness': '1 mm'}, {'Minimum Insulation Thickness': '1 mm'}, {'Other Materials': 'Copper Braiding'}, {'Corrosion Resistant': 'Yes'}, {'Other Cable and Connector Features': 'Tangle Resistant'}, {'Maximum Digital Resolution': '4K'}, {'3D Support': 'Yes'}, {'Rating Temperature': '40 degree C'}, {'Voltage Rating': '10 V'}, {'Maximum Current Rating': '6.5 A'}, {'Other Features': 'samsung galaxy c type data cable'}, {'Warranty Summary': '12 MONTHS REPLACEMENT WARRANTY(Whatsapp Only 8228903108)'}, {'Covered in Warranty': 'MANUFACTURUNG DEFECTS'}, {'Not Covered in Warranty': 'ANY PHYSICAL DAMAGES'}, {'Warranty Service Type': 'REPLACEMENT'}]","1 Data Cable: Sales Package | 1: Number of Contents in Sales Package | MITASU: Brand | USB Type C Cable: Type | Vooc Cable 620 Mbps Speed 480 Mbps Speed: Cable Type | 1 Pin USB Type A: Connector 1 | 1 Pin Type-C Cable: Connector 2 | Stainless Steel: Connector Material | Connector Moulding Round: Cable | DC112_NUKAICHAU_SN4NB22ns38.493: Part Number | oppo a9 2020 charger cable c type: Model | Tablet, Mobile, MP3 Player, Computer, Gaming Console, Camera: Compatible Devices | White: Color | Compatible with OPPO/REALME/ONEPLUS, VOOC/DASH/WARP/DART/SUPERVOOC Type C Cable: Suitable For | 1.00492999999996 m: Cable Length | 1: Net Quantity | 2 mm Copper: Conductor | Copper: Core | 3 OEM Jacket: Jacket | 1 mm: Jacket AVU Thickness | 1 mm: Minimum Jacket Thickness | 3: Insulation | 1 mm: Insulation AVU Thickness | 1 mm: Minimum Insulation Thickness | Copper Braiding: Other Materials | Yes: Corrosion Resistant | Tangle Resistant: Other Cable and Connector Features | 4K: Maximum Digital Resolution | Yes: 3D Support | 40 degree C: Rating Temperature | 10 V: Voltage Rating | 6.5 A: Maximum Current Rating | samsung galaxy c type data cable: Other Features | 12 MONTHS REPLACEMENT WARRANTY(Whatsapp Only 8228903108): Warranty Summary | MANUFACTURUNG DEFECTS: Covered in Warranty | ANY PHYSICAL DAMAGES: Not Covered in Warranty | REPLACEMENT: Warranty Service Type",https://rukminim2.flixcart.com/image/xif0q/data-cable/usb-type-c-cable/n/c/x/oneplus-usb-charger-ayuveda-original-imaghfrhtmmgswam.jpeg | https://rukminim2.flixcart.com/image/xif0q/data-cable/usb-type-c-cable/l/t/t/oneplus-usb-charger-ayuveda-original-imaghfrhngrr4qpn.jpeg | https://rukminim2.flixcart.com/image/xif0q/data-cable/usb-type-c-cable/q/q/e/oneplus-usb-charger-ayuveda-original-imaghfrhhar8efty.jpeg | https://rukminim2.flixcart.com/image/xif0q/data-cable/usb-type-c-cable/z/r/m/oneplus-usb-charger-ayuveda-original-imaghfrhanwhre2q.jpeg | https://rukminim2.flixcart.com/image/xif0q/data-cable/usb-type-c-cable/w/r/l/oneplus-usb-charger-ayuveda-original-imaghfrhkgzx9h6t.jpeg,7 Days Replacement Policy,Mobiles & Accessories,Mobile Accessories,Mobile Cables,MITASU Mobile Cables,Mobiles & Accessories | Mobile Accessories | Mobile Cables | MITASU Mobile Cables,India,Data Cables,,0,0,0,cf29b410-9e88-5149-ab92-289b79fdc846,09/30/23
ZINGTEL Back Screen Guard for ZTE AXON MINI  (Pack of 2),https://www.flipkart.com/zingtel-back-screen-guard-zte-axon-mini/p/itm64efc36cfbb0e,itm64efc36cfbb0e,https://www.flipkart.com/product/p/itm64efc36cfbb0e,151,INR,₹799,81% off,True,"Air-bubble Proof, Anti Fingerprint, Scratch Resistant | Mobile | Back Screen Guard | Removable",RingersTelImpex,4.3,"ZINGTEL's Back Screen Guards are Custom designed to fit your phone, These Back Protectors perfectly follow every curve of your device while seamlessly allowing access to all sensors,ports & camera's. The look and feel of this fiber material compliments and enhances the design of your device, & personalize the look of the phone without hiding its shape.",[],,https://rukminim2.flixcart.com/image/khwbde80/screen-guard/back-screen-guard/y/j/h/zingtel-2p-bc3-zing-5297-original-imafxsxyk2ytxac6.jpeg | https://rukminim2.flixcart.com/image/khavrm80/screen-guard/back-screen-guard/n/5/j/teltrek-2p-bc1-telt-101-original-imafxcsr3fzc3uyk.jpeg | https://rukminim2.flixcart.com/image/khavrm80/screen-guard/back-screen-guard/n/k/w/teltrek-2p-bc1-telt-173-original-imafxcsrem34cxch.jpeg | https://rukminim2.flixcart.com/image/khavrm80/screen-guard/back-screen-guard/q/y/p/teltrek-2p-bc1-telt-709-original-imafxcsrynazqdsu.jpeg,No Returns Applicable,Mobiles & Accessories,Mobile Accessories,Screen Guards,ZINGTEL Screen Guards,Mobiles & Accessories | Mobile Accessories | Screen Guards | ZINGTEL Screen Guards,India,Screen Guards,,0,0,0,60e8a746-3a29-5442-9c14-36be8778aa02,09/30/23
MAYANTA CREATION,https://www.flipkart.com/mayanta-creation-women-bodycon-green-black-dress/p/itmcb35a62263ae6,itmcb35a62263ae6,https://www.flipkart.com/product/p/itmcb35a62263ae6,298,INR,"₹1,999",85% off,True,,MAYANTACREATION,4.8,,[],,https://rukminim2.flixcart.com/image/xif0q/dress/2/c/s/l-1009-green-mayanta-creation-original-imagzetxgspnh8st.jpeg | https://rukminim2.flixcart.com/image/xif0q/dress/n/g/n/l-1009-green-mayanta-creation-original-imagzetx387gmmhr.jpeg | https://rukminim2.flixcart.com/image/xif0q/dress/m/7/l/l-1009-green-mayanta-creation-original-imagzetxthhdezf7.jpeg | https://rukminim2.flixcart.com/image/xif0q/dress/s/v/p/l-1009-green-mayanta-creation-original-imagzetxqcrarzfg.jpeg | https://rukminim2.flixcart.com/image/xif0q/dress/c/z/j/l-1009-green-mayanta-creation-original-imagzetxyzyjcadm.jpeg,10 Days Return Policy,,,,,,India,Dress,,4.1,13,115,b68e6920-0356-5a81-9c40-8a9695471142,09/30/23
"Afterglow Back Cover for Vivo Y19  (Multicolor, Dual Protection, Pack of: 1)",https://www.flipkart.com/afterglow-back-cover-vivo-y19/p/itmacb91f6081c1d,itmacb91f6081c1d,https://www.flipkart.com/product/p/itmacb91f6081c1d,236,INR,₹999,76% off,True,Suitable For: Mobile | Material: Plastic | Theme: Religion/Festivals/Spiritual | Type: Back Cover,V C Enterprises,3,AFTERGLOW designer back covers are made of hard plastic for durability and effective protection from inadvertent falls. It adds sense of style to your device and comes with a long lasting matte finish. Our cases are printed using HTP technology which imparts the image permanently on to the surface of the substrate. These phone cases can be installed hassle free and provides easy access to various ports and buttons. Textures shown in the images may differ from actual finish on the case.,"[{'Sales Package': '1 Designer Back Cover'}, {'Model Number': 'VC-Y19-0394'}, {'Designed For': 'Vivo Y19'}, {'Brand Color': 'Multicolor'}, {'Pack of': '1'}, {'Other Features': 'Hard Case'}]",1 Designer Back Cover: Sales Package | VC-Y19-0394: Model Number | Vivo Y19: Designed For | Multicolor: Brand Color | 1: Pack of | Hard Case: Other Features,,7 Days Replacement Policy,Mobiles & Accessories,Mobile Accessories,Cases & Covers,Designer Cases & Covers,Mobiles & Accessories | Mobile Accessories | Cases & Covers | Designer Cases & Covers | Afterglow Designer Cases & Covers,India,Cases & Covers,,0,0,0,c392324a-cf07-59d4-aaac-f1b601f5bbb3,09/30/23
W proof Two Wheeler Cover for Harley Davidson  (Blue),https://www.flipkart.com/hi/w-proof-two-wheeler-cover-harley-davidson/p/itm7c3f414b84699,itm7c3f414b84699,https://www.flipkart.com/product/p/itm7c3f414b84699,299,INR,₹999,70% off,True,Made of Polyester | Compatible Vehicle Brands: Harley Davidson | Compatible Vehicle Models: Universal For Bike,TheVictor,3.7,"Two wheeler cover provide enhanced shielding to your vehicle against Moisture, Dirt, Dust, Weather Extremes, Fading Away From Sunlight, Scratching. Protect The Internal Engine Parts From Dust. It guards the painted or leather from UV rays. Suitable for all weather conditions, easy to handle. It also protects the internal engine parts from rust and dust. The product can be used for both indoor and outdoor covering of two wheelers. Bike body covers are associated with many important features for better protection of the two wheeler vehicle. Some of its common features are: All covers are water resistant. Can be used for both indoor and outdoor covering of two wheelers. Some of its important functions are: Protect the vehicle against weather, scrapes, scratches and sun damage.",[],,,7 Days Replacement Policy,Automotive Accessories,Vehicle Body Covers,Bike Body Covers,W proof Bike Body Covers,Automotive Accessories | Vehicle Body Covers | Bike Body Covers | W proof Bike Body Covers,,,,0,0,0,1499c340-143a-51a0-bb5f-6139e4029f9c,09/30/23
INCLU Edge To Edge Tempered Glass for Realme U1  (Pack of 2),https://www.flipkart.com/inclu-edge-tempered-glass-realme-u1/p/itme093bb1a10b54,itme093bb1a10b54,https://www.flipkart.com/product/p/itme093bb1a10b54,399,INR,₹999,60% off,True,5D Tempered Glass | Mobile | Edge To Edge Tempered Glass | Removable,INCLU,4.1,"Edge-To-Edge Coverage & 100% Full Glue Glass ensures that there are no gaps between the glass & your device ensuring unaffected Screen Clarity, Brightness & Responsiveness,HD Tempered Glass provides the necessary protection to your screen while having 100% transparency and zero impact on your phone s bright & vivid visual display.Inclu Full Glue Tempered Glass is a High Quality Glass Made in Korea. Full HD Clarity means No Dots on Glass what so ever,Japanese Silicon based adhesive on 100% of Glass Surface provides Seamless & Bubble-Free installation; leaves no residue when remove",[],,https://rukminim2.flixcart.com/image/xif0q/screen-guard/edge-to-edge-tempered-glass/v/7/k/kpl-173-ragro-original-imagnygeyhtphpzz.jpeg | https://rukminim2.flixcart.com/image/xif0q/screen-guard/edge-to-edge-tempered-glass/p/r/z/kpl-173-ragro-original-imagnygepvu5sx5k.jpeg | https://rukminim2.flixcart.com/image/xif0q/screen-guard/edge-to-edge-tempered-glass/a/g/a/kpl-173-ragro-original-imagnygeahk9kary.jpeg | https://rukminim2.flixcart.com/image/xif0q/screen-guard/edge-to-edge-tempered-glass/8/f/p/kpl-173-ragro-original-imagnygegrz4azvt.jpeg | https://rukminim2.flixcart.com/image/xif0q/screen-guard/edge-to-edge-tempered-glass/7/z/4/kpl-173-ragro-original-imagnygefsanz9dg.jpeg,No Returns Applicable,Mobiles & Accessories,Mobile Accessories,Screen Guards,INCLU Screen Guards,Mobiles & Accessories | Mobile Accessories | Screen Guards | INCLU Screen Guards,India,Screen Guards,,0,0,0,9d23c698-4a3e-5b09-a104-31987a608d2d,09/30/23
डिजी डेकोर इम्पॉसिबल स्क्रीन गार्ड Samsung Galaxy A9 Pro 2018 के लिए  (1 का पैक),https://www.flipkart.com/hi/digi-decor-impossible-screen-guard-samsung-galaxy-a9-pro-2018/p/itm378d43e70738d,itm378d43e70738d,https://www.flipkart.com/product/p/itm378d43e70738d,210,INR,₹399,47% off,True,एंटी फिंगरप्रिंट | मोबाइल | इम्पॉसिबल स्क्रीन गार्ड | रिमूवेबल,DIGIDECOR,3.8,,"[{'Designed For': 'Samsung Galaxy A9 Pro 2018'}, {'Color': 'Transparent'}, {'Applied on': 'Front'}, {'Fixing Method': 'Clean the SCREEN of the device with cleaning cloth provided and turn the sticky side of Glass towards the display aligning it to edges. Proceed peeling the film and applying glass simultaneouly till the total application.'}, {'Number of Layers': '3'}, {'Is Residue Free Removal': 'Yes'}, {'Tinted': 'Yes'}, {'Other Features': 'Air-bubble Proof, Anti Fingerprint, Anti Bacterial, Anti Glare, Anti Reflection, Scratch Resistant, Nano Liquid Screen Protector'}, {'Sales Package': '1 Impossible Screen Protector'}, {'Warranty Summary': 'No Replacement Once Sold.'}]","Samsung Galaxy A9 Pro 2018: Designed For | Transparent: Color | Front: Applied on | Clean the SCREEN of the device with cleaning cloth provided and turn the sticky side of Glass towards the display aligning it to edges. Proceed peeling the film and applying glass simultaneouly till the total application.: Fixing Method | 3: Number of Layers | Yes: Is Residue Free Removal | Yes: Tinted | Air-bubble Proof, Anti Fingerprint, Anti Bacterial, Anti Glare, Anti Reflection, Scratch Resistant, Nano Liquid Screen Protector: Other Features | 1 Impossible Screen Protector: Sales Package | No Replacement Once Sold.: Warranty Summary",https://rukminim2.flixcart.com/image/k6l2vm80/screen-guard/impossible-screen-guard/t/g/y/cart-sutra-impossible-screen-protector-56-original-imafzhnfwaj4fkyu.jpeg | https://rukminim2.flixcart.com/image/k6mibgw0/screen-guard/impossible-screen-guard/u/n/v/mozap-impossible-screen-protector-225-original-imafjqdpxn6g88wx.jpeg | https://rukminim2.flixcart.com/image/k6mibgw0/screen-guard/impossible-screen-guard/5/k/6/mozap-impossible-screen-protector-97-original-imafjqdprh6vjktz.jpeg | https://rukminim2.flixcart.com/image/k6mibgw0/screen-guard/impossible-screen-guard/h/s/d/mozap-impossible-screen-protector-2-original-imafgyu4szcemwck.jpeg | https://rukminim2.flixcart.com/image/k6mibgw0/screen-guard/impossible-screen-guard/h/s/d/mozap-impossible-screen-protector-2-original-imafjqdtsgkzdndq.jpeg,वापसी नहीं होगी ,Mobiles & Accessories,Mobile Accessories,Screen Guards,DIGI DECOR Screen Guards,Mobiles & Accessories | Mobile Accessories | Screen Guards | DIGI DECOR Screen Guards,,,,0,0,0,16b8e459-4891-5c0d-b51b-fc41828354f0,09/30/23
CLOTHING CULTURE,https://www.flipkart.com/clothing-culture-solid-men-henley-neck-multicolor-t-shirt/p/itm7d8dfa818dcff,itm7d8dfa818dcff,https://www.flipkart.com/product/p/itm7d8dfa818dcff,"1,399",INR,"₹3,099",54% off,True,,CLOTHING CULTURE,4,,[],,https://rukminim2.flixcart.com/image/kmns7m80/t-shirt/4/w/c/xl-frhenpchgrngry-feranoid-original-imagfgenyggwxfct.jpeg | https://rukminim2.flixcart.com/image/kmns7m80/t-shirt/f/f/b/xl-frp2hengryylw-feranoid-original-imagfgaq5cyn8nvz.jpeg | https://rukminim2.flixcart.com/image/kmns7m80/t-shirt/l/r/n/xl-frp2hengryylw-feranoid-original-imagfgaquw8trjsy.jpeg | https://rukminim2.flixcart.com/image/klzhq4w0/t-shirt/q/u/d/xxl-frhenpeach-feranoid-original-imagyznhuzcukgvy.jpeg | https://rukminim2.flixcart.com/image/klzhq4w0/t-shirt/j/h/w/xxl-frhenpeach-feranoid-original-imagyznhkgmwabbp.jpeg,10 Days Return Policy,Clothing and Accessories,Topwear,T-shirts,Men's T-shirts,Clothing and Accessories | Topwear | T-shirts | Men's T-shirts | CLOTHING CULTURE Men's T-shirts,India,T Shirts,,0,0,0,a08032a7-d4c2-5aa0-bb54-7cbc01ac311b,09/30/23
"CravingCovers Back Cover for Vivo Y11, Y12, Y15, Y17, U10  (Multicolor, Grip Case, Pack of: 1)",https://www.flipkart.com/hi/cravingcovers-back-cover-vivo-y11-y12-y15-y17-u10/p/itm28331990e0d19,itm28331990e0d19,https://www.flipkart.com/product/p/itm28331990e0d19,229,INR,₹999,77% off,False,Suitable For: Mobile | Material: Polycarbonate | Theme: Comics/Cartoons/Superheroes | Type: Back Cover,ThePinkCityStore,,"Craving covers presents, double Layer clip-on protective case with extra durability, offers impact resistant polycarbonate shell and shock absorbing liner. The cover is printed using vivid colors, embedded onto the case. Compatible with Qi- standard wireless charging.","[{'Sales Package': 'Printed Mobile cover'}, {'Model Number': 'Y11PR-66'}, {'Designed For': 'Vivo Y11, Y12, Y15, Y17, U10'}, {'Brand Color': 'MultiColor'}, {'Pack of': '1'}]","Printed Mobile cover: Sales Package | Y11PR-66: Model Number | Vivo Y11, Y12, Y15, Y17, U10: Designed For | MultiColor: Brand Color | 1: Pack of",https://rukminim2.flixcart.com/image/xif0q/cases-covers/back-cover/j/3/k/y11pr-66-cravingcovers-original-imagguqbghfkmmgh.jpeg | https://rukminim2.flixcart.com/image/kz5vwy80/cases-covers/back-cover/n/e/d/bts-43-soulabiti-original-imagb8kmvr2ykyqs.jpeg,7 Days Replacement Policy,Mobiles & Accessories,Mobile Accessories,Cases & Covers,Designer Cases & Covers,Mobiles & Accessories | Mobile Accessories | Cases & Covers | Designer Cases & Covers | CravingCovers Designer Cases & Covers,,,,0,0,0,e9bea77d-dde8-5d4b-bce9-247cc57c5f4a,09/30/23
Zivosis,https://www.flipkart.com/hi/zivosis-daily-use-everyday-bra-girl-women-every-occassion-formal-party-wear-collage-office-ethnic-full-coverage-non-padded/p/itm0f531c40a4b6d,itm0f531c40a4b6d,https://www.flipkart.com/product/p/itm0f531c40a4b6d,387,INR,"₹1,592",75% off,True,,Zivosis,4.3,,[],,https://rukminim2.flixcart.com/image/kcuug7k0/bra/z/w/g/non-padded-38-yes-regular-regular-coton-1-c6-lady-one-original-imaftvxtg9q3hthg.jpeg | https://rukminim2.flixcart.com/image/kctf0cw0/bra/w/u/x/non-padded-38-yes-regular-regular-coton-2-c6-lady-one-original-imaftv7caczmefcy.jpeg | https://rukminim2.flixcart.com/image/kctf0cw0/bra/a/o/b/non-padded-38-yes-regular-regular-coton-2-c6-lady-one-original-imaftv7czhzyqrxy.jpeg,10 दिन की रिटर्न पॉलिसी,Clothing and Accessories,Innerwear and Swimwear,Bras,Women's Bras,Clothing and Accessories | Innerwear and Swimwear | Bras | Women's Bras | Zivosis Women's Bras,,,,0,0,0,c9f73666-134a-5173-a157-e1ca0fda8bba,09/30/23
"NEVYZAP Back Cover for Mi Redmi 5A  (Multicolor, Grip Case, Silicon, Pack of: 1)",https://www.flipkart.com/hi/nevyzap-back-cover-mi-redmi-5a/p/itm9a26f8e548a9a,itm9a26f8e548a9a,https://www.flipkart.com/product/p/itm9a26f8e548a9a,219,INR,₹499,56% off,True,Suitable For: Mobile | Material: Silicon | Theme: Comics/Cartoons/Superheroes | Type: Back Cover,KLC COVER,4.1,"Redmi 5A Back Cover, the best Multicolor covers, This soft silicone Multicolor cover will protect and prevent your phone from scratches, damage and dust. The silicone cover is made from a lightweight tough strong high quality rubber/silicone material which will help you to keep your phone safe. It comes in smooth texture. This will not only look good on your phone but will protect it. This case will Style your mobile.","[{'Sales Package': '1 Back Cover'}, {'Model Number': 'Red-R5A-JP3686'}, {'Designed For': 'Mi Redmi 5A'}, {'Brand Color': 'Multicolor'}, {'Pack of': '1'}, {'Other Features': 'Back Cover, Dust free, washable, Fingerprints Free, Made of soft silicone which make it soft and durable.Access to All buttons, Controls & Ports easily, and without removing the skin.'}]","1 Back Cover: Sales Package | Red-R5A-JP3686: Model Number | Mi Redmi 5A: Designed For | Multicolor: Brand Color | 1: Pack of | Back Cover, Dust free, washable, Fingerprints Free, Made of soft silicone which make it soft and durable.Access to All buttons, Controls & Ports easily, and without removing the skin.: Other Features",https://rukminim2.flixcart.com/image/ktg4ia80/cases-covers/back-cover/d/l/0/red-r5a-jp3686-rockprint-original-imag6sebggzvyhhn.jpeg | https://rukminim2.flixcart.com/image/ktg4ia80/cases-covers/back-cover/w/y/s/red-r5a-jp3686-rockprint-original-imag6sebhbqqdpk6.jpeg | https://rukminim2.flixcart.com/image/ktg4ia80/cases-covers/back-cover/c/p/w/red-r5a-jp3686-rockprint-original-imag6sebh6yghyjg.jpeg | https://rukminim2.flixcart.com/image/ksoz53k0/cases-covers/back-cover/y/2/h/rel-r6s-jp3686-simawat-original-imag67hmnza2ba6w.jpeg,7 Days Replacement Policy,Mobiles & Accessories,Mobile Accessories,Cases & Covers,Designer Cases & Covers,Mobiles & Accessories | Mobile Accessories | Cases & Covers | Designer Cases & Covers | NEVYZAP Designer Cases & Covers,,,,0,0,0,6fc36824-4392-5d32-aa42-9f0c16d71dde,09/30/23
"Printed Double Mink Blanket  (Microfiber, Multicolor12)",https://www.flipkart.com/printed-double-mink-blanket/p/itm3164f2db7f665,itm3164f2db7f665,https://www.flipkart.com/product/p/itm3164f2db7f665,519,INR,"₹1,999",74% off,True,,MEHTAGJ,4.5,,"[{'Model Name': 'Printed_DB_DTY12'}, {'Design': 'Floral'}, {'Outer Material': 'Microfiber'}, {'Ideal Usage': 'Heavy Winter'}, {'Safety Features': 'Machine Wash / Hand Wash in Cold Water, Use Mild Detergent, Dry Flat, Do Not Iron, Do Not Bleach'}, {'Width': '86 inch / 220 cm'}, {'Length': '90 inch / 230 cm'}]","Printed_DB_DTY12: Model Name | Floral: Design | Microfiber: Outer Material | Heavy Winter: Ideal Usage | Machine Wash / Hand Wash in Cold Water, Use Mild Detergent, Dry Flat, Do Not Iron, Do Not Bleach: Safety Features | 86 inch / 220 cm: Width | 90 inch / 230 cm: Length",https://rukminim2.flixcart.com/image/kasjjww0/blanket/x/d/x/self-design-emboos-printed-blanket-gk-pritnted-100-gkm-original-imafsa84wvr2axbd.jpeg | https://rukminim2.flixcart.com/image/kasjjww0/blanket/x/d/x/self-design-emboos-printed-blanket-gk-pritnted-100-gkm-original-imafsa84bxwwnczn.jpeg,3 Days Replacement Policy,Home Furnishing,Bed Linen & Blankets,Blankets,BLAN STAR Blankets,Home Furnishing | Bed Linen & Blankets | Blankets | BLAN STAR Blankets,India,Shopsy Blanket,MEHTA TRADING,0,0,0,ed55856e-4c44-5a87-aeac-3e86cbdf6629,09/30/23
"LOREM Belt, Wallet & Watch Combo  (Black, Brown, Black)",https://www.flipkart.com/hi/lorem-belt-wallet-watch-combo/p/itmad04dda57b498,itmad04dda57b498,https://www.flipkart.com/product/p/itmad04dda57b498,449,INR,"₹1,299",65% off,True,"Color: Black, Brown, Black | Watch Features: Quartz | Type: Belt, Wallet & Watch Combo | Waist Size: 40 Inches | Card Slots: 7",SRKENTE,4.6,"LOREM watches are also known as it's Quality and Precise Finishing. This LOREM LR49 watch Comes with Round shape Black Dial with high premium Black Faux Leather straps. This watch is highly recommended for Men & Boys. Dial of this watch is protected by a mineral glass and has a Heavy Faux Leather strap for added comfort with Precious Finishing. The time is controlled by a single crown on the side of the watch and This stunning watch is working on a quartz mechanism. This watch is highly used for Casual, Partywear and Gifting Purposes. WALLET::-7 ATM Cards Slot | 2 Cash Compartments | 2 Secret (Hidden) Pockets |1 Button Coin Box |Removable ATM Card Holder | Brand Logo embossed | Light Weight | Smooth Finish | Trendy |Latest Design | Leather Wallet For Men The few things you carry, carry well! Great for gift. Enjoy your life and Just put a bow on it and you're ready to give to your special one. Our wallet not only offers security, it's also very functional. It features a quick access to IDs, driver license, ATM debit cards / credit cards, and has two long top slots for money, receipts, or tickets. The few things you carry, carry well! LOREM Belt are also known as it's Quality and Precise Finishing. This LOREM Belt Comes with high premium Brown Faux Leather Belt. This belt is highly recommended for Men & Boys This belt can be fit upto 40 inch waist size. Belt width is 1.5 inch with two stiched line. This Belts are a necessary final touch which brings your outfit together and definitely a must-have accessory with a elegant look.","[{'Brand': 'LOREM'}, {'Type': 'Belt, Wallet & Watch Combo'}, {'Ideal for': 'Men'}, {'Waist Size': '40 Inches'}, {'Watch Features': 'Quartz'}, {'Dial Shape': 'Round'}, {'Pack of': '3'}, {'Net Quantity': '3'}, {'Warranty Summary': '1 Year Warranty apply for manufacturing defects only.'}, {'Warranty Service Type': 'Off Site Warranty - Customer will Need to send the Defected Product to Our Warehouse and the replaced Product will be sent back to customer.'}, {'Covered in Warranty': 'Warranty of the product is limited to manufacturing defects only.'}, {'Not Covered in Warranty': 'Warranty does not cover any external damage caused to the product due to improper usage by customer, or burn out.'}, {'Domestic Warranty': '1 Year'}]","LOREM: Brand | Belt, Wallet & Watch Combo: Type | Men: Ideal for | 40 Inches: Waist Size | Quartz: Watch Features | Round: Dial Shape | 3: Pack of | 3: Net Quantity | 1 Year Warranty apply for manufacturing defects only.: Warranty Summary | Off Site Warranty - Customer will Need to send the Defected Product to Our Warehouse and the replaced Product will be sent back to customer.: Warranty Service Type | Warranty of the product is limited to manufacturing defects only.: Covered in Warranty | Warranty does not cover any external damage caused to the product due to improper usage by customer, or burn out.: Not Covered in Warranty | 1 Year: Domestic Warranty",https://rukminim2.flixcart.com/image/xif0q/accessories-combo/z/m/c/cm-lr49-wl08-bt13-bkl07-lorem-original-imagmtf6pvswnsxy.jpeg | https://rukminim2.flixcart.com/image/xif0q/accessories-combo/x/u/s/cm-lr49-wl08-bt13-bkl07-lorem-original-imagmtf6ubycyzx3.jpeg | https://rukminim2.flixcart.com/image/xif0q/accessories-combo/c/f/4/cm-lr49-wl08-bt13-bkl07-lorem-original-imagmtf6qrvsnh69.jpeg,10 दिन की रिटर्न पॉलिसी,"Bags, Wallets & Belts",Accessories Combo,LOREM Accessories Combo,"LOREM Belt, Wallet & Watch Combo (Black, Brown, Black)","Bags, Wallets & Belts | Accessories Combo | LOREM Accessories Combo",,,,0,0,0,ea33cbc9-9f3b-5b3c-a609-eae443a52668,09/30/23
wrap craft SAMSUNG GALAXY S21 Mobile Skin  (Multicolor),https://www.flipkart.com/hi/wrap-craft-samsung-galaxy-s21-mobile-skin/p/itm51fd2b7c9bdc9,itm51fd2b7c9bdc9,https://www.flipkart.com/product/p/itm51fd2b7c9bdc9,197,INR,₹699,71% off,True,SAMSUNG GALAXY S21 | Patterns | FANCY | Vinyl | Removable,NareshSalesNR99,4.7,"WRAP CRAFT SAMSUNG GALAXY Mobile Skin are made of high quality Premium Vinyl adhesive skin.Protect from scratch & Dust Decorate & beautiful your Phone
Easy to install, can be installed in minutes High Quality skin Sticker,
100% removable, leaves no stick residue or damage when removed  made of high quality Premium Vinyl adhesive skin  NOTE :- THIS IS A SKIN, NOT A CASE",[],,https://rukminim2.flixcart.com/image/knyxqq80/mobile-skin/y/6/s/s21-ga-sa-135-wrap-craft-original-imag2j4ad7uerzgt.jpeg | https://rukminim2.flixcart.com/image/khmbafk0-0/mobile-skin/3/r/i/ui-25-wrap-craft-original-imafxh4gzcxbwpmg.jpeg,वापसी नहीं होगी ,Mobiles & Accessories,Mobile Accessories,Styling & Maintenance,Mobile Skin Stickers,Mobiles & Accessories | Mobile Accessories | Styling & Maintenance | Mobile Skin Stickers | wrap craft Mobile Skin Stickers,,,,0,0,0,cc816451-5898-54d5-a836-a4dd41eecbd0,09/30/23
"Instyle Back Cover for Mi Mix 2  (Multicolor, Hard Case, Pack of: 1)",https://www.flipkart.com/hi/instyle-back-cover-mi-mix-2/p/itmb9116eb4a2bd6,itmb9116eb4a2bd6,https://www.flipkart.com/product/p/itmb9116eb4a2bd6,229,INR,₹799,71% off,True,Suitable For: Mobile | Material: Plastic | Theme: Quotes/Signs/Symbols | Type: Back Cover,ShoppersPrideHyderabad,4.3,"Hard Cases are are made to Bring Fun back into designs.The CASES are DESIGNED TO BE LOUD , UNIQUE AND UNCONVENTIONAL. They are an art form of Self-Expression for and ever evolving Individual. Cases are designed in a way that it perfectly fits onto the back of the phone. Made of high quality and highly durable in nature.","[{'Sales Package': '1 Back Cover'}, {'Model Number': 'ISKU015D00864'}, {'Designed For': 'Mi Mix 2'}, {'Brand Color': 'Multicolor'}, {'Pack of': '1'}]",1 Back Cover: Sales Package | ISKU015D00864: Model Number | Mi Mix 2: Designed For | Multicolor: Brand Color | 1: Pack of,https://rukminim2.flixcart.com/image/k5zn9u80/cases-covers/back-cover/r/d/z/instyle-isku015d00864-original-imafzjrpnykqkrxv.jpeg | https://rukminim2.flixcart.com/image/k5zn9u80/cases-covers/back-cover/9/b/w/instyle-isku137d00867-original-imafknmf24zqrwyg.jpeg | https://rukminim2.flixcart.com/image/k5zn9u80/cases-covers/back-cover/z/k/v/ecase-esku029d00865-original-imafknm2nmjcxwgv.jpeg | https://rukminim2.flixcart.com/image/k5zn9u80/cases-covers/back-cover/y/s/r/instyle-isku094d00863-original-imafknm2vdgzdvzh.jpeg | https://rukminim2.flixcart.com/image/k5zn9u80/cases-covers/back-cover/e/r/j/instyle-isku074d00866-original-imafknm2sykhmyhz.jpeg,7 Days Replacement Policy,Mobiles & Accessories,Mobile Accessories,Cases & Covers,Designer Cases & Covers,Mobiles & Accessories | Mobile Accessories | Cases & Covers | Designer Cases & Covers | Instyle Designer Cases & Covers,,,,0,0,0,2d2cbc60-5ace-5901-a68e-804127f9e076,09/30/23
"Printelligent Decorative Black Wallpaper  (40 cm x 228 cm, Pack of 3)",https://www.flipkart.com/printelligent-decorative-wallpaper/p/itm91d8443bd5c25,itm91d8443bd5c25,https://www.flipkart.com/product/p/itm91d8443bd5c25,649,INR,"₹1,500",56% off,True,"Pack of: 3 | Vinyl | Decorative | Color: Black | Living Room, Kitchen, Bathroom, Bedroom",PRINTELLIGENT,3.4,"Great for covering any wall, kitchen cabinet,dresser drawer,craft projects,nightstand,bookcase,shelf,door and even wall etc. Matte finish, durable material and these stickers will last for years without fading , waterproof,dust-proof and moisture-proof; Wipes clean with a damp cloth or sponge. Sticks to any smooth, flat surface easily, Tiles, cabinets, wall, floor, Kitchen walls, bathroom backsplashes, bedroom walls, laundry rooms etc.","[{'Sales Package': '3 Wallpaper Roll'}, {'Model Number': 'PT03-30SQFT'}, {'Waterproof': 'Yes'}, {'Net Quantity': '3'}, {'Finish': 'Matte'}]",3 Wallpaper Roll: Sales Package | PT03-30SQFT: Model Number | Yes: Waterproof | 3: Net Quantity | Matte: Finish,https://rukminim2.flixcart.com/image/kc6jyq80/wallpaper/x/m/j/228-6-41-wallpaper-60sq-feet-13-printelligent-original-imaftckyfy8h6reh.jpeg | https://rukminim2.flixcart.com/image/kc6jyq80/wallpaper/x/m/j/228-6-41-wallpaper-60sq-feet-13-printelligent-original-imaftckygb48btza.jpeg | https://rukminim2.flixcart.com/image/kc6jyq80/wallpaper/x/m/j/228-6-41-wallpaper-60sq-feet-13-printelligent-original-imaftckframwhwhh.jpeg | https://rukminim2.flixcart.com/image/kc6jyq80/wallpaper/x/m/j/228-6-41-wallpaper-60sq-feet-13-printelligent-original-imaftckyuhzgnzjn.jpeg,No Returns Applicable,Home Decor,Stickers & Wallpapers,Wallpapers,Printelligent Wallpapers,Home Decor | Stickers & Wallpapers | Wallpapers | Printelligent Wallpapers,India,Wallpapers,,0,0,0,1c2750d2-91f0-5553-827d-86f9ca2a8856,09/30/23
"Appcityprint Back Cover for Mi Redmi Note 10 Pro Max  (Multicolor, Grip Case, Silicon, Pack of: 1)",https://www.flipkart.com/appcityprint-back-cover-mi-redmi-note-10-pro-max/p/itm806e77e51ccb2,itm806e77e51ccb2,https://www.flipkart.com/product/p/itm806e77e51ccb2,195,INR,₹899,78% off,True,Suitable For: Mobile | Material: Silicon | Theme: For Her | Type: Back Cover,LAXMI-TRADER,3.4,"These designs on the cases are designed by ""Appcityprint"" .This designer case allows easy access to all buttons controls. This designer Case Cover is Attractive, Comfortable, Light Weight and has unique design it perfectly fit and protects your smartphones. Easy to install & easy Remove. High quality printed case cover with perfect design.","[{'Sales Package': '1 Mobile Back Cover'}, {'Model Number': 'MIREDMINOTE10PROMAX-339'}, {'Designed For': 'Mi Redmi Note 10 Pro Max'}, {'Brand Color': 'Multicolor'}, {'Pack of': '1'}, {'Certification': 'Appcityprint'}, {'Other Features': 'Appcityprint cases & covers have dust free,Washable,Fingerprints free,Made of soft silicone which make it soft and durable.Access to all buttons, Controls & Ports easily working'}]","1 Mobile Back Cover: Sales Package | MIREDMINOTE10PROMAX-339: Model Number | Mi Redmi Note 10 Pro Max: Designed For | Multicolor: Brand Color | 1: Pack of | Appcityprint: Certification | Appcityprint cases & covers have dust free,Washable,Fingerprints free,Made of soft silicone which make it soft and durable.Access to all buttons, Controls & Ports easily working: Other Features",https://rukminim2.flixcart.com/image/kobspe80/cases-covers/back-cover/n/5/g/miredminote10promax-339-hansviprint-original-imag2svhe5ens9zd.jpeg | https://rukminim2.flixcart.com/image/kobspe80/cases-covers/back-cover/a/h/a/miredminote10promax-339-hansviprint-original-imag2svhzfxns3ac.jpeg | https://rukminim2.flixcart.com/image/kobspe80/cases-covers/back-cover/n/e/a/miredminote10promax-339-hansviprint-original-imag2svhp7czzpu6.jpeg | https://rukminim2.flixcart.com/image/kobspe80/cases-covers/back-cover/w/k/e/miredminote10promax-339-hansviprint-original-imag2svhkkrt8hed.jpeg,7 Days Replacement Policy,Mobiles & Accessories,Mobile Accessories,Cases & Covers,Designer Cases & Covers,Mobiles & Accessories | Mobile Accessories | Cases & Covers | Designer Cases & Covers | Appcityprint Designer Cases & Covers,India,Cases & Covers,,0,0,0,c5cc3a43-b7f1-5059-9b51-3aadd921151f,09/30/23
"ADITI Designs Back Cover for Realme X7 5G,Realme X7  (Multicolor, Dual Protection, Pack of: 1)",https://www.flipkart.com/hi/aditi-designs-back-cover-realme-x7-5g-realme/p/itm32f5575ea2c9e,itm32f5575ea2c9e,https://www.flipkart.com/product/p/itm32f5575ea2c9e,240,INR,₹479,49% off,True,Suitable For: Mobile | Material: Plastic | Theme: See-through Design | Type: Back Cover,AditiDesigns,3.6,"Hard plastic printed case for mobiles, stylish with high durability. It adds style and perfectly fits on your phone. Wide range of designs to choose from.","[{'Sales Package': '1x Designer Back case Cover'}, {'Model Number': 'ADITI29marchrmex7-464'}, {'Designed For': 'Realme X7 5G,Realme X7'}, {'Brand Color': 'Multicolor'}, {'Pack of': '1'}, {'Warranty Summary': '7 Days Replacement Warranty'}]","1x Designer Back case Cover: Sales Package | ADITI29marchrmex7-464: Model Number | Realme X7 5G,Realme X7: Designed For | Multicolor: Brand Color | 1: Pack of | 7 Days Replacement Warranty: Warranty Summary",https://rukminim2.flixcart.com/image/kmthz0w0/cases-covers/back-cover/d/c/c/aditi29marchrmex7-464-aditi-designs-original-imagfmtay89vgahz.jpeg | https://rukminim2.flixcart.com/image/kgy0sy80/cases-covers/back-cover/y/m/c/aditi-designs-aditi31oct-377-original-imafx2bjtyk9xhtb.jpeg,7 Days Replacement Policy,Mobiles & Accessories,Mobile Accessories,Cases & Covers,Designer Cases & Covers,Mobiles & Accessories | Mobile Accessories | Cases & Covers | Designer Cases & Covers | ADITI  Designs Designer Cases & Covers,,,,0,0,0,840225d2-7103-5e9f-b380-6da7deb00e08,09/30/23
"Gali Bazar Car Cover For Maruti Baleno DualJet Delta Petrol (With Mirror Pockets)  (Silver, For 2018 Models)",https://www.flipkart.com/gali-bazar-car-cover-maruti-baleno-dualjet-delta-petrol-with-mirror-pockets/p/itmba0c4228b54d2,itmba0c4228b54d2,https://www.flipkart.com/product/p/itmba0c4228b54d2,714,INR,"₹4,999",85% off,False,With Mirror Pockets | Water Repellant | Material: Matty | Weather Resistant | Universal Fit,Matguwanwala,3.9,"This is best quality car body cover, this is water proof ,weather resistance, dust proof car body cover","[{'Model Number': 'Car cover-16123'}, {'Model Name': 'Baleno DualJet Delta Petrol'}, {'Vehicle Type': 'Car'}, {'Antenna Slot Available': 'No'}, {'Sales Package': '1 Set Of Gali Bazar Car Cover'}, {'UV Ray Protection': 'Yes'}, {'Storage Bag Included': 'No'}, {'Tear Resistant': 'No'}, {'Weather Resistant': 'Yes'}, {'Suitable For': 'Baleno DualJet Delta Petrol'}, {'Used For': 'Baleno DualJet Delta Petrol'}, {'Fastening Type': 'Buckle'}, {'Warranty Service Type': '7 days Replacement Warranty'}, {'Warranty Summary': '7 days Replacement Warranty'}, {'Covered in Warranty': '7 days Replacement Warranty'}, {'Not Covered in Warranty': 'Tored'}]",Car cover-16123: Model Number | Baleno DualJet Delta Petrol: Model Name | Car: Vehicle Type | No: Antenna Slot Available | 1 Set Of Gali Bazar Car Cover: Sales Package | Yes: UV Ray Protection | No: Storage Bag Included | No: Tear Resistant | Yes: Weather Resistant | Baleno DualJet Delta Petrol: Suitable For | Baleno DualJet Delta Petrol: Used For | Buckle: Fastening Type | 7 days Replacement Warranty: Warranty Service Type | 7 days Replacement Warranty: Warranty Summary | 7 days Replacement Warranty: Covered in Warranty | Tored: Not Covered in Warranty,,7 Days Replacement Policy,Automotive Accessories,Vehicle Body Covers,Car Body Covers,Gali Bazar Car Body Covers,Automotive Accessories | Vehicle Body Covers | Car Body Covers | Gali Bazar Car Body Covers,India,Car Cover,12345678910,0,0,0,840d5c45-5f27-5a86-a17b-8533df857124,09/30/23
IndiWeaves,https://www.flipkart.com/hi/indiweaves-capri-girls-casual-solid-pure-cotton/p/itm7b828962873cb,itm7b828962873cb,https://www.flipkart.com/product/p/itm7b828962873cb,899,INR,"₹1,799",50% off,True,,IndiWeaves,3.3,,[],,https://rukminim2.flixcart.com/image/xif0q/kids-capri/g/c/l/13-14-years-gc-sp-35373842-iw-kk-p4-34a-indiweaves-original-imagnm66ecrtgnt5.jpeg | https://rukminim2.flixcart.com/image/xif0q/kids-capri/i/5/x/12-13-years-gc-sp-3538394042-iw-kk-p5-34-indiweaves-original-imagnm5fquqn3gqf.jpeg | https://rukminim2.flixcart.com/image/xif0q/kids-capri/4/4/m/11-12-years-gc-sp-3435363742-iw-kk-p5-32a-indiweaves-original-imagnm5ybnuygas3.jpeg | https://rukminim2.flixcart.com/image/xif0q/kids-capri/o/5/o/11-12-years-gc-sp-3435363742-iw-kk-p5-32a-indiweaves-original-imagnm5ytxdbgsmj.jpeg,10 दिन की रिटर्न पॉलिसी,Clothing and Accessories,Bottomwear,Capris,Kids' Capris,Clothing and Accessories | Bottomwear | Capris | Kids' Capris | IndiWeaves Kids' Capris,,,,0,0,0,425255d3-7c4d-53a3-a1ae-576c291207ba,09/30/23
स-ग्रिपलाइन Back Cover Iqoo Z6 5G के लिए  (ट्रांसपेरेंट),https://www.flipkart.com/hi/s-gripline-back-cover-iqoo-z6-5g/p/itmacb5e3dce7297,itmacb5e3dce7297,https://www.flipkart.com/product/p/itmacb5e3dce7297,249,INR,₹999,75% off,False,Mobile के लिए उपयुक्त | मटेरियल: Rubber | थीम: No Theme | टाइप: Back Cover,MobileTelecom,4.6,"प्रीमियम बंपर ट्रांसपेरेंट फाइबर टेक्सचर डिज़ाइन अच्छी ग्रिप और आरामदायक टच प्रदान करता है; स्लिम प्रोफाइल को बनाए रखने के लिए फॉर्म-फिटेड, कोई बड़ा बल्क नहीं जोड़ता है, आसान इसे अपने हाथ में पकड़ें और जेब के अनुकूल स्लिम प्रोफाइल लेंस को खरोंच से बचाएं","[{'Sales Package': '1 Back Cover'}, {'Model Number': 'KinCbomcas-14'}, {'Designed For': 'Iqoo Z6 5G'}, {'Brand Color': 'Transparent'}, {'Other Features': 'Back Cover will protect your Phone from Dust, Scratches and stains. It will give your phone an outstanding look. Designed Speciallyfor your Phone, it fits perfectly, giving you access to all the features and functions of your phone with ease. The special material of this phone will give you a perfect grip.'}]","1 Back Cover: Sales Package | KinCbomcas-14: Model Number | Iqoo Z6 5G: Designed For | Transparent: Brand Color | Back Cover will protect your Phone from Dust, Scratches and stains. It will give your phone an outstanding look. Designed Speciallyfor your Phone, it fits perfectly, giving you access to all the features and functions of your phone with ease. The special material of this phone will give you a perfect grip.: Other Features",https://rukminim2.flixcart.com/image/l1ch4sw0/cases-covers/back-cover/o/c/k/kincbomcas-14-s-gripline-original-imagcwvcdtnyytxn.jpeg | https://rukminim2.flixcart.com/image/l1ch4sw0/cases-covers/back-cover/f/x/l/nedbomcasts-29-s-softline-original-imagcwuwfhbwqyvg.jpeg | https://rukminim2.flixcart.com/image/l1ch4sw0/cases-covers/back-cover/2/k/f/nedbomcasts-29-s-softline-original-imagcwuw4tmzpuue.jpeg | https://rukminim2.flixcart.com/image/l1ch4sw0/cases-covers/back-cover/6/l/0/nedbomcasts-29-s-softline-original-imagcwuw65jzjdby.jpeg,7 Days Replacement Policy,Mobiles & Accessories,Mobile Accessories,Cases & Covers,Plain Cases & Covers,Mobiles & Accessories | Mobile Accessories | Cases & Covers | Plain Cases & Covers | S-Gripline Plain Cases & Covers,,,,0,0,0,353bdb15-af56-5cb5-8265-22095368d0ca,09/30/23
"Allit Back Cover for Nokia 3.1 Plus  (Multicolor, Silicon, Pack of: 1)",https://www.flipkart.com/hi/allit-back-cover-nokia-3-1-plus/p/itm7e323fbeea982,itm7e323fbeea982,https://www.flipkart.com/product/p/itm7e323fbeea982,229,INR,₹799,71% off,False,Suitable For: Mobile | Material: Silicon | Theme: Quotes/Signs/Symbols | Type: Back Cover,Kuddiz,3.6,"These Designs On The Cases Are Designed By ""Allit"" This Designer Case Allows Easy Access To All Buttons Controls. This Cover Designer Case Cover Is Attractive, Comfortable, Light Weight And Has Unique Design It Perfectly Fit And Protects your Mobile. Easy To Install And Remove. High Quality Finished Case","[{'Sales Package': 'Mobile Case'}, {'Model Number': 'PRINT-NO3.1PLUS-DR839'}, {'Designed For': 'Nokia 3.1 Plus'}, {'Brand Color': 'Multicolor'}, {'Pack of': '1'}, {'Other Features': 'Allit Cases & Covers have Dust free,washable,Fingerprints Free,Made of soft silicone which make it soft and durable.Access to All buttons, Controls & Ports easily,and without removing the skin.'}]","Mobile Case: Sales Package | PRINT-NO3.1PLUS-DR839: Model Number | Nokia 3.1 Plus: Designed For | Multicolor: Brand Color | 1: Pack of | Allit Cases & Covers have Dust free,washable,Fingerprints Free,Made of soft silicone which make it soft and durable.Access to All buttons, Controls & Ports easily,and without removing the skin.: Other Features",https://rukminim2.flixcart.com/image/ksxjs7k0/cases-covers/back-cover/s/x/x/print-no3-1plus-dr839-wellprint-original-imag6e3yhmpuv9zs.jpeg | https://rukminim2.flixcart.com/image/ksxjs7k0/cases-covers/back-cover/z/f/j/print-no3-1plus-dr839-wellprint-original-imag6e3yy7ujumte.jpeg | https://rukminim2.flixcart.com/image/ksxjs7k0/cases-covers/back-cover/1/f/s/print-no3-1plus-dr839-wellprint-original-imag6e3ythczzfkd.jpeg | https://rukminim2.flixcart.com/image/km57hjk0/cases-covers/back-cover/r/z/n/tecno-camon-15-printed-back-cover-dr839-discount-master-original-imagf3x6uyhdahca.jpeg,7 Days Replacement Policy,Mobiles & Accessories,Mobile Accessories,Cases & Covers,Designer Cases & Covers,Mobiles & Accessories | Mobile Accessories | Cases & Covers | Designer Cases & Covers | Allit Designer Cases & Covers,,,,0,0,0,278eb7a7-2b4c-5988-a124-ed238c533c58,09/30/23
GADGETSWRAP Mi 11 Lite NE 5G Mobile Skin  (Multicolor),https://www.flipkart.com/gadgetswrap-mi-11-lite-ne-5g-mobile-skin/p/itm54d574940bf3d,itm54d574940bf3d,https://www.flipkart.com/product/p/itm54d574940bf3d,299,INR,₹699,57% off,False,Mi 11 Lite NE 5G | Patterns | Vinyl | Removable,SHOEHOME,2.5,,[],,,No Returns Applicable,Mobiles & Accessories,Mobile Accessories,Styling & Maintenance,Mobile Skin Stickers,Mobiles & Accessories | Mobile Accessories | Styling & Maintenance | Mobile Skin Stickers | GADGETSWRAP Mobile Skin Stickers,India,Mobile Skins,GADGETSWRAP,0,0,0,04ec883d-32a8-572f-b4f8-1ed21d5059f1,09/30/23
"ROCKPRINT Back Cover for Nokia C20 Plus  (Multicolor, Grip Case, Silicon, Pack of: 1)",https://www.flipkart.com/rockprint-back-cover-nokia-c20-plus/p/itm2da79d133fbd8,itm2da79d133fbd8,https://www.flipkart.com/product/p/itm2da79d133fbd8,217,INR,₹499,56% off,True,Suitable For: Mobile | Material: Silicon | Theme: Animals/Birds/Nature | Type: Back Cover,SHREEMARUTIJI,4.1,"Designer Cover gives you Nokia C20 Plus Back Cover, the best Multicolor covers, This soft silicone Multicolor cover will protect and prevent your phone from scratches, damage and dust. The silicone cover is made from a lightweight tough strong high quality rubber/silicone material which will help you to keep your phone safe. It comes in smooth texture. This will not only look good on your phone but will protect it. This case will Style your mobile.","[{'Sales Package': '1 Back Cover'}, {'Model Number': 'Nok-C20P-JP3633'}, {'Designed For': 'Nokia C20 Plus'}, {'Brand Color': 'Multicolor'}, {'Pack of': '1'}, {'Other Features': 'Back Cover, Dust free, washable, Fingerprints Free, Made of soft silicone which make it soft and durable.Access to All buttons, Controls & Ports easily, and without removing the skin.'}]","1 Back Cover: Sales Package | Nok-C20P-JP3633: Model Number | Nokia C20 Plus: Designed For | Multicolor: Brand Color | 1: Pack of | Back Cover, Dust free, washable, Fingerprints Free, Made of soft silicone which make it soft and durable.Access to All buttons, Controls & Ports easily, and without removing the skin.: Other Features",https://rukminim2.flixcart.com/image/ksru0sw0/cases-covers/back-cover/j/k/y/nok-c20p-jp3633-simawat-original-imag69qfxyghv4zb.jpeg | https://rukminim2.flixcart.com/image/ksru0sw0/cases-covers/back-cover/d/k/e/nok-c20p-jp3633-simawat-original-imag69qf2a2vfhah.jpeg | https://rukminim2.flixcart.com/image/ksru0sw0/cases-covers/back-cover/m/k/x/nok-c20p-jp3633-simawat-original-imag69qfug5sv2nv.jpeg | https://rukminim2.flixcart.com/image/ksoz53k0/cases-covers/back-cover/k/1/v/rel-r6i-jp3633-simawat-original-imag67hvehuzuxry.jpeg,7 Days Replacement Policy,Mobiles & Accessories,Mobile Accessories,Cases & Covers,Designer Cases & Covers,Mobiles & Accessories | Mobile Accessories | Cases & Covers | Designer Cases & Covers | ROCKPRINT Designer Cases & Covers,India,Cases & Covers,,0,0,0,eb31b840-6525-5516-bd11-99f9308ece51,09/30/23
"SPBR Back Cover for Samsung Galaxy S20 Ultra  (Multicolor, Hard Case, Pack of: 1)",https://www.flipkart.com/spbr-back-cover-samsung-galaxy-s20-ultra/p/itm0366478f1f691,itm0366478f1f691,https://www.flipkart.com/product/p/itm0366478f1f691,236,INR,₹899,73% off,True,Suitable For: Mobile | Material: Plastic | Theme: Patterns | Type: Back Cover,POPCASE,4,premium quality polycarbonate material which is durable and light weight that ensures sleek and compact look for your Mobile phone . Every Printed Designer Pouch is printed with precision and designed in a way that it perfectly fits onto the back of the mobile phone.,"[{'Sales Package': '1 BACK COVER'}, {'Model Number': '3DSM-SAM S20U-9679'}, {'Designed For': 'Samsung Galaxy S20 Ultra'}, {'Brand Color': 'Multicolor'}, {'Pack of': '1'}]",1 BACK COVER: Sales Package | 3DSM-SAM S20U-9679: Model Number | Samsung Galaxy S20 Ultra: Designed For | Multicolor: Brand Color | 1: Pack of,,7 Days Replacement Policy,Mobiles & Accessories,Mobile Accessories,Cases & Covers,Designer Cases & Covers,Mobiles & Accessories | Mobile Accessories | Cases & Covers | Designer Cases & Covers | SPBR Designer Cases & Covers,India,Cases & Covers,6-1-310 khairabad,0,0,0,94bccfc9-4700-58ee-8f8c-34d297f9a301,09/30/23
"Challenging and Rare Cases in Urology  (English, Hardcover, Gupta NP)",https://www.flipkart.com/challenging-rare-cases-urology/p/itm860a15a7afdb9,itm860a15a7afdb9,https://www.flipkart.com/product/p/itm860a15a7afdb9,"2,374",INR,"₹2,640",10% off,True,"Language: English | Binding: Hardcover | Publisher: Jaypee Brothers Medical Publishers | Genre: Medical | ISBN: 9789351521709, 9789351521709 | Pages: 574",Mittal Books,4.3,Gupta NP,"[{'Imprint': 'Jaypee Brothers Medical Publishers'}, {'Height': '241 mm'}, {'Length': '159 mm'}, {'Weight': '1050 gr'}]",Jaypee Brothers Medical Publishers: Imprint | 241 mm: Height | 159 mm: Length | 1050 gr: Weight,https://rukminim2.flixcart.com/image/kihqz680-0/book/k/w/0/challenging-and-rare-cases-in-urology-original-imafy9xbrvykw7nu.jpeg | https://rukminim2.flixcart.com/image/kndi4y80/book/s/o/n/challenging-and-rare-cases-in-urology-original-imag22pknzx43jtz.jpeg,7 Days Replacement Policy,,,,,,India,Books,Mittal Books,0,0,0,21b55a3d-06df-5368-87a2-8dac94a6897c,09/30/23
Rpindia Car Cover For Nissan X-Trail (Without Mirror Pockets)  (Blue),https://www.flipkart.com/hi/rpindia-car-cover-nissan-x-trail-without-mirror-pockets/p/itmfd36925aa05a6,itmfd36925aa05a6,https://www.flipkart.com/product/p/itmfd36925aa05a6,"1,169",INR,"₹3,999",70% off,True,Water Repellant | Material: Polyester | Weather Resistant,Eagle Auto,3.7,"Nissan X-Trail full car cover is made from a lightweight, durable material and long lasting and suitable for both indoor and outdoor use. Designed with protection in mind, our cover has triple-stitched seams, elasticated hems and under body straps to provide total coverage.The reflective material protection from the sun's damaging ultra-violet rays, keeping your paintwork immaculate. Foldable material triple stitched",[],,,7 Days Replacement Policy,Automotive Accessories,Vehicle Body Covers,Car Body Covers,Rpindia Car Body Covers,Automotive Accessories | Vehicle Body Covers | Car Body Covers | Rpindia Car Body Covers,,,,0,0,0,666fccef-6225-59d2-9e89-a500279f3c25,09/30/23
"ACCEGRIP Waterproof Two Wheeler Cover for Ducati  (Hypermotard 939, Blue)",https://www.flipkart.com/accegrip-waterproof-two-wheeler-cover-ducati/p/itm1346834d68da8,itm1346834d68da8,https://www.flipkart.com/product/p/itm1346834d68da8,395,INR,₹850,53% off,False,Strap Type: Buckle | Made of Taffeta | Compatible Vehicle Brands: Ducati | Compatible Vehicle Models: Hypermotard 939,ACCEGRIP,2.6,"Two wheeler cover for bikes and scooties provides enhanced shielding to your vehicle against Moisture, Dirt, Dust, Weather Extremes, Fading Away From Sunlight, Scratching. Protect The Internal Engine Parts From Dust. It guards the painted or leather from UV rays. Suitable for all weather conditions, easy to handle. It also protects the internal engine parts from rust and dust. The product can be used for both indoor and outdoor covering of two wheelers. Specifications Product Features : Body covers are mainly used to protect two wheelers from weather extremes, fading away from sunlight, scratching etc. They are mainly designed to provide all weather protection to two wheeler body parts. Body covers are designed for everyday indoor use long term storage and outdoor use.","[{'Sales Package': '1 Two Wheeler Cover'}, {'Model Number': 'AG_BL_Hypermotard 939'}, {'Durability': 'Dust Resistant, Tear Resistant, UV Ray Protection, Water Resistant, Weather Resistant'}, {'Other Features': 'BREATHABLE FABRIC - Unlike other car and vehicle covers that trap heat, our breathable bike cover releases heat and water to protect your seat.'}, {'Warranty Summary': '1 week against manufacturing defects'}]","1 Two Wheeler Cover: Sales Package | AG_BL_Hypermotard 939: Model Number | Dust Resistant, Tear Resistant, UV Ray Protection, Water Resistant, Weather Resistant: Durability | BREATHABLE FABRIC - Unlike other car and vehicle covers that trap heat, our breathable bike cover releases heat and water to protect your seat.: Other Features | 1 week against manufacturing defects: Warranty Summary",https://rukminim2.flixcart.com/image/xif0q/two-wheeler-cover/m/e/x/ag-bl-hypermotard-939-hypermotard-939-accegrip-original-imaggb9fxkcwjgxy.jpeg | https://rukminim2.flixcart.com/image/xif0q/two-wheeler-cover/x/z/o/ag-bl-ninja-650-ninja-650-accegrip-original-imaggb9eu4dhkhbr.jpeg | https://rukminim2.flixcart.com/image/xif0q/two-wheeler-cover/p/z/m/ag-bl-ninja-650-ninja-650-accegrip-original-imaggb9eaftag5aa.jpeg | https://rukminim2.flixcart.com/image/xif0q/two-wheeler-cover/4/a/g/ag-bl-ninja-650-ninja-650-accegrip-original-imaggb9erhz9cbdg.jpeg,7 Days Replacement Policy,Automotive Accessories,Vehicle Body Covers,Bike Body Covers,ACCEGRIP Bike Body Covers,Automotive Accessories | Vehicle Body Covers | Bike Body Covers | ACCEGRIP Bike Body Covers,India,Two Wheeler Cover,SP PANDEY TRADERS,0,0,0,22cc01c6-2a6e-5c1f-b7ff-a42e8ae40cf5,09/30/23
ZTech Car Cover For Skoda Universal For Car (Without Mirror Pockets)  (Blue),https://www.flipkart.com/hi/ztech-car-cover-skoda-universal-without-mirror-pockets/p/itm511489534560d,itm511489534560d,https://www.flipkart.com/product/p/itm511489534560d,837,INR,"₹2,499",66% off,False,Water Repellant | Material: Polyester | Weather Resistant | Universal Fit,Matguwanwala,3.9,"Skoda Vision IN Concept Car Cover,Ultimate Shield cover provides all season indoor and outdoor protection for your vehicle,The material is chemically treated to help prevent UV damage from the sun. Reduces heat based damage. Provides great protection against bird droppings. Protects against the effects of acid rain. Guards your vehicle from tree sap, dust, dirt, and other harmful pollutants.",[],,,7 Days Replacement Policy,Automotive Accessories,Vehicle Body Covers,Car Body Covers,ZTech Car Body Covers,Automotive Accessories | Vehicle Body Covers | Car Body Covers | ZTech Car Body Covers,,,,0,0,0,df3531b7-6266-5c0a-a624-342661cdafaf,09/30/23
"SIMAWAT Back Cover for Redmi 6A  (Multicolor, Grip Case, Silicon)",https://www.flipkart.com/hi/simawat-back-cover-redmi-6a/p/itma28dfb6c7121b,itma28dfb6c7121b,https://www.flipkart.com/product/p/itma28dfb6c7121b,145,INR,₹498,70% off,True,,AaradhyaRetail,4.1,"Redmi 6A Back Cover, the best Multicolor covers, This soft silicone Multicolor cover will protect and prevent your phone from scratches, damage and dust. The silicone cover is made from a lightweight tough strong high quality rubber/silicone material which will help you to keep your phone safe. It comes in smooth texture. This will not only look good on your phone but will protect it. This case will Style your mobile.","[{'Sales Package': '1 Back Cover'}, {'Model Number': 'JP-R6A-JP4306'}, {'Designed For': 'Redmi 6A'}, {'Brand Color': 'Multicolor'}, {'Pack of': '1'}, {'Certification': 'Back Cover, Dust free, washable, Fingerprints Free, Made of soft silicone which make it soft and durable.Access to All buttons, Controls & Ports easily, and without removing the skin.'}]","1 Back Cover: Sales Package | JP-R6A-JP4306: Model Number | Redmi 6A: Designed For | Multicolor: Brand Color | 1: Pack of | Back Cover, Dust free, washable, Fingerprints Free, Made of soft silicone which make it soft and durable.Access to All buttons, Controls & Ports easily, and without removing the skin.: Certification",https://rukminim2.flixcart.com/image/xif0q/shopsy-cases-covers/m/2/x/jp-r6a-jp4306-back-cover-sswastik-original-imaggzfh2khzhwcy.jpeg | https://rukminim2.flixcart.com/image/xif0q/shopsy-cases-covers/u/b/s/jp-r6a-jp4306-back-cover-sswastik-original-imaggzfhn97cvzxk.jpeg | https://rukminim2.flixcart.com/image/xif0q/shopsy-cases-covers/l/e/y/jp-r6a-jp4306-back-cover-sswastik-original-imaggzfhzhg2bqwf.jpeg | https://rukminim2.flixcart.com/image/xif0q/shopsy-cases-covers/c/q/o/clpd-cool3-jp4306-back-cover-bagra-original-imaggjpn97unkfgn.jpeg,वापसी नहीं होगी ,Mobiles & Accessories,Mobile Accessories,Cases & Covers,Designer Cases & Covers,Mobiles & Accessories | Mobile Accessories | Cases & Covers | Designer Cases & Covers | SIMAWAT Designer Cases & Covers,,,,0,0,0,54d6e0cd-7681-512e-acf2-4365253843f9,09/30/23
"Artcase Back Cover for Samsung Galaxy M01  (Red, White, Dual Protection, Silicon, Pack of: 1)",https://www.flipkart.com/artcase-back-cover-samsung-galaxy-m01/p/itm74c3b2cbf68bf,itm74c3b2cbf68bf,https://www.flipkart.com/product/p/itm74c3b2cbf68bf,198,INR,₹499,60% off,True,Suitable For: Mobile | Material: Silicon | Theme: Quotes/Signs/Symbols | Type: Back Cover,Artcase,4.4,"These Designs On The Cases Are Designed By ""Artcase"" This Designer Case Allows Easy Access To All Buttons Controls. This Cover Designer Case Cover Is Attractive, Comfortable, Light Weight And Has Unique Design It Perfectly Fit And Protects your Mobile. Easy To Install And Remove. High Quality Finished Case","[{'Sales Package': '1 Back Cover'}, {'Model Number': 'Sa-M01-JI283'}, {'Designed For': 'Samsung Galaxy M01'}, {'Brand Color': 'Red, White'}, {'Pack of': '1'}, {'Other Features': 'Dust free, washable, Fingerprints Free.Made of soft silicone which make it soft and durable.Access to All buttons, Controls & Ports easily, and without removing the skin.'}]","1 Back Cover: Sales Package | Sa-M01-JI283: Model Number | Samsung Galaxy M01: Designed For | Red, White: Brand Color | 1: Pack of | Dust free, washable, Fingerprints Free.Made of soft silicone which make it soft and durable.Access to All buttons, Controls & Ports easily, and without removing the skin.: Other Features",https://rukminim2.flixcart.com/image/khavrm80/cases-covers/back-cover/f/5/q/dreamcase-sa-m01-ji283-original-imafxbuycj7dnhhh.jpeg | https://rukminim2.flixcart.com/image/khavrm80/cases-covers/back-cover/f/5/q/dreamcase-sa-m01-ji283-original-imafxbuyyutnfgtm.jpeg | https://rukminim2.flixcart.com/image/khavrm80/cases-covers/back-cover/f/5/q/dreamcase-sa-m01-ji283-original-imafxbuye6qh3ka2.jpeg,7 Days Replacement Policy,Mobiles & Accessories,Mobile Accessories,Cases & Covers,Designer Cases & Covers,Mobiles & Accessories | Mobile Accessories | Cases & Covers | Designer Cases & Covers | Artcase Designer Cases & Covers,India,Cases & Covers,,0,0,0,7b3b8773-d4bb-5a75-80c1-616a11b8299f,09/30/23
"IAMART USB Type C Cable 6.5 A 1.00197999999997 m Copper Braiding 18 watt type c cable realme  (Compatible with Data cable fast charging c type, Red, One Cable)",https://www.flipkart.com/hi/iamart-usb-type-c-cable-6-5-1-00197999999997-m-copper-braiding-18-watt-realme/p/itm02da55a4a1660,itm02da55a4a1660,https://www.flipkart.com/product/p/itm02da55a4a1660,499,INR,₹999,50% off,True,"Length 1.00197999999997 m | Round Cable | Connector One: USB Type A|Connector Two: Type-C Cable | Cable Speed: 680 Mbps | Tablet, Mobile, MP3 Player, Computer, Gaming Console, Camera",AccessoriesNest,3.9,"USB Type-C cable is guaranteed compatible for fast charge and sync with all devices with a USB Type-C port. Compatible with all versions of Quick Charge (QC), Adaptive Fast Charging & Turbo Charging standards.. By NUKAICHAU","[{'Sales Package': '1 Data Cable'}, {'Number of Contents in Sales Package': '1'}, {'Brand': 'IAMART'}, {'Type': 'USB Type C Cable'}, {'Cable Type': '492 Mbps Speed 680 Mbps Speed'}, {'Connector 1': '1 Pin USB Type A'}, {'Connector 2': '1 Pin Type-C Cable'}, {'Connector Material': 'Stainless Steel'}, {'Cable': 'Connector Moulding Round'}, {'Part Number': 'DC120_NUKAICHAU_AL14NB22sn5.198'}, {'Model': '18 watt type c cable realme'}, {'Compatible Devices': 'Tablet, Mobile, MP3 Player, Computer, Gaming Console, Camera'}, {'Color': 'Red'}, {'Suitable For': 'Data cable fast charging c type'}, {'Cable Length': '1.00197999999997 m'}, {'Net Quantity': '1'}, {'Conductor': '2 mm Copper'}, {'Core': 'Copper'}, {'Jacket': '3 OEM Jacket'}, {'Jacket AVU Thickness': '1 mm'}, {'Minimum Jacket Thickness': '1 mm'}, {'Insulation': '3'}, {'Insulation AVU Thickness': '1 mm'}, {'Minimum Insulation Thickness': '1 mm'}, {'Other Materials': 'Copper Braiding'}, {'Corrosion Resistant': 'Yes'}, {'Other Cable and Connector Features': 'Dual Chip Technology'}, {'Maximum Digital Resolution': '4K'}, {'3D Support': 'Yes'}, {'Rating Temperature': '40 degree C'}, {'Voltage Rating': '10 V'}, {'Maximum Current Rating': '6.5 A'}, {'Other Features': 'otg cable type b'}, {'Warranty Summary': '12 MONTHS REPLACEMENT WARRANTY(Whatsapp Only 8228903108)'}, {'Covered in Warranty': 'MANUFACTURUNG DEFECTS'}, {'Not Covered in Warranty': 'ANY PHYSICAL DAMAGES'}, {'Warranty Service Type': 'REPLACEMENT'}]","1 Data Cable: Sales Package | 1: Number of Contents in Sales Package | IAMART: Brand | USB Type C Cable: Type | 492 Mbps Speed 680 Mbps Speed: Cable Type | 1 Pin USB Type A: Connector 1 | 1 Pin Type-C Cable: Connector 2 | Stainless Steel: Connector Material | Connector Moulding Round: Cable | DC120_NUKAICHAU_AL14NB22sn5.198: Part Number | 18 watt type c cable realme: Model | Tablet, Mobile, MP3 Player, Computer, Gaming Console, Camera: Compatible Devices | Red: Color | Data cable fast charging c type: Suitable For | 1.00197999999997 m: Cable Length | 1: Net Quantity | 2 mm Copper: Conductor | Copper: Core | 3 OEM Jacket: Jacket | 1 mm: Jacket AVU Thickness | 1 mm: Minimum Jacket Thickness | 3: Insulation | 1 mm: Insulation AVU Thickness | 1 mm: Minimum Insulation Thickness | Copper Braiding: Other Materials | Yes: Corrosion Resistant | Dual Chip Technology: Other Cable and Connector Features | 4K: Maximum Digital Resolution | Yes: 3D Support | 40 degree C: Rating Temperature | 10 V: Voltage Rating | 6.5 A: Maximum Current Rating | otg cable type b: Other Features | 12 MONTHS REPLACEMENT WARRANTY(Whatsapp Only 8228903108): Warranty Summary | MANUFACTURUNG DEFECTS: Covered in Warranty | ANY PHYSICAL DAMAGES: Not Covered in Warranty | REPLACEMENT: Warranty Service Type",https://rukminim2.flixcart.com/image/xif0q/data-cable/type-c/z/p/j/original-65w-fast-charging-type-c-cable-compatible-for-the-black-original-imaghahjz8fe2ggh.jpeg | https://rukminim2.flixcart.com/image/xif0q/data-cable/usb-type-c-cable/s/e/z/44w-flash-charge-data-cable-for-vivo-v19-vivo-v19-neo-vivo-v20-original-imagjum54jsn8jbf.jpeg | https://rukminim2.flixcart.com/image/xif0q/data-cable/usb-type-c-cable/i/l/k/44w-flash-charge-data-cable-for-vivo-v19-vivo-v19-neo-vivo-v20-original-imagjum5xrwhrzgr.jpeg | https://rukminim2.flixcart.com/image/xif0q/data-cable/usb-type-c-cable/p/g/z/44w-flash-charge-data-cable-for-vivo-v19-vivo-v19-neo-vivo-v20-original-imagjum5yx4gjgfs.jpeg,7 Days Replacement Policy,Mobiles & Accessories,Mobile Accessories,Mobile Cables,IAMART Mobile Cables,Mobiles & Accessories | Mobile Accessories | Mobile Cables | IAMART Mobile Cables,,,,0,0,0,5b803759-c3c4-5867-8308-ac2565ba1b3e,09/30/23
"Zesture Blue Cotton Polyester Blend Carpet  (138 cm,  X 182 cm, Rectangle)",https://www.flipkart.com/zesture-blue-cotton-polyester-blend-carpet/p/itm01f5955286292,itm01f5955286292,https://www.flipkart.com/product/p/itm01f5955286292,455,INR,₹999,54% off,True,Material: Cotton Polyester Blend | Type: Carpet | Size: 182 cm x 138 cm | Shape: Rectangle,ExpressionsHome,4.1,"A modern statement in any room, our hand-loomed floral pattern carpet wears its dramatic shapes in a mix of cotton and soft chenille. This ornate carpet adds a new level of freshness and sophistication to your decor.","[{'Style': 'Iranian'}, {'Place of Use': 'BEDROOM, LIVING ROOM, DRAWING ROOM, KIDS ROOM, LOBBY, OFFICE'}, {'Fabric Care': ""First wash dry clean, then vaccum cleanning, normal hand wash, don't tumble dry or machine wash""}, {'Net Quantity': '1'}, {'Width': '54 inch / 138 cm'}, {'Length': '71 inch / 182 cm'}]","Iranian: Style | BEDROOM, LIVING ROOM, DRAWING ROOM, KIDS ROOM, LOBBY, OFFICE: Place of Use | First wash dry clean, then vaccum cleanning, normal hand wash, don't tumble dry or machine wash: Fabric Care | 1: Net Quantity | 54 inch / 138 cm: Width | 71 inch / 182 cm: Length",https://rukminim2.flixcart.com/image/jyyqc280/carpet-rug/j/u/x/smartscarpet015-braids-original-imaf2krf9dezzwbw.jpeg | https://rukminim2.flixcart.com/image/jyyqc280/carpet-rug/j/u/x/smartscarpet015-braids-original-imaf2krfqgnspjzh.jpeg | https://rukminim2.flixcart.com/image/l12h1u80/carpet-rug/d/z/9/138-182-scarpet015-zesture-original-imagcpzf8wgwqh9w.jpeg,7 Days Return Policy,,,,,,India,Carpet Rug,VFPL panipat-132103,3.7,97,593,ff504f84-d4de-5f4b-8b4e-06bbbd4c03c9,09/30/23
SKINFACTORY SAMSUNG GALAXY J2 2017 Premium Mobile Skin  (Multicolor),https://www.flipkart.com/skinfactory-samsung-galaxy-j2-2017-premium-mobile-skin/p/itmf764358db0b5e,itmf764358db0b5e,https://www.flipkart.com/product/p/itmf764358db0b5e,299,INR,₹799,62% off,True,SAMSUNG GALAXY J2 2017 Premium | Patterns | FANCY | Vinyl | Removable,SKINFACTORY,5,"SKINFACTORY ALL Mobile Skin are made of high quality Premium Vinyl adhesive skin.Protect from scratch & Dust Decorate & beautiful your Phone Easy to install, can be installed in minutes High Quality skin Sticker, 100% removable, leaves no stick residue or damage when removed made of high quality Premium Vinyl adhesive skin NOTE :- THIS IS A SKIN, NOT A CASE",[],,https://rukminim2.flixcart.com/image/xif0q/mobile-skin/v/o/d/samsunj22017-99-yes-skinfactory-original-imagn8n9y94qjeuz.jpeg | https://rukminim2.flixcart.com/image/xif0q/mobile-skin/d/o/o/iphone-13-70-yes-skinfactory-original-imagm2gfphnhhxg2.jpeg,No Returns Applicable,Mobiles & Accessories,Mobile Accessories,Styling & Maintenance,Mobile Skin Stickers,Mobiles & Accessories | Mobile Accessories | Styling & Maintenance | Mobile Skin Stickers | SKINFACTORY Mobile Skin Stickers,India,Mobile Skins,,0,0,0,7376fa3d-9fb4-5fa5-bf62-f1205a751e38,09/30/23
"Appcityprint Back Cover for Samsung Galaxy A10  (Multicolor, Grip Case, Silicon, Pack of: 1)",https://www.flipkart.com/hi/appcityprint-back-cover-samsung-galaxy-a10/p/itm956b338ae086c,itm956b338ae086c,https://www.flipkart.com/product/p/itm956b338ae086c,170,INR,₹899,81% off,True,Suitable For: Mobile | Material: Silicon | Theme: Animals/Birds/Nature | Type: Back Cover,LAXMI-TRADER,3.4,"These designs on the cases are designed by ""Appcityprint"" .This designer case allows easy access to all buttons controls. This designer Case Cover is Attractive, Comfortable, Light Weight and has unique design it perfectly fit and protects your smartphones. Easy to install & easy Remove. High quality printed case cover with perfect design.","[{'Sales Package': '1 Mobile Back Cover'}, {'Model Number': 'SAMSUNGGALAXYA10-HP348'}, {'Designed For': 'Samsung Galaxy A10'}, {'Brand Color': 'Multicolor'}, {'Pack of': '1'}, {'Certification': 'Appcityprint'}, {'Other Features': 'Samsung Galaxy A10 cases & covers have dust free,Washable,Fingerprints free,Made of soft silicone which make it soft and durable.Access to all buttons, Controls & Ports easily working ,and without removing the skin.'}]","1 Mobile Back Cover: Sales Package | SAMSUNGGALAXYA10-HP348: Model Number | Samsung Galaxy A10: Designed For | Multicolor: Brand Color | 1: Pack of | Appcityprint: Certification | Samsung Galaxy A10 cases & covers have dust free,Washable,Fingerprints free,Made of soft silicone which make it soft and durable.Access to all buttons, Controls & Ports easily working ,and without removing the skin.: Other Features",https://rukminim2.flixcart.com/image/kkoc70w0/cases-covers/back-cover/w/e/6/samsunga10-hp348-hansviprint-original-imafzz75gghffqsv.jpeg | https://rukminim2.flixcart.com/image/kkoc70w0/cases-covers/back-cover/u/o/u/samsunga10-hp348-hansviprint-original-imafzz75wqwqubhu.jpeg | https://rukminim2.flixcart.com/image/kkoc70w0/cases-covers/back-cover/1/o/g/samsunga10-hp348-hansviprint-original-imafzz753jvtrhef.jpeg | https://rukminim2.flixcart.com/image/kkoc70w0/cases-covers/back-cover/h/2/i/samsunga10-hp348-hansviprint-original-imafzz75rsyzkrhj.jpeg | https://rukminim2.flixcart.com/image/kkoc70w0/cases-covers/back-cover/1/k/v/samsunga10-hp348-hansviprint-original-imafzz75fuc3tnjs.jpeg,7 Days Replacement Policy,Mobiles & Accessories,Mobile Accessories,Cases & Covers,Designer Cases & Covers,Mobiles & Accessories | Mobile Accessories | Cases & Covers | Designer Cases & Covers | Appcityprint Designer Cases & Covers,,,,0,0,0,60141c99-61f4-5cf1-a432-bc7a2e4f9f33,09/30/23
"LOREM Belt, Wallet & Watch Combo  (Beige, Brown, Black)",https://www.flipkart.com/hi/lorem-belt-wallet-watch-combo/p/itm24b1e4b94faec,itm24b1e4b94faec,https://www.flipkart.com/product/p/itm24b1e4b94faec,579,INR,"₹1,299",55% off,True,"Color: Beige, Brown, Black | Watch Features: Quartz | Type: Belt, Wallet & Watch Combo | Waist Size: 40 Inches | Card Slots: 8",SRKENTE,4.6,"LOREM watches are also known as it's Quality and Precise Finishing. This LOREM LR107 watch Comes with Round shape Multi-Colour Dial with high premium Black Metal straps. This watch is highly recommended for Men & Boys. Dial of this watch is protected by a mineral glass and has a Heavy Metal strap for added comfort with Precious Finishing. The time is controlled by a single crown on the side of the watch and This stunning watch is working on a quartz mechanism. This watch is highly used for Casual, Partywear and Gifting Purposes. WALLET::-8 ATM Cards Slot | 2 Cash Compartments | 2 Secret (Hidden) Pockets |1 Zipper Coin Box |Removable ATM Card Holder | Brand Logo embossed | Light Weight | Smooth Finish | Trendy |Latest Design | Leather Wallet For Men The few things you carry, carry well! Great for gift. Enjoy your life and Just put a bow on it and you're ready to give to your special one. Our wallet not only offers security, it's also very functional. It features a quick access to IDs, driver license, ATM debit cards / credit cards, and has two long top slots for money, receipts, or tickets. The few things you carry, carry well! LOREM Belt are Also known as it's Quality and Precise Finishing. This LOREM BT19 Belt Comes with high premium Brown Faux Leather Belt. This belt is highly recommended for Men & Boys This belt can be fit upto 40 inch waist size. Belt width is 1.5 inch with two stiched line. This Belts are a necessary final touch which brings your outfit together and definitely a must-have accessory with a elegant look.","[{'Brand': 'LOREM'}, {'Type': 'Belt, Wallet & Watch Combo'}, {'Ideal for': 'Men'}, {'Waist Size': '40 Inches'}, {'Watch Features': 'Quartz'}, {'Dial Shape': 'Round'}, {'Pack of': '3'}, {'Net Quantity': '3'}, {'Warranty Summary': '1 Year Warranty apply for manufacturing defects only.'}, {'Warranty Service Type': 'Off Site Warranty - Customer will Need to send the Defected Product to Our Warehouse and the replaced Product will be sent back to customer.'}, {'Covered in Warranty': 'Warranty of the product is limited to manufacturing defects only.'}, {'Not Covered in Warranty': 'Warranty does not cover any external damage caused to the product due to improper usage by customer, or burn out.'}, {'Domestic Warranty': '1 Year'}]","LOREM: Brand | Belt, Wallet & Watch Combo: Type | Men: Ideal for | 40 Inches: Waist Size | Quartz: Watch Features | Round: Dial Shape | 3: Pack of | 3: Net Quantity | 1 Year Warranty apply for manufacturing defects only.: Warranty Summary | Off Site Warranty - Customer will Need to send the Defected Product to Our Warehouse and the replaced Product will be sent back to customer.: Warranty Service Type | Warranty of the product is limited to manufacturing defects only.: Covered in Warranty | Warranty does not cover any external damage caused to the product due to improper usage by customer, or burn out.: Not Covered in Warranty | 1 Year: Domestic Warranty",https://rukminim2.flixcart.com/image/xif0q/accessories-combo/a/m/t/cm-lr107-wl06-bt19-bkl05-lorem-original-imagmfuywyyrcgy7.jpeg | https://rukminim2.flixcart.com/image/xif0q/accessories-combo/j/c/o/cm-lr107-wl06-bt19-bkl05-lorem-original-imagmfuys4yap522.jpeg | https://rukminim2.flixcart.com/image/xif0q/accessories-combo/m/s/r/cm-lr107-wl06-bt19-bkl05-lorem-original-imagmfuypkgjecyt.jpeg,10 दिन की रिटर्न पॉलिसी,"Bags, Wallets & Belts",Accessories Combo,LOREM Accessories Combo,"LOREM Belt, Wallet & Watch Combo (Beige, Brown, Black)","Bags, Wallets & Belts | Accessories Combo | LOREM Accessories Combo",,,,0,0,0,5a7623b8-0068-5e33-bcec-cdc269fdbbc5,09/30/23
"Appcityprint Back Cover for Infinix Note 10  (Multicolor, Grip Case, Silicon, Pack of: 1)",https://www.flipkart.com/hi/appcityprint-back-cover-infinix-note-10/p/itm250836e8ca11c,itm250836e8ca11c,https://www.flipkart.com/product/p/itm250836e8ca11c,195,INR,₹899,78% off,True,Suitable For: Mobile | Material: Silicon | Theme: Glitter | Type: Back Cover,LAXMI-TRADER,3.4,"These designs on the cases are designed by ""Appcityprint"" .This designer case allows easy access to all buttons controls. This designer Case Cover is Attractive, Comfortable, Light Weight and has unique design it perfectly fit and protects your smartphones. Easy to install & easy Remove. High quality printed case cover with perfect design.","[{'Sales Package': '1 Mobile Back Cover'}, {'Model Number': 'INFINIXNOTE10-179'}, {'Designed For': 'Infinix Note 10'}, {'Brand Color': 'Multicolor'}, {'Pack of': '1'}, {'Certification': 'Appcityprint'}, {'Other Features': 'Appcityprint cases & covers have dust free,Washable,Fingerprints free,Made of soft silicone which make it soft and durable.Access to all buttons, Controls & Ports easily working'}]","1 Mobile Back Cover: Sales Package | INFINIXNOTE10-179: Model Number | Infinix Note 10: Designed For | Multicolor: Brand Color | 1: Pack of | Appcityprint: Certification | Appcityprint cases & covers have dust free,Washable,Fingerprints free,Made of soft silicone which make it soft and durable.Access to all buttons, Controls & Ports easily working: Other Features",https://rukminim2.flixcart.com/image/kq2o2vk0/cases-covers/back-cover/u/h/2/infinixnote10-179-hansviprint-original-imag46bndffhwupu.jpeg | https://rukminim2.flixcart.com/image/kq2o2vk0/cases-covers/back-cover/p/5/s/infinixnote10-179-hansviprint-original-imag46bnrkzehhyp.jpeg | https://rukminim2.flixcart.com/image/kq2o2vk0/cases-covers/back-cover/d/d/1/infinixnote10-179-hansviprint-original-imag46bnyy8fb7mz.jpeg | https://rukminim2.flixcart.com/image/kq2o2vk0/cases-covers/back-cover/r/t/z/infinixnote10-179-hansviprint-original-imag46bnwhhusgyd.jpeg,7 Days Replacement Policy,Mobiles & Accessories,Mobile Accessories,Cases & Covers,Designer Cases & Covers,Mobiles & Accessories | Mobile Accessories | Cases & Covers | Designer Cases & Covers | Appcityprint Designer Cases & Covers,,,,0,0,0,378de7b5-3a2a-56ea-8316-487fa96bac2f,09/30/23
HIDESIGN,https://www.flipkart.com/hidesign-men-black-genuine-leather-wallet/p/itm2a7633841d9a1,itm2a7633841d9a1,https://www.flipkart.com/product/p/itm2a7633841d9a1,829,INR,"₹1,695",51% off,True,,RetailNet,4.8,,[],,https://rukminim2.flixcart.com/image/kwmfqfk0/wallet-card-wallet/f/b/a/-original-imag994gffu2t4cp.jpeg | https://rukminim2.flixcart.com/image/kwmfqfk0/wallet-card-wallet/t/1/o/-original-imag994gkyxfnfqg.jpeg | https://rukminim2.flixcart.com/image/kwmfqfk0/wallet-card-wallet/c/r/z/-original-imag994ge5gv7fz8.jpeg | https://rukminim2.flixcart.com/image/kwmfqfk0/wallet-card-wallet/j/h/j/-original-imag994g9uc8trgp.jpeg | https://rukminim2.flixcart.com/image/kwmfqfk0/wallet-card-wallet/g/i/h/-original-imag994gqn6zzjjq.jpeg | https://rukminim2.flixcart.com/image/kwmfqfk0/wallet-card-wallet/l/x/j/-original-imag994gaqdqcpyu.jpeg | https://rukminim2.flixcart.com/image/kwmfqfk0/wallet-card-wallet/9/c/i/-original-imag994gzfjhhady.jpeg,10 Days Replacement Policy,"Bags, Wallets & Belts",Wallets & Clutches,Wallets,HIDESIGN Wallets,"Bags, Wallets & Belts | Wallets & Clutches | Wallets | HIDESIGN Wallets",,Wallet Card Wallets,,4.9,0,7,19682991-3538-5bb3-946a-a7addfff8f9a,09/30/23
"BAGRA Back Cover for Infinix Note 12 Turbo  (Multicolor, Grip Case, Silicon, Pack of: 1)",https://www.flipkart.com/hi/bagra-back-cover-infinix-note-12-turbo/p/itmf403ce0975dbd,itmf403ce0975dbd,https://www.flipkart.com/product/p/itmf403ce0975dbd,218,INR,₹799,72% off,True,Suitable For: Mobile | Material: Silicon | Theme: Comics/Cartoons/Superheroes | Type: Back Cover,ShivMahadev,4.1,"Infinix Note 12 Turbo Back Cover, the best Multicolor covers, This soft silicone Multicolor cover will protect and prevent your phone from scratches, damage and dust. The silicone cover is made from a lightweight tough strong high quality rubber/silicone material which will help you to keep your phone safe. It comes in smooth texture. This will not only look good on your phone but will protect it. This case will Style your mobile.","[{'Sales Package': '1 Back Cover'}, {'Model Number': 'Inf-N12T-JP3091'}, {'Designed For': 'Infinix Note 12 Turbo'}, {'Brand Color': 'Multicolor'}, {'Pack of': '1'}, {'Certification': 'Back Cover, Dust free, washable, Fingerprints Free, Made of soft silicone which make it soft and durable.Access to All buttons, Controls & Ports easily, and without removing the skin.'}]","1 Back Cover: Sales Package | Inf-N12T-JP3091: Model Number | Infinix Note 12 Turbo: Designed For | Multicolor: Brand Color | 1: Pack of | Back Cover, Dust free, washable, Fingerprints Free, Made of soft silicone which make it soft and durable.Access to All buttons, Controls & Ports easily, and without removing the skin.: Certification",https://rukminim2.flixcart.com/image/xif0q/cases-covers/back-cover/r/f/s/inf-n12t-jp3091-realking-original-imagh8y8trhk4y9p.jpeg | https://rukminim2.flixcart.com/image/l20rma80/cases-covers/back-cover/n/w/h/op-f21p-4g-jp3091-sswastik-original-imagdg9ezyp44yjz.jpeg | https://rukminim2.flixcart.com/image/xif0q/cases-covers/back-cover/g/q/p/inf-n12t-jp3091-realking-original-imagh8y8tdheqehn.jpeg | https://rukminim2.flixcart.com/image/xif0q/cases-covers/back-cover/3/s/i/inf-n12t-jp3091-realking-original-imagh8y8bs9zbdhh.jpeg,7 Days Replacement Policy,Mobiles & Accessories,Mobile Accessories,Cases & Covers,Designer Cases & Covers,Mobiles & Accessories | Mobile Accessories | Cases & Covers | Designer Cases & Covers | BAGRA Designer Cases & Covers,,,,0,0,0,ab1e8eee-2387-5164-902b-3a438d988b25,09/30/23
"Sanjay dutt poster Multicolor Photo Paper Print Poster Photographic Paper  (18 inch X 12 inch, Rolled)",https://www.flipkart.com/sanjay-dutt-poster-multicolor-photo-paper-print-photographic/p/itme4926303417b7,itme4926303417b7,https://www.flipkart.com/product/p/itme4926303417b7,249,INR,₹299,16% off,False,Theme: Movies | Width x Height: 12 inch x 18 inch | Orientation: Landscape,Paristore1,,"Decorate your home HD Print Designs. Enhance the beauty of your place with these classy wall Poster paintings. These painting will keep you happy and create a pleasant aura in your living place. Our Wall Poster are designed to spruce up your interiors with life and color. Give your interiors some life and character with our vibrant paintings. Wall posters with size of 12 x 18 inch rolled and packed in hard cardboard tube to reach your home without any damage. Made of durable and non-toxic materials, they're built to last and adorn your space for years.Only poster will be given no frame","[{'Sales Package': '1'}, {'Color Poster': 'Yes'}, {'Size': 'Small'}, {'Color': 'Multicolor'}, {'Art Form Type': 'Other Art Form'}, {'Paper Finish': 'Gloss'}, {'Lamination': 'No'}, {'Black & White Poster': 'No'}, {'Regional Speciality': 'No Regional Specialty'}, {'Sub Category': 'Celebrities'}, {'Acid Proof': 'No'}, {'Packing Variant': 'Rolled'}, {'Shape': 'Rectangle'}, {'Paper Depth': '180 gsm'}, {'Weight': '200 g'}]",1: Sales Package | Yes: Color Poster | Small: Size | Multicolor: Color | Other Art Form: Art Form Type | Gloss: Paper Finish | No: Lamination | No: Black & White Poster | No Regional Specialty: Regional Speciality | Celebrities: Sub Category | No: Acid Proof | Rolled: Packing Variant | Rectangle: Shape | 180 gsm: Paper Depth | 200 g: Weight,https://rukminim2.flixcart.com/image/xif0q/poster/1/e/l/small-sanjay-dutt-poster-317-sanjay-dutt-poster-multicolor-photo-original-imaghvgrsuhkyfes.jpeg | https://rukminim2.flixcart.com/image/xif0q/poster/i/l/3/small-aishwarya-rai-bachchan-poster-379-aishwarya-rai-bachchan-original-imagh5qya2mhcr5k.jpeg | https://rukminim2.flixcart.com/image/xif0q/poster/l/g/z/small-aishwarya-rai-bachchan-poster-379-aishwarya-rai-bachchan-original-imagh5qyd2zgddx5.jpeg,7 Days Return Policy,Home Decor,Paintings & Posters,Posters,MISTI Posters,Home Decor | Paintings & Posters | Posters | MISTI Posters,India,Posters,,0,0,0,cda4ee2c-51dc-57e3-8651-2a3a4342dd30,09/30/23
"The Struggle for Iran  (English, Hardcover, de Bellaigue Christopher)",https://www.flipkart.com/hi/the-struggle-for-iran/p/itmbd2ef9e288d47,itmbd2ef9e288d47,https://www.flipkart.com/product/p/itmbd2ef9e288d47,"1,635",INR,"₹1,928",15% off,False,"Language: English | Binding: Hardcover | Publisher: The New York Review of Books, Inc | Genre: Political Science | ISBN: 9781590172384, 1590172388 | Edition: 2007 | Pages: 224",BOOKSWAGONN,3,de Bellaigue Christopher,"[{'Imprint': 'The New York Review of Books, Inc'}, {'Publication Year': '2007'}, {'Author Info': 'Christopher de Bellaigue was born in London in 1971 and has worked as a journalist in the Middle East and South Asia since 1994. His first book, In the Rose Garden of the Martyrs: A Memoir of Iran, was shortlisted for the Royal Society of Literature’s Ondaatje Prize. He lives in Tehran with his wife and two children.'}, {'Width': '19 mm'}, {'Height': '224 mm'}, {'Length': '130 mm'}, {'Weight': '395 gr'}]","The New York Review of Books, Inc: Imprint | 2007: Publication Year | Christopher de Bellaigue was born in London in 1971 and has worked as a journalist in the Middle East and South Asia since 1994. His first book, In the Rose Garden of the Martyrs: A Memoir of Iran, was shortlisted for the Royal Society of Literature’s Ondaatje Prize. He lives in Tehran with his wife and two children.: Author Info | 19 mm: Width | 224 mm: Height | 130 mm: Length | 395 gr: Weight",,7 Days Replacement Policy,,,,,,,,,0,0,0,046a5c9d-5d2b-5017-8c8b-04b8a64c9dc0,09/30/23
"RPSENTTERPR Waterproof Two Wheeler Cover for Triumph  (Tiger 800 XR, Multicolor)",https://www.flipkart.com/hi/rpsenterpr-two-wheeler-cover-triumph/p/itm3c7c28422bc3a,itm3c7c28422bc3a,https://www.flipkart.com/product/p/itm3c7c28422bc3a,299,INR,"₹1,299",76% off,True,Strap Type: Belt | Made of Polyester | Compatible Vehicle Brands: Triumph | Compatible Vehicle Models: Tiger 800 XR,TheVictor,3.7,"Bike cover is made from best quality polyester,Tafta(Parachute) fabric material which is known for its high performance and durability, Nylon double threads used to stitch the cover tightly and securely., Protect Bike from Moisture, Dirt, Dust, Weather Extremes, Fading away from Sunlight, ScrFenderhing, Equipped with a buckle to secure the cover for an optimized fit, Very Light weight and easy to use and fold.",[],,https://rukminim2.flixcart.com/image/khcb7gw0/two-wheeler-cover/a/e/w/gendjungle2014-209-cartwheel-tiger-800-xr-original-imafxdm9zmen9hq3.jpeg | https://rukminim2.flixcart.com/image/kfbfr0w0pkrrdj/bike-spare-parts-accessories/2/5/g/jung2017-212-cartwheel-original-imafvygf9n7jx5sz.jpeg | https://rukminim2.flixcart.com/image/kfbfr0w0pkrrdj/bike-spare-parts-accessories/f/h/z/jung2017-213-cartwheel-original-imafvygfr8vtwwhw.jpeg | https://rukminim2.flixcart.com/image/kfbfr0w0pkrrdj/bike-spare-parts-accessories/j/g/n/jung2017-197-cartwheel-original-imafvygfffwurqhh.jpeg,7 Days Replacement Policy,Automotive Accessories,Vehicle Body Covers,Bike Body Covers,RPSENTTERPR Bike Body Covers,Automotive Accessories | Vehicle Body Covers | Bike Body Covers | RPSENTTERPR Bike Body Covers,,,,0,0,0,9a338dfe-7ee4-519b-a1f9-819d1dd6e495,09/30/23
"6thCross Rectangular Pack of 4 Table Placemat  (Multicolor, Cotton)",https://www.flipkart.com/hi/6thcross-rectangular-pack-4-table-placemat/p/itm89aaef15f5d19,itm89aaef15f5d19,https://www.flipkart.com/product/p/itm89aaef15f5d19,719,INR,"₹1,199",40% off,False,Shape: Rectangular | Multicolor | Material: Cotton,6thCross,,Best Four-Piece Placemat Set:Using a placemat is a cost-effective and simple way to keep your table looking nice all year long. You can use these during any type of party or just for an evening dinner. Placemats can never go out of style as they offer much more than just being a pleasing addition to the overall look and feel of the table. Decorative purposes of a placemats are infinite.,"[{'Sales Package': '4 table placemat'}, {'Number of Contents in Sales Package': 'Pack of 4'}, {'Brand': '6thCross'}, {'Color': 'Multicolor'}, {'Material': 'Cotton'}, {'Shape': 'Rectangular'}, {'Heat Proof': 'Yes'}, {'Handmade': 'Yes'}, {'Style Code': 'PM-love create inspire 5'}, {'Net Quantity': '4'}, {'Reversible': 'No'}, {'Width': '18 inch / 45 cm'}, {'Length': '11 inch / 30 cm'}]",4 table placemat: Sales Package | Pack of 4: Number of Contents in Sales Package | 6thCross: Brand | Multicolor: Color | Cotton: Material | Rectangular: Shape | Yes: Heat Proof | Yes: Handmade | PM-love create inspire 5: Style Code | 4: Net Quantity | No: Reversible | 18 inch / 45 cm: Width | 11 inch / 30 cm: Length,https://rukminim2.flixcart.com/image/k45x0nk0/table-placemat/t/m/u/pm-love-create-inspire-5-6thcross-original-imafn4hmumfjtgzm.jpeg | https://rukminim2.flixcart.com/image/k45x0nk0/table-placemat/t/m/u/pm-love-create-inspire-5-6thcross-original-imafn4hm82snj7zn.jpeg | https://rukminim2.flixcart.com/image/k45x0nk0/table-placemat/t/m/u/pm-love-create-inspire-5-6thcross-original-imafn4hmvuvf25qf.jpeg | https://rukminim2.flixcart.com/image/k45x0nk0/table-placemat/t/m/u/pm-love-create-inspire-5-6thcross-original-imafn4hmazfafvfe.jpeg,7 Days Return Policy,Home Furnishing,Kitchen & Table Linen,Table Placemats,6thCross Table Placemats,Home Furnishing | Kitchen & Table Linen | Table Placemats | 6thCross Table Placemats,,,,0,0,0,2a5a6570-fb00-5b4a-afcd-496bedafad7b,09/30/23
ANGEL SAREEs,https://www.flipkart.com/hi/angel-sarees-temple-border-daily-wear-georgette-saree/p/itmd849b52ffbe7e,itmd849b52ffbe7e,https://www.flipkart.com/product/p/itmd849b52ffbe7e,647,INR,"₹1,500",56% off,False,,AngelSaree,2.8,,[],,https://rukminim2.flixcart.com/image/xif0q/sari/p/n/a/free-mirror-gpo-red-angel-sarees-unstitched-original-imagp4m3yquabk9z.jpeg | https://rukminim2.flixcart.com/image/xif0q/sari/v/4/l/free-mirror-gpo-black-angel-sarees-unstitched-original-imagp4m3nfs8yvug.jpeg,10 दिन की रिटर्न पॉलिसी,Clothing and Accessories,Sarees and Saree Essentials,Sarees,Women's Sarees,Clothing and Accessories | Sarees and Saree Essentials | Sarees | Women's Sarees | ANGEL SAREEs Women's Sarees,,,,0,0,0,695f5470-d142-5595-a9f8-132ffa0d402c,09/30/23
"Sciforce Back Cover for Mi Redmi Note 5  (Transparent, White)",https://www.flipkart.com/hi/sciforce-back-cover-xiaomi-redmi-note-5-mi-5-plain-white-transparentback/p/itmf2c4tqkefnzjc,itmf2c4tqkefnzjc,https://www.flipkart.com/product/p/itmf2c4tqkefnzjc,227,INR,₹599,62% off,True,Suitable For: Mobile | Material: Rubber | Theme: No Theme | Type: Back Cover,Smart2buy,3.8,,[],,,7 Days Replacement Policy,Mobiles & Accessories,Mobile Accessories,Cases & Covers,Plain Cases & Covers,Mobiles & Accessories | Mobile Accessories | Cases & Covers | Plain Cases & Covers | Sciforce Plain Cases & Covers,,,,0,0,0,90ac966d-3ea0-548d-843f-b87018a85e9b,09/30/23
लिथरा टॉप लोडिंग वॉशिंग मशीन  कवर  (मैरून),https://www.flipkart.com/hi/lithara-washing-machine-cover/p/itmeqggxbhxsqtfg,itmeqggxbhxsqtfg,https://www.flipkart.com/product/p/itmeqggxbhxsqtfg,474,INR,"₹1,199",60% off,True,मटेरियल: PVC | चौड़ाई: 60.96 cm | ऊंचाई: 96.57 cm | गहराई: 60.96 cm,DCFPL,3.9,"लिथारा वॉशिंग कवर आपको अपनी वॉशिंग मशीन को खरोंच, दाग, धूल और अन्य कणों से सुरक्षित रखने में मदद करता है। स्क्रैच रेजिस्टेंस आपकी वॉशिंग मशीन को एक्सटेंडेड लाइफ प्रदान करता है। मशीन के पीछे की तरफ इनलेट आउटलेट और पावर कॉर्ड वेंट दिया गया है। यह वाटर प्रूफ है और साफ करने में आसान है। ज़िप एन्क्लोज़र जो इसे इस्तेमाल करने में आसान बनाता है। वाटरप्रूफ वॉशिंग मशीन कवर की ये रेंज पानी को वॉशिंग मशीन के एसेंस को खराब करने से रोकती हैं, यह लंबे समय तक गार्ड और नया रहता है। आप लंबे समय तक साफ स्पॉटलेस कपड़ों का आनंद ले सकते हैं ताकि आप लंबे समय तक अपने निवेश का उपयोग कर सकें।","[{'Sales Package': '1 Pc of Washing Machine Cover For Top Loading'}, {'Brand': 'LITHARA'}, {'Model Number': 'LIWMC_diLIWMCgracia6.5_FA_7kg_Maroon'}, {'Material': 'PVC'}, {'Type': 'Top Loading Washing Machine'}, {'Other Features': 'Waterproof & Dustproof : It helps you to keep your washing machine safe from scratches, stain, dust and other particles. Zip enclosure,which makes it easy to use. No need to remove the cover during use. Holes provided for inlet Pipe, Outlet pipe and Power Cord'}, {'Width': '60.96 cm'}, {'Height': '96.57 cm'}, {'Depth': '60.96 cm'}, {'Other Dimensions': 'Product dimension (WxDxH) In Inches: (24 x 24 x 38)'}, {'Warranty Summary': '1 year manufacturer warranty.'}, {'Service Type': 'For Questions on exchanges, product availability or any other queries please contact our dedicated contact no. 9643184876'}, {'Covered in Warranty': 'Warranty of the product is limited to manufacturing defects only.'}, {'Not Covered in Warranty': 'Zipper and any physical damage is not covered in warranty.'}]","1 Pc of Washing Machine Cover For Top Loading: Sales Package | LITHARA: Brand | LIWMC_diLIWMCgracia6.5_FA_7kg_Maroon: Model Number | PVC: Material | Top Loading Washing Machine: Type | Waterproof & Dustproof : It helps you to keep your washing machine safe from scratches, stain, dust and other particles. Zip enclosure,which makes it easy to use. No need to remove the cover during use. Holes provided for inlet Pipe, Outlet pipe and Power Cord: Other Features | 60.96 cm: Width | 96.57 cm: Height | 60.96 cm: Depth | Product dimension (WxDxH) In Inches: (24 x 24 x 38): Other Dimensions | 1 year manufacturer warranty.: Warranty Summary | For Questions on exchanges, product availability or any other queries please contact our dedicated contact no. 9643184876: Service Type | Warranty of the product is limited to manufacturing defects only.: Covered in Warranty | Zipper and any physical damage is not covered in warranty.: Not Covered in Warranty",https://rukminim2.flixcart.com/image/kpr8k280/appliance-cover/s/j/r/liwmc-wteon650pfd-fa-7kg-maroon-lithara-original-imaf3v9gs6vqzq3y.jpeg | https://rukminim2.flixcart.com/image/kpr8k280/appliance-cover/s/j/r/liwmc-wteon650pfd-fa-7kg-maroon-lithara-original-imaf3v9gs6vqzq3y.jpeg | https://rukminim2.flixcart.com/image/juwzf680/appliance-cover/6/s/c/fa-a-hwm58-020-immar-dream-care-original-imaf3v9fhmr6xdkm.jpeg | https://rukminim2.flixcart.com/image/jyafukw0/appliance-cover/y/z/h/li-fa-a-immar-lithara-original-imaf3yguxghcvw73.jpeg | https://rukminim2.flixcart.com/image/jyafukw0/appliance-cover/y/z/h/li-fa-a-immar-lithara-original-imaf3v9fehh7jc6t.jpeg | https://rukminim2.flixcart.com/image/k5zn9u80/appliance-cover/g/h/y/giwmc-plat-electrolux-fa-7kg-grey-glassiano-original-imaewzc8vgfszkv6.jpeg,7 Days Return Policy,,,,,,,,,0,0,0,82410bf8-c13d-53fe-9774-3300f1322b13,09/30/23
MotohunK Two Wheeler Cover for Yamaha  (Maroon),https://www.flipkart.com/motohunk-two-wheeler-cover-yamaha/p/itm03be2d8a3ffa3,itm03be2d8a3ffa3,https://www.flipkart.com/product/p/itm03be2d8a3ffa3,298,INR,₹999,70% off,True,"Strap Type: Buckle, Belt | Made of Polyester | Compatible Vehicle Brands: Yamaha | Compatible Vehicle Models: Universal For Bike",TheVictor,3.7,Motohunk Cover for Yamaha Saluto 125 MOTOHUNK Presents the best quality bike cover which is designed as per bike shape and comes with mirror pocket. The material used to make this cover is Polyester Fabric which is known for its high performance and durability. It has UV protection finish which protect the paint from fading and it is also All Weather Resistant which stops dust from entering in the cover and protects the bike from rust. High quality fabric keeps the bike unaffected by harsh climate conditions. It is very light weighted cover which is easy to fold and carry. It also has buckle straps at sides to keep cover at place and gives protection from being stolen and blowing off from wind.,[],,,7 Days Replacement Policy,Automotive Accessories,Vehicle Body Covers,Bike Body Covers,MotohunK Bike Body Covers,Automotive Accessories | Vehicle Body Covers | Bike Body Covers | MotohunK Bike Body Covers,India,Two Wheeler Cover,THEVICTORINDIA,0,0,0,5a5dad5a-65de-5723-a728-aae0c21331c4,09/30/23
FashionAndYOUTH,https://www.flipkart.com/fashionandyouth-full-sleeve-printed-men-sweatshirt/p/itmb95405e253a98,itmb95405e253a98,https://www.flipkart.com/product/p/itmb95405e253a98,399,INR,"₹1,999",80% off,True,,FashionAndYouth,4.7,,[],,https://rukminim2.flixcart.com/image/l47cu4w0/sweatshirt/b/a/r/m-hood4-wd-gunsnroses-n-fashion-and-youth-original-imagf5eke28njmfn.jpeg | https://rukminim2.flixcart.com/image/ku4ezrk0/sweatshirt/a/v/0/m-ninetail-teewink-original-imag7b53npxgufax.jpeg,3 Days Return Policy,Clothing and Accessories,Winter Wear,Sweatshirts,Men's Sweatshirts,Clothing and Accessories | Winter Wear | Sweatshirts | Men's Sweatshirts | FashionAndYOUTH Men's Sweatshirts,India,Sweatshirts,Fashion And Youth,0,0,0,815aef22-4702-5132-850f-2d9a585439e1,09/30/23
"Goldista Back Cover for OnePlus 5  (Multicolor, Flexible, Silicon, Pack of: 1)",https://www.flipkart.com/goldista-back-cover-oneplus-5/p/itm3255e8846aaed,itm3255e8846aaed,https://www.flipkart.com/product/p/itm3255e8846aaed,194,INR,₹499,61% off,True,Suitable For: Mobile | Material: Silicon | Theme: Patterns | Type: Back Cover,GSSELL,3.9,"This Designer Case Allows Easy Access To All Buttons Controls. This Cover Designer Case Cover Is Attractive, Comfortable, Light Weight And Has Unique Design It Perfectly Fit And Protects your Mobile. Easy To Install And Remove. High Quality Finish.","[{'Sales Package': '1 Back Cover'}, {'Model Number': 'ONEPLUS5-107'}, {'Designed For': 'OnePlus 5'}, {'Brand Color': 'Multicolor'}, {'Pack of': '1'}]",1 Back Cover: Sales Package | ONEPLUS5-107: Model Number | OnePlus 5: Designed For | Multicolor: Brand Color | 1: Pack of,,7 Days Replacement Policy,Mobiles & Accessories,Mobile Accessories,Cases & Covers,Designer Cases & Covers,Mobiles & Accessories | Mobile Accessories | Cases & Covers | Designer Cases & Covers | Goldista Designer Cases & Covers,India,Cases & Covers,,0,0,0,974fe3bd-1905-5c19-8fdd-0cef077f0c94,09/30/23
"SRIJONI Back Cover for Oppo F19 Pro Plus  (Multicolor, Hard Case, Pack of: 1)",https://www.flipkart.com/srijoni-back-cover-oppo-f19-pro-plus/p/itm58254c7ac6416,itm58254c7ac6416,https://www.flipkart.com/product/p/itm58254c7ac6416,235,INR,₹480,51% off,False,Suitable For: Mobile | Material: Polycarbonate | Theme: Quotes/Signs/Symbols | Type: Back Cover,SRIJONI,2.8,"Designed phone cover not only protects your precious handset but also 

increases the life span of your mobile. This particular handset back 

cover is very light in weight and can also be easily snapped on your 

handset. In todays world communication is very important and hence it is 

mandate to protect the ways we communicate. Mobile is one of the ways. 

So it is imperative to protect the same by taking few precautions. One 

of the main is to protect your handset back cover. The handset back 

cover of this model has a very unique and creative design printed on it 

to give it a more glamorous look. This peculiar design handset back 

cover is bound to grab the eye ball of people around you. It gives a 

very stylish and trendy look and is a perfect gift to present it to your 

loved ones. So, pep up your life and add color by purchasing","[{'Sales Package': '1 Case Cover'}, {'Model Number': 'SRJO_052553'}, {'Designed For': 'Oppo F19 Pro Plus'}, {'Brand Color': 'Multicolor'}, {'Pack of': '1'}]",1 Case Cover: Sales Package | SRJO_052553: Model Number | Oppo F19 Pro Plus: Designed For | Multicolor: Brand Color | 1: Pack of,https://rukminim2.flixcart.com/image/koixwnk0/cases-covers/back-cover/0/t/6/srjo-052553-srijoni-original-imag2ysyzkvmnwht.jpeg | https://rukminim2.flixcart.com/image/jur9nrk0/cases-covers/back-cover/m/x/z/srijoni-opa3s-2290-original-imaff9re5bfzcyfr.jpeg | https://rukminim2.flixcart.com/image/k8kiw7k0/cases-covers/back-cover/r/f/g/srijoni-min7pr-2709-original-imafqkbsrv6jkxym.jpeg | https://rukminim2.flixcart.com/image/juoes280/cases-covers/back-cover/w/g/w/srijoni-sas10-1388-original-imaffqsfcf4gvbmc.jpeg | https://rukminim2.flixcart.com/image/knknc7k0/cases-covers/back-cover/4/y/1/srjo-023833-srijoni-original-imag284pmafh7mug.jpeg,7 Days Replacement Policy,Mobiles & Accessories,Mobile Accessories,Cases & Covers,Designer Cases & Covers,Mobiles & Accessories | Mobile Accessories | Cases & Covers | Designer Cases & Covers | SRIJONI Designer Cases & Covers,India,Cases & Covers,National Traders,0,0,0,8d44014a-11d5-5bfc-b140-7ae1be7fb1cb,09/30/23
Trendzino,https://www.flipkart.com/hi/trendzino-women-shapewear/p/itm83a1133725875,itm83a1133725875,https://www.flipkart.com/product/p/itm83a1133725875,399,INR,₹799,50% off,True,,RhonniumTech,3,,[],,https://rukminim2.flixcart.com/image/l2f20sw0/shapewear/n/q/r/s-392-cami-shaper-voyarge-original-imagdrdwrqcagnyg.jpeg | https://rukminim2.flixcart.com/image/l2f20sw0/shapewear/l/d/m/s-392-cami-shaper-voyarge-original-imagdrdwyqvagcvy.jpeg,वापसी नहीं होगी ,Clothing and Accessories,Innerwear and Swimwear,Shapewears,Women's Shapewears,Clothing and Accessories | Innerwear and Swimwear | Shapewears | Women's Shapewears | Trendzino Women's Shapewears,,,,0,0,0,c99d6715-67c8-53da-9b8e-59986f4c36bf,09/30/23
MSARORAG,https://www.flipkart.com/msarorag-formal-printed-women-white-top/p/itma59a79b3492b6,itma59a79b3492b6,https://www.flipkart.com/product/p/itma59a79b3492b6,"2,100",INR,"₹2,500",16% off,False,,MSARORAGARMENTS,,,[],,https://rukminim2.flixcart.com/image/xif0q/top/k/y/y/5xl-gfygu5454-msarorag-original-imag5gtuybrauwkr.jpeg | https://rukminim2.flixcart.com/image/xif0q/top/0/g/t/xxs-gfygu5454-msarorag-original-imag5gtudgz4tqfm.jpeg,10 Days Return Policy,Clothing and Accessories,Topwear,Tops,Women's Tops,Clothing and Accessories | Topwear | Tops | Women's Tops | MSARORAG Women's Tops,India,Tops,MSARORAGARMENTS,0,0,0,1dc46124-ad66-5e89-ae35-58aaac0b6be2,09/30/23
"UMPRINT Back Cover for Vivo V21 5G/V2050 Joker, Art Printed Back Cover  (Multicolor, Hard Case, Pack of: 1)",https://www.flipkart.com/hi/umprint-back-cover-vivo-v21-5g-v2050-joker-art-printed/p/itm76c4d1e590ce6,itm76c4d1e590ce6,https://www.flipkart.com/product/p/itm76c4d1e590ce6,249,INR,₹999,75% off,False,Suitable For: Mobile | Material: Plastic | Theme: Comics/Cartoons/Superheroes | Type: Back Cover,UMPRINT,2.7,Designed For Phone Owners Who Prefer Minimalist-Style Protection. Plastic Back Cover Is A Sleek Form-Fitted Rubberized Shell That Aims To Protect Your Phone From Everyday Wear And Tear. It Is Surface Treated With Rubberized Coating Which Provides A Slip-Free Grip. Plastic Back Cover Provides A Set To Complete Front And Backside Scratch.,"[{'Sales Package': '1 Designer Back Cover For Vivo V21 5G'}, {'Model Number': 'V2050-Joker, Art-78'}, {'Designed For': 'Vivo V21 5G/V2050 Joker, Art Printed Back Cover'}, {'Brand Color': 'Joker, Art Joker Heath Ledger JokerBatman Joker,'}, {'Pack of': '1'}, {'Other Features': 'Hard Case, Dual Protection'}, {'Warranty Service Type': 'Replacement'}, {'Warranty Summary': '7 Days Replacement Warranty'}, {'Covered in Warranty': 'Warranty of the product is limited to manufacturing defects only'}, {'Not Covered in Warranty': 'Warranty of the product is limited to manufacturing defects only'}]","1 Designer Back Cover For Vivo V21 5G: Sales Package | V2050-Joker, Art-78: Model Number | Vivo V21 5G/V2050 Joker, Art Printed Back Cover: Designed For | Joker, Art Joker Heath Ledger JokerBatman Joker,: Brand Color | 1: Pack of | Hard Case, Dual Protection: Other Features | Replacement: Warranty Service Type | 7 Days Replacement Warranty: Warranty Summary | Warranty of the product is limited to manufacturing defects only: Covered in Warranty | Warranty of the product is limited to manufacturing defects only: Not Covered in Warranty",https://rukminim2.flixcart.com/image/ks3jjbk0/cases-covers/back-cover/i/d/z/v2050-joker-art-78-umprint-original-imag5qmvvzas9nz4.jpeg | https://rukminim2.flixcart.com/image/k6nxrbk0/cases-covers/back-cover/3/q/y/tpm-m1803e61-red-y2-h-love-r-1648-original-imafdgyws57nz6up.jpeg | https://rukminim2.flixcart.com/image/k6nxrbk0/cases-covers/back-cover/2/b/x/tpm-m1803e61-red-y2-r-love-h-1533-original-imafdgyy9vsdzwcs.jpeg | https://rukminim2.flixcart.com/image/k6nxrbk0/cases-covers/back-cover/b/g/b/tpm-m1803e61-red-y2-h-love-s-1649-original-imafdrfxc2dqkjnq.jpeg,7 Days Replacement Policy,Mobiles & Accessories,Mobile Accessories,Cases & Covers,Designer Cases & Covers,Mobiles & Accessories | Mobile Accessories | Cases & Covers | Designer Cases & Covers | UMPRINT Designer Cases & Covers,,,,0,0,0,610790ad-e404-5209-adb7-3afcb76d970a,09/30/23
अभ लाइफस्टाइल,https://www.flipkart.com/hi/abh-lifestyle-men-kurta-waistcoat-pyjama-set/p/itm61605579d2ed1,itm61605579d2ed1,https://www.flipkart.com/product/p/itm61605579d2ed1,"1,172",INR,"₹3,999",70% off,True,,FAIZENTERPRISES,4.3,,[],,https://rukminim2.flixcart.com/image/krqoknk0/ethnic-set/c/x/z/40-kpw-jacqurd-pink-new-abh-lifestyle-original-imag5gkrtzzbczth.jpeg | https://rukminim2.flixcart.com/image/krqoknk0/ethnic-set/x/z/r/40-kpw-jacqurd-pink-new-abh-lifestyle-original-imag5gkr7nnn3pvh.jpeg | https://rukminim2.flixcart.com/image/krqoknk0/ethnic-set/r/c/z/40-kpw-jacqurd-pink-new-abh-lifestyle-original-imag5gkrhpvcfsju.jpeg | https://rukminim2.flixcart.com/image/krqoknk0/ethnic-set/j/x/f/40-kpw-jacqurd-pink-new-abh-lifestyle-original-imag5gkrkxjejbev.jpeg | https://rukminim2.flixcart.com/image/krqoknk0/ethnic-set/f/i/r/40-kpw-jacqurd-pink-new-abh-lifestyle-original-imag5gkrnzgwkzbs.jpeg | https://rukminim2.flixcart.com/image/krqoknk0/ethnic-set/a/k/o/40-kpw-jacqurd-pink-new-abh-lifestyle-original-imag5gkrsw7xy3er.jpeg,10 दिन की रिटर्न पॉलिसी,,,,,,,,,3.8,21,221,aa5e12b3-94a4-53d1-92ce-306b9a6480aa,09/30/23
"wazny 13 Inch Flexible GorillaPod Tripod Octopod with Mobile Holder Attachment & 360 Degree Ball Head for Smartphones, Compact Cameras, Action Cameras Tripod Bracket, Tripod  (Black, White, Supports Up to 1500 g)",https://www.flipkart.com/wazny-13-inch-flexible-gorillapod-tripod-octopod-mobile-holder-attachment-360-degree-ball-head-smartphones-compact-cameras-action-cameras-bracket/p/itm7ec24c706c141,itm7ec24c706c141,https://www.flipkart.com/product/p/itm7ec24c706c141,539,INR,₹600,10% off,True,"Designed For: Mobile, Point & Shoot Camera, DSLR/SLR Camera, Video Camera, Advanced Point & Shoot Camera | Load Capacity: 1500 g | Height Range: 150 mm - 250 mm | Material: ABS RUBBER/PLASTIC",CLETHICS,4.2,"Here's a tripod that promises enough length, all the features of a pro tripod for vivid angle different angle shooting as it is totally point to point flexible and yet extremely light weight. With a maximum height of 250 cm and a minimum height of 150 cm, a weight under 420 grams, you can carry it with you on your holidays. It comes with universal mobile and GoPro action camera attachments, this one tripod can take on all the cameras and ensure stable professional images. The adjustable-height tripod makes it easy to achieve reliable stability and score just the right angle when going after that award-winning shot. A fun and useful camera accessory for both novice and professional photographers alike, the handy tripod accommodates a wide range of digital, video and still cameras and comes loaded with user-friendly features. Camera Cellphone Universal Tripod Capture, awesome pictures & video anywhere with your phone ,thanks to the small mini Phone Tripod. Set it up where ever you want; on a rock, a couch, the dashboard and easily adjust the flexible tripod legs to level it out. The flexible legs also hold firmly in any position you set them, allowing you to wrap it on a lamp, pole, tree or anything else and capture awesome shots or watch videos from any angle! The compact lightweight design makes it super portable.","[{'Sales Package': '1 Flexible Tripod, 1 Mobile Holder'}, {'Head Type': '3 WAY PEN'}, {'Tilt Angle': '90'}, {'Head Mount Thread Size': '1/4'}, {'Leg Lock Type': 'FLIP LOCK'}, {'Independent Leg Spread': 'Yes'}, {'Leg Angles': '80 degree'}, {'Leg Cross Section': 'triangle'}, {'Pack of': '1'}, {'Other Features': 'Mobile tripod is made of high quality ABS. Making it a very heavy duty product and giving it an exponentially longer life, as compared to other plastic based camera tripod, Mobile Phone with Phone Mount | Flexible Gorilla Stand for DSLR & Action Cameras.'}, {'Weight': '200 g'}]","1 Flexible Tripod, 1 Mobile Holder: Sales Package | 3 WAY PEN: Head Type | 90: Tilt Angle | 1/4: Head Mount Thread Size | FLIP LOCK: Leg Lock Type | Yes: Independent Leg Spread | 80 degree: Leg Angles | triangle: Leg Cross Section | 1: Pack of | Mobile tripod is made of high quality ABS. Making it a very heavy duty product and giving it an exponentially longer life, as compared to other plastic based camera tripod, Mobile Phone with Phone Mount | Flexible Gorilla Stand for DSLR & Action Cameras.: Other Features | 200 g: Weight",https://rukminim2.flixcart.com/image/kxc5nrk0/tripod/tripod-bracket/r/g/e/13-inch-flexible-gorillapod-tripod-octopod-with-mobile-holder-original-imag9sp3kxsmbbyv.jpeg | https://rukminim2.flixcart.com/image/ksc46fk0/tripod/tripod/2/c/g/gorilla-tripod-mini-10-inch-tripod-for-mobile-phone-with-phone-original-imag5xg7gmyyupxx.jpeg | https://rukminim2.flixcart.com/image/ksc46fk0/tripod/tripod/w/h/j/gorilla-tripod-mini-10-inch-tripod-for-mobile-phone-with-phone-original-imag5xg7bnjuaf5b.jpeg | https://rukminim2.flixcart.com/image/krntoy80/tripod/tripod/o/u/o/gorilla-tripod-mini-13-inch-tripod-for-mobile-phone-with-phone-original-imag5ehyvxjpce6r.jpeg | https://rukminim2.flixcart.com/image/kxaq7ww0/tripod/tripod-bracket/o/j/o/gorilla-tripod-mini-tripod-13-inch-for-mobile-phone-with-holder-original-imag9s5hg6mbnypq.jpeg,7 Days Replacement Policy,Cameras & Accessories,Camera Accessories,Tripods,wazny Tripods,Cameras & Accessories | Camera Accessories | Tripods | wazny Tripods,India,Tripods,,0,0,0,e4ee064c-fbe1-5aa5-944a-54443ef6852c,09/30/23
Gift4You Bts Coffee-MUG-010-PINK Ceramic Coffee Mug  (320 ml),https://www.flipkart.com/gift4you-bts-coffee-mug-010-pink-ceramic-coffee-mug/p/itm37e4f738017a0,itm37e4f738017a0,https://www.flipkart.com/product/p/itm37e4f738017a0,326,INR,₹699,53% off,True,Made of: Ceramic | Type: Coffee Mug | Microwave Safe | Capacity: 320 ml | Pack of: 1, Gift By Gift4You,4,"Gift4You BTS Mug are a great gift for any occasion like brother sister day, Valentine Day, birthdays, anniversaries, graduations, promotions, retirements or other lifestyle special event Design Special For Valentine. Enjoy your delicious beverage with this 
Gift4You Printed BTS Mug . These are the Premium Quality of Ceramic Material.Superior quality, Unique & trendy design . BTS Mug available at your doorstep.",[],,,7 Days Return Policy,"Kitchen, Cookware & Serveware",Tableware & Dinnerware,Mugs,Gift4You Mugs,"Kitchen, Cookware & Serveware | Tableware & Dinnerware | Mugs | Gift4You Mugs",India,Mugs,Manufacture Gift4you,0,0,0,8bced955-74ba-50c5-8cae-0393fae587d4,09/30/23
Indistar,https://www.flipkart.com/indistar-track-pant-boys-girls/p/itma2b76a69973f8,itma2b76a69973f8,https://www.flipkart.com/product/p/itma2b76a69973f8,"1,572",INR,"₹2,899",45% off,True,,LifetimeRetail,3.8,,[],,https://rukminim2.flixcart.com/image/kyj0vbk0/kids-track-pant/g/o/g/2-3-years-36000-141142143144153155156157-iw-kk-p8-1-indiweaves-original-imagaqybqwp3n4zb.jpeg | https://rukminim2.flixcart.com/image/kvpklu80/pyjama/7/k/n/10-11-years-36000-141146-iw-kk-p2-32-indiweaves-original-imag8jpftxc5rrf4.jpeg | https://rukminim2.flixcart.com/image/kxtaxzk0/kids-track-pant/5/n/u/6-7-years-36000-153154155156-iw-kk-p4-5-indiweaves-original-imaga6qvvygg8yax.jpeg | https://rukminim2.flixcart.com/image/kxtaxzk0/kids-track-pant/d/4/x/6-7-years-36000-156157-iw-kk-p2-5-indiweaves-original-imaga6qvrtbz2suh.jpeg | https://rukminim2.flixcart.com/image/kxtaxzk0/kids-track-pant/a/b/h/6-7-years-36000-156157-iw-kk-p2-5-indiweaves-original-imaga6qvrzdegrce.jpeg,10 Days Return Policy,Clothing and Accessories,Bottomwear,Track Pants,Kids' Track Pants,Clothing and Accessories | Bottomwear | Track Pants | Kids' Track Pants | Indistar Kids' Track Pants,India,Kids Track Pants,IndiWeaves,0,0,0,3b3306ee-feb8-50a9-a779-13703eea575e,09/30/23
Exoctic Silver I Love You Tabassum Romantic Quote 84 Ceramic Coffee Mug  (330 ml),https://www.flipkart.com/exoctic-silver-love-you-tabassum-romantic-quote-84-ceramic-coffee-mug/p/itm8789b064c76de,itm8789b064c76de,https://www.flipkart.com/product/p/itm8789b064c76de,211,INR,₹699,69% off,True,Made of: Ceramic | Type: Coffee Mug | Microwave Safe | Capacity: 330 ml | Pack of: 1,Exocticaa,4.6,,[],,,7 Days Return Policy,"Kitchen, Cookware & Serveware",Tableware & Dinnerware,Mugs,Exoctic Silver Mugs,"Kitchen, Cookware & Serveware | Tableware & Dinnerware | Mugs | Exoctic Silver Mugs",India,Mugs,,0,0,0,da0576c0-c4a3-5208-be7b-2798047b4841,09/30/23
"Epraiser Cream Ivory (Size: 20 x 16 x 5 Inches, Xtra Large) Premium Virgin Quality ABS Material Bathroom Mirror Single Door Cabinet with Storage Shelves Plastic Wall Shelf  (Number of Shelves - 5, Beige)",https://www.flipkart.com/epraiser-cream-ivory-size-20-x-16-5-inches-xtra-large-premium-virgin-quality-abs-material-bathroom-mirror-single-door-cabinet-storage-shelves-plastic-wall-shelf/p/itmadde34351494c,itmadde34351494c,https://www.flipkart.com/product/p/itmadde34351494c,"2,551",INR,"₹6,499",60% off,True,Suitable For: Bathroom | Material: Plastic | No of Shelves: 5 | Rust Proof | Width x Height: 16 inch x 20 inch,DOLPHINENTERPRISES07,3.9,"About this item High Quality ABS Material Bathroom Cabinet contains 3 shelve along with the Toothbrush Holder, Comb stand, to store your bathroom accessories Made With Moulding Process Gives It Unique Features Like Classy Finishing, Distinct Elegant Look, Spacious,Attractive and Trending Design. It Is Best For Who Emphasize On Price, Quality & Value At The Same Time. High Quality Virgin plastic is used at backside of door with anti locking system easy to replace mirror if broken which keeps the door strong after daily use also.durable and rust resistant and anti corrosive Saint Gobain Original 3mm Mirror is Installed Inside the cabinet. Perfect Storage for Medicines, Toiletries and Extra Holders for Accessories with Luxury Elegant Looks","[{'Sales Package': '1 rack shelf'}, {'Pack of': '1'}, {'Brand': 'Epraiser'}, {'Model Number': 'AP-Ivy'}, {'Model Name': 'Cream Ivory (Size: 20 x 16 x 5 Inches, Xtra Large) Premium Virgin Quality ABS Material Bathroom Mirror Single Door Cabinet with Storage Shelves'}, {'Color': 'Beige'}, {'Material': 'Plastic'}, {'Suitable For': 'Bathroom'}, {'Number of Shelves': '5'}, {'Mount Mechanism': 'Screws'}, {'Rust Proof': 'Yes'}, {'Width': '16 inch'}, {'Height': '20 inch'}, {'Other Dimensions': '5 Inch Depth'}]","1 rack shelf: Sales Package | 1: Pack of | Epraiser: Brand | AP-Ivy: Model Number | Cream Ivory (Size: 20 x 16 x 5 Inches, Xtra Large) Premium Virgin Quality ABS Material Bathroom Mirror Single Door Cabinet with Storage Shelves: Model Name | Beige: Color | Plastic: Material | Bathroom: Suitable For | 5: Number of Shelves | Screws: Mount Mechanism | Yes: Rust Proof | 16 inch: Width | 20 inch: Height | 5 Inch Depth: Other Dimensions",https://rukminim2.flixcart.com/image/kndi4y80/rack-shelf/s/f/w/pp-04-epraiser-original-imag22cr4jvgnw4v.jpeg | https://rukminim2.flixcart.com/image/kndi4y80/rack-shelf/h/g/d/pp-04-epraiser-original-imag22crazwy7ucv.jpeg | https://rukminim2.flixcart.com/image/k6nxrbk0/rack-shelf/u/k/z/ez-h-112-ivory-epraiser-original-imafp2n5gkrfngcb.jpeg,7 Days Return Policy,,,,,,India,Rack Shelves,,3.3,1,3,6801e6a2-3564-5b65-8a7f-949764557b9f,09/30/23
"Vascase Back Cover for Vivo Y91i, Y90, Y1s  (Multicolor, Dual Protection, Silicon, Pack of: 1)",https://www.flipkart.com/hi/vascase-back-cover-vivo-y91i-y90-y1s/p/itm0440aa81685fc,itm0440aa81685fc,https://www.flipkart.com/product/p/itm0440aa81685fc,194,INR,₹799,75% off,True,Suitable For: Mobile | Material: Silicon | Theme: Painting/Drawing/Sketches | Type: Back Cover,Shyam Enterprises01,3.1,"Vascase Designer cases will makes your cellphone smarty and protect your Phone from Dust, Scratches and stains. It will give your phone an outstanding look. Designed Specially for your Phone, it fits perfectly, giving you access to all the features and functions of your phone with ease. The special material of this phone will give you a perfect grip.","[{'Sales Package': '1x Printed Back Case Cover'}, {'Model Number': 'shyam_055-1542'}, {'Designed For': 'Vivo Y91i, Y90, Y1s'}, {'Brand Color': 'Multicolor'}, {'Pack of': '1'}]","1x Printed Back Case Cover: Sales Package | shyam_055-1542: Model Number | Vivo Y91i, Y90, Y1s: Designed For | Multicolor: Brand Color | 1: Pack of",https://rukminim2.flixcart.com/image/kkprmvk0/cases-covers/back-cover/y/o/i/swati-525-1542-eboggy-original-imagyy4ununhqgsc.jpeg | https://rukminim2.flixcart.com/image/kkprmvk0/cases-covers/back-cover/h/j/g/swati-525-1542-eboggy-original-imagyy4u2fu7rk9z.jpeg | https://rukminim2.flixcart.com/image/kkprmvk0/cases-covers/back-cover/h/8/c/swati-525-1542-eboggy-original-imagyy4uxdg693hf.jpeg | https://rukminim2.flixcart.com/image/kkoc70w0/cases-covers/back-cover/x/4/i/swati-475-1542-eboggy-original-imafzyp4mnzgqynm.jpeg,7 Days Replacement Policy,Mobiles & Accessories,Mobile Accessories,Cases & Covers,Designer Cases & Covers,Mobiles & Accessories | Mobile Accessories | Cases & Covers | Designer Cases & Covers | Vascase Designer Cases & Covers,,,,0,0,0,8cd4b173-0f11-5fc4-876a-0da097f4fd9c,09/30/23
D.P ENTERPRISES Edge To Edge Tempered Glass for JOKIN Bluetooth headset Smartwatch 0.209  (Pack of 1),https://www.flipkart.com/d-p-enterprises-edge-tempered-glass-jokin-bluetooth-headset-smartwatch-0-209/p/itmcae30a59df5c9,itmcae30a59df5c9,https://www.flipkart.com/product/p/itmcae30a59df5c9,169,INR,"₹1,099",84% off,False,"Air-bubble Proof, Anti Glare, Anti Fingerprint, UV Protection, Nano Liquid Screen Protector, Scratch Resistant, Smart Screen Guard | Smartwatch | Edge To Edge Tempered Glass | Removable",DELHI043,3.1,"D.p Enterprises:- Is more Trustable Brand For Watch/Smart Watch Screen Guards- Smart Watch Screen Protector is made by high quality material to cover your Smart Watch. This is protect Your smart watch screen uniquely processed transparent glass and scratches with uniquely processed transparent glass and scratch resistant material. It keeps your smart watch screen and fingerprint and smudge free and provides the quick responsive touch and vibrant clarity.It secure your smart wath screen with oil and fingerprint stains. It's 9H Surface Hardness keeps your Smartphone Protected, It's new adhesives technology provides a worry free installation with a simple swipe. Lightweight is making your trust. We provide you The Best Hight Quality Product",[],,,No Returns Applicable,Wearable Smart Devices,Wearable Accessories,Smart Watch Screenguards,D.P ENTERPRISES Smart Watch Screenguards,Wearable Smart Devices | Wearable Accessories | Smart Watch Screenguards | D.P ENTERPRISES Smart Watch Screenguards,India,Screen Guards,,0,0,0,59ee181a-e296-5ae9-a2b6-c0966f593894,09/30/23
Print My Fashion,https://www.flipkart.com/hi/print-my-fashion-boys-graphic-cotton-blend-t-shirt/p/itmd67ef94c46ee6,itmd67ef94c46ee6,https://www.flipkart.com/product/p/itmd67ef94c46ee6,699,INR,"₹1,200",41% off,False,,Print My Fashion,4,,[],,https://rukminim2.flixcart.com/image/xif0q/kids-t-shirt/k/7/w/9-10-years-na-pmf-ts-b-c919-bk-9-10y-print-my-fashion-original-imagzdydgrevneer.jpeg | https://rukminim2.flixcart.com/image/kzogn0w0/kids-t-shirt/h/b/z/9-10-years-pmf-ts-b-c286-bk-9-10y-printmyfashion-original-imagbnf5smz752ew.jpeg | https://rukminim2.flixcart.com/image/kzogn0w0/kids-t-shirt/v/s/h/9-10-years-pmf-ts-b-c286-bk-9-10y-printmyfashion-original-imagbnf5g5z5wycy.jpeg,10 दिन की रिटर्न पॉलिसी,Clothing and Accessories,Topwear,T-shirts,Kids' T-shirts,Clothing and Accessories | Topwear | T-shirts | Kids' T-shirts | Print My Fashion Kids' T-shirts,,,,0,0,0,782505c2-a05a-511e-903e-9089fc64dc91,09/30/23
colorwings,https://www.flipkart.com/hi/colorwings-men-dyed-casual-multicolor-shirt/p/itmc088080ad42dd,itmc088080ad42dd,https://www.flipkart.com/product/p/itmc088080ad42dd,315,INR,₹999,68% off,False,,manjulastores,4,,[],,https://rukminim2.flixcart.com/image/xif0q/shirt/k/e/h/s-shirt-01-colorwings-original-imag4bshgb3wzkx9.jpeg | https://rukminim2.flixcart.com/image/xif0q/shirt/r/d/r/s-shirt-01-colorwings-original-imag4bshyzgfjnsn.jpeg | https://rukminim2.flixcart.com/image/xif0q/shirt/m/x/w/s-shirt-01-colorwings-original-imag4bshpvxafw26.jpeg,10 दिन की रिटर्न पॉलिसी,,,,,,,,,3.7,609,8464,b782361f-c415-53e1-8abe-649b13d1ccd9,09/30/23
"Auto Oprema Steering Cover For Fiat Punto  (Black, Leather)",https://www.flipkart.com/auto-oprema-steering-cover-fiat-punto/p/itm7f24bec1a4d68,itm7f24bec1a4d68,https://www.flipkart.com/product/p/itm7f24bec1a4d68,224,INR,₹499,55% off,True,Made of Leather | Black | Compatible Brand: Fiat,AutoOpremaIndia,3.9,Auto Oprema Present You Black Dotted Steering cover is made of Leather A Special hand stitched Car Steering Cover. These Steering Covers Protect And Insulate The Original Steering From Sun-Fade And Weather Wear. When You Are Going On A Long Travel These Steering Covers Give You A Comfortable And Dry Grip That Keeps You Relaxed And Fresh For Longer. Apart From The Technical Features The Steering Covers Are Best At Adding An Elegant Classy And Sporty Look To Your Car And Providing A Comfortable Grip On The Steering Wheel In All Kinds Of Temperature.,[],,https://rukminim2.flixcart.com/image/klb78nk0/car-steering-cover/f/n/t/needle-61-auto-oprema-original-imagygzfjzzta2xn.jpeg | https://rukminim2.flixcart.com/image/klb78nk0/car-steering-cover/7/t/j/needle-77-auto-oprema-original-imagygzfyywhcfhf.jpeg | https://rukminim2.flixcart.com/image/klb78nk0/car-steering-cover/s/g/z/needle-77-auto-oprema-original-imagygzfnzfk6yns.jpeg | https://rukminim2.flixcart.com/image/klb78nk0/car-steering-cover/s/o/u/needle-77-auto-oprema-original-imagygzfzy8jdgth.jpeg,7 Days Replacement Policy,Automotive Accessories,"Spares, Tools and Maintenance Service Parts",Steering,Car Steering Covers,"Automotive Accessories | Spares, Tools and Maintenance Service Parts | Steering | Car Steering Covers | Auto Oprema Car Steering Covers",India,Car Steering Cover,Auto Oprema,0,0,0,7900047f-29c7-5eb7-bc9d-b18cc78fb11f,09/30/23
Jangoboy,https://www.flipkart.com/hi/jangoboy-solid-men-v-neck-multicolor-t-shirt/p/itmf4ac48ae9046a,itmf4ac48ae9046a,https://www.flipkart.com/product/p/itmf4ac48ae9046a,919,INR,"₹3,996",77% off,True,,Fashion4you,3.6,,[],,https://rukminim2.flixcart.com/image/kq5iykw0/t-shirt/c/k/4/l-f4u-375-383-404-373-jangoboy-original-imag48ayytvrfsvh.jpeg | https://rukminim2.flixcart.com/image/kb1470w0/t-shirt/x/v/b/s-t-shirt-374-375-378-376-behemoth-original-imafsh49nyzqggrw.jpeg | https://rukminim2.flixcart.com/image/kb2jmvk0/t-shirt/g/z/z/s-v-neck-374-375-384-376-tivy-original-imafshdq67ghr8e8.jpeg | https://rukminim2.flixcart.com/image/kb1470w0/t-shirt/h/s/v/l-f4u-374-375-383-371-jangoboy-original-imafsh3hhdhxghfv.jpeg | https://rukminim2.flixcart.com/image/k6gsk280/t-shirt/5/y/a/xl-pp-374-385-383-revesto-original-imafkxwngs7nvjpk.jpeg | https://rukminim2.flixcart.com/image/kavefm80/t-shirt/g/m/7/l-f4u-404-jangoboy-original-imafsczpduhmfusd.jpeg | https://rukminim2.flixcart.com/image/kavefm80/t-shirt/g/m/7/xl-f4u-404-jangoboy-original-imafsczpsrecvsvn.jpeg | https://rukminim2.flixcart.com/image/k6gsk280/t-shirt/w/y/g/m-pp-374-385-373-revesto-original-imafkxwnjqyjetdh.jpeg,10 दिन की रिटर्न पॉलिसी,Clothing and Accessories,Topwear,T-shirts,Men's T-shirts,Clothing and Accessories | Topwear | T-shirts | Men's T-shirts | Jangoboy Men's T-shirts,,,,0,0,0,94d1f963-e021-5550-94a5-c3083d59c185,09/30/23
"StickMe Beautiful Indian Classical Dance - Bharatanatyam - Woman Dancer - Creative - Colorful - Wall Sticker-SM193  (120 cm X 120 cm, Multicolor)",https://www.flipkart.com/stickme-beautiful-indian-classical-dance-bharatanatyam-woman-dancer-creative-colorful-wall-sticker-sm193/p/itmcbaac1ee163b4,itmcbaac1ee163b4,https://www.flipkart.com/product/p/itmcbaac1ee163b4,389,INR,₹899,56% off,True,Wall Sticker | Made of Vinyl | Color: Multicolor | Pack of 1,Stick Me,5,"Empty Walls can get quite boring and dull, even if the colour is good. StickMe brings to you a colourful and budget-friendly solution in the form of this wall stickers to Spice up the interiors and make it interesing. We have a large selection of Wall Stickers, Wall Posters,  Canvas Prints, Wallpaper, Wall Arts and Other Wall Decor Products. Ideal for Family lounge, Bedroom, Living Room, Kitchen, Cafe, Restaurant, Kids Room, Nursery Room, Play area, Schools, Offices etc., There Stickers are Non-Toxic and Waterproof. These Wall Decors decorates your space in minutes. Easy to install ( Arrives with a DIY Manual).","[{'Sales Package': '1 Wall Sticker , a DIY ( Do It Yourself ) Manual - Packed in Hard Paper Tube'}, {'Number of Contents in Sales Package': 'Pack of 1'}, {'Material': 'Vinyl'}, {'Net Quantity': '1'}, {'Theme': 'NA'}, {'Width': '120 cm'}, {'Height': '120 cm'}]","1 Wall Sticker , a DIY ( Do It Yourself ) Manual - Packed in Hard Paper Tube: Sales Package | Pack of 1: Number of Contents in Sales Package | Vinyl: Material | 1: Net Quantity | NA: Theme | 120 cm: Width | 120 cm: Height",https://rukminim2.flixcart.com/image/k6jnfrk0/wall-decoration/n/h/k/beautiful-indian-classical-dance-bharatanatyam-woman-dancer-original-imafzyz324mhyzyz.jpeg | https://rukminim2.flixcart.com/image/k6jnfrk0/wall-decoration/n/h/k/beautiful-indian-classical-dance-bharatanatyam-woman-dancer-original-imafzyz33egzefye.jpeg | https://rukminim2.flixcart.com/image/k6jnfrk0/wall-decoration/n/h/k/beautiful-indian-classical-dance-bharatanatyam-woman-dancer-original-imafzyz3mteyaegy.jpeg,No Returns Applicable,,,,,,India,Wall Decorations,,4.4,17,82,f756cf14-4790-5f51-aaa2-d2fcf5a562ef,09/30/23
"kolli Back Cover for Samsung M32  (Multicolor, Hard Case, Pack of: 1)",https://www.flipkart.com/kolli-back-cover-samsung-m32/p/itm74f4ef727a5dd,itm74f4ef727a5dd,https://www.flipkart.com/product/p/itm74f4ef727a5dd,259,INR,₹999,74% off,True,Suitable For: Mobile | Material: Plastic | Theme: Comics/Cartoons/Superheroes | Type: Back Cover,kolli,3.8,KOLLI Back Cover Case is made up of premium quality polycarbonate material which is durable and light weight that ensures sleek and compact look for your Mobile phone case. Every Printed Designer Pouch is printed with precision and designed in a way that it perfectly fits onto the back of the mobile phone.,"[{'Sales Package': '1 HQ Case'}, {'Model Number': 'k-samsungmthirtytwo-0333'}, {'Designed For': 'Samsung M32'}, {'Brand Color': 'white'}, {'Pack of': '1'}]",1 HQ Case: Sales Package | k-samsungmthirtytwo-0333: Model Number | Samsung M32: Designed For | white: Brand Color | 1: Pack of,https://rukminim2.flixcart.com/image/kzk6bgw0/cases-covers/back-cover/p/o/6/k-samsungmthirtytwo-0333-kolli-original-imagbjdzu7aek7sd.jpeg | https://rukminim2.flixcart.com/image/kzk6bgw0/cases-covers/back-cover/v/m/p/k-samsungmthirtytwo-0333-kolli-original-imagbjdzqf7ky7vm.jpeg | https://rukminim2.flixcart.com/image/ku1k4280/cases-covers/back-cover/m/n/l/sai-samgaseventwo-0333-kolli-original-imag78fgphtwvhf2.jpeg | https://rukminim2.flixcart.com/image/ku1k4280/cases-covers/back-cover/l/l/c/sai-samgaseventwo-0333-kolli-original-imag78fg79qgwnvj.jpeg,7 Days Replacement Policy,Mobiles & Accessories,Mobile Accessories,Cases & Covers,Designer Cases & Covers,Mobiles & Accessories | Mobile Accessories | Cases & Covers | Designer Cases & Covers | kolli Designer Cases & Covers,India,Cases & Covers,,0,0,0,4b07f707-0124-5daa-8a0f-50890af33694,09/30/23
"KUTKUT Nylon, Cotton Squeaky Toy For Dog & Cat",https://www.flipkart.com/hi/kutkut-nylon-cotton-squeaky-toy-dog-cat/p/itm3183aa6d0dc4f,itm3183aa6d0dc4f,https://www.flipkart.com/product/p/itm3183aa6d0dc4f,498,INR,₹999,50% off,False,"Activity Type: Chew | Material: Nylon, Cotton | Color: Multicolor",JCPL,3.5,"The toys are firm and durable with dense knitting stitches. Your cat can feel free to chew for a long time. Made of premium quality natural cotton, the soft and flexible surface is super comfortable to play and chew. no smell can be detected from the toys thanks to the safe and intoxic design. Without smell, without worry.","[{'Pack of': '1'}, {'Sales Package': '1'}, {'Brand': 'KUTKUT'}, {'Model Number': 'J_CT08LY05'}, {'Type': 'Squeaky Toy'}, {'Pet Type': 'Dog & Cat'}, {'Material': 'Nylon, Cotton'}, {'Activity Type': 'Chew'}, {'Color': 'Multicolor'}, {'Chewable': 'Yes'}, {'Suitable For': 'Young'}, {'Net Quantity': '1'}]","1: Pack of | 1: Sales Package | KUTKUT: Brand | J_CT08LY05: Model Number | Squeaky Toy: Type | Dog & Cat: Pet Type | Nylon, Cotton: Material | Chew: Activity Type | Multicolor: Color | Yes: Chewable | Young: Suitable For | 1: Net Quantity",https://rukminim2.flixcart.com/image/xif0q/pet-toy/m/g/j/1-j-ct08ly05-kutkut-original-imaghftzyuwmfh3x.jpeg | https://rukminim2.flixcart.com/image/xif0q/pet-toy/8/x/q/1-j-ct08ly05-kutkut-original-imaghftzszjyfxhz.jpeg | https://rukminim2.flixcart.com/image/xif0q/pet-toy/t/8/v/1-j-ct07ly05-kutkut-original-imaghftyv8saxghz.jpeg | https://rukminim2.flixcart.com/image/xif0q/pet-toy/j/6/q/1-j-ct08ly05-kutkut-original-imaghftzjegcafhh.jpeg,7 Days Return Policy,Pet Supplies,Cats,Cat Toys,KUTKUT Cat Toys,Pet Supplies | Cats | Cat Toys | KUTKUT Cat Toys,,,,0,0,0,d68a075e-e683-5cbe-b29c-f20fbb85e968,09/30/23
TIMENTER,https://www.flipkart.com/hi/timenter-analog-watch-men/p/itm441518802eaf7,itm441518802eaf7,https://www.flipkart.com/product/p/itm441518802eaf7,548,INR,₹657,16% off,False,,TIMENTER,4,,[],,https://rukminim2.flixcart.com/image/k7c88sw0/watch/8/v/b/new-love-king-chain-combo-watch-for-boys-and-men-bc11-bl46-13-original-imafphpdgq5rg5jf.jpeg | https://rukminim2.flixcart.com/image/k7c88sw0/watch/8/v/b/new-love-king-chain-combo-watch-for-boys-and-men-bc11-bl46-13-original-imafphpdvx8mnnf8.jpeg | https://rukminim2.flixcart.com/image/k7c88sw0/watch/8/v/b/new-love-king-chain-combo-watch-for-boys-and-men-bc11-bl46-13-original-imafphpdrhhhv7dh.jpeg,10 Days return Policy,Watches,Wrist Watches,TIMENTER Wrist Watches,TIMENTER Analog Watch  - For Men,Watches | Wrist Watches | TIMENTER Wrist Watches,,,,0,0,0,cbbbfb19-d156-52b2-a064-3b53bb3fda4c,09/30/23
"WEGATHER Car Cover For Hyundai i10 Era (With Mirror Pockets)  (Red, Blue)",https://www.flipkart.com/hi/wegather-car-cover-hyundai-i10-era-with-mirror-pockets/p/itmd626ab959789e,itmd626ab959789e,https://www.flipkart.com/product/p/itmd626ab959789e,"1,055",INR,"₹1,999",47% off,True,,Wegather,4.3,,[],,https://rukminim2.flixcart.com/image/xif0q/car-cover/f/k/r/no-red-patta-4275-wegather-original-imaghvsbgbyusqty.jpeg | https://rukminim2.flixcart.com/image/xif0q/car-cover/q/6/t/no-red-car-1252-wegather-original-imag75s7v9vuvqep.jpeg | https://rukminim2.flixcart.com/image/xif0q/car-cover/9/a/s/no-red-car-1252-wegather-original-imag75s7yyj9juew.jpeg | https://rukminim2.flixcart.com/image/xif0q/car-cover/x/h/l/no-red-car-1252-wegather-original-imag75s7wqvymyzv.jpeg | https://rukminim2.flixcart.com/image/xif0q/car-cover/s/d/u/no-red-car-1252-wegather-original-imagkdfwubgakc5s.jpeg,3 Days Replacement Policy,Automotive Accessories,Vehicle Body Covers,Car Body Covers,WEGATHER Car Body Covers,Automotive Accessories | Vehicle Body Covers | Car Body Covers | WEGATHER Car Body Covers,,,,0,0,0,ae5d51d4-e4a8-565e-9da4-5b5886c49296,09/30/23
"Loyalprint Back Cover for Infinix Hot 12 Play  (Multicolor, Flexible, Silicon, Pack of: 1)",https://www.flipkart.com/loyalprint-back-cover-infinix-hot-12-play/p/itmf452259e51316,itmf452259e51316,https://www.flipkart.com/product/p/itmf452259e51316,229,INR,₹699,67% off,True,Suitable For: Mobile | Material: Silicon | Theme: Patterns | Type: Back Cover,Loyalprint,3.1,"These Designs On The Cases Are Designed By "" Loyal Print "" This Designer Case Allows Easy Access To All Buttons Controls. This Cover Designer Case Cover Is Attractive, Comfortable, Light Weight And Has Unique Design It Perfectly Fit And Protects your Mobile. Easy To Install And Remove. High Quality Finished Case","[{'Sales Package': 'Printed Soft Silicon Designer Mobile Back Case Cover'}, {'Model Number': 'InfinixHot12Play-M324'}, {'Designed For': 'Infinix Hot 12 Play'}, {'Brand Color': 'Multicolor'}, {'Pack of': '1'}, {'Certification': 'LoyalPrint'}, {'Other Features': 'Protects your Phone from scratches and damage.\nComfortable and perfect fit for your Phone.\nAllows easy access to all buttons.'}]","Printed Soft Silicon Designer Mobile Back Case Cover: Sales Package | InfinixHot12Play-M324: Model Number | Infinix Hot 12 Play: Designed For | Multicolor: Brand Color | 1: Pack of | LoyalPrint: Certification | Protects your Phone from scratches and damage.
Comfortable and perfect fit for your Phone.
Allows easy access to all buttons.: Other Features",,7 Days Replacement Policy,Mobiles & Accessories,Mobile Accessories,Cases & Covers,Designer Cases & Covers,Mobiles & Accessories | Mobile Accessories | Cases & Covers | Designer Cases & Covers | Loyalprint Designer Cases & Covers,India,Cases & Covers,,0,0,0,f5db8fe9-fa25-5826-ace4-706f87640050,09/30/23
"KUDI Back Cover for Nokia C21 Plus  (Multicolor, Grip Case, Silicon, Pack of: 1)",https://www.flipkart.com/kudi-back-cover-nokia-c21-plus/p/itm10ae1a5b3b010,itm10ae1a5b3b010,https://www.flipkart.com/product/p/itm10ae1a5b3b010,219,INR,₹499,56% off,True,Suitable For: Mobile | Material: Silicon | Theme: For Her | Type: Back Cover,SHREERAMji,3.9,"Nokia C21 Plus Back Cover, the best Multicolor covers, This soft silicone Multicolor cover will protect and prevent your phone from scratches, damage and dust. The silicone cover is made from a lightweight tough strong high quality rubber/silicone material which will help you to keep your phone safe. It comes in smooth texture. This will not only look good on your phone but will protect it. This case will Style your mobile.","[{'Sales Package': '1 Back Cover'}, {'Model Number': 'Nk-C21P-JP3154'}, {'Designed For': 'Nokia C21 Plus'}, {'Brand Color': 'Multicolor'}, {'Pack of': '1'}, {'Certification': 'Back Cover, Dust free, washable, Fingerprints Free, Made of soft silicone which make it soft and durable.Access to All buttons, Controls & Ports easily, and without removing the skin.'}]","1 Back Cover: Sales Package | Nk-C21P-JP3154: Model Number | Nokia C21 Plus: Designed For | Multicolor: Brand Color | 1: Pack of | Back Cover, Dust free, washable, Fingerprints Free, Made of soft silicone which make it soft and durable.Access to All buttons, Controls & Ports easily, and without removing the skin.: Certification",https://rukminim2.flixcart.com/image/xif0q/cases-covers/back-cover/r/d/y/nk-c21p-jp3154-realking-original-imagh8yzg58uhvaz.jpeg | https://rukminim2.flixcart.com/image/l20rma80/cases-covers/back-cover/w/b/z/op-f21p-4g-jp3154-bagra-original-imagdg9dfyes9zq2.jpeg | https://rukminim2.flixcart.com/image/xif0q/cases-covers/back-cover/d/g/h/nk-c21p-jp3154-realking-original-imagh8yzggehymf4.jpeg | https://rukminim2.flixcart.com/image/xif0q/cases-covers/back-cover/o/9/0/nk-c21p-jp3154-realking-original-imagh8yz4ezazftw.jpeg,7 Days Replacement Policy,Mobiles & Accessories,Mobile Accessories,Cases & Covers,Designer Cases & Covers,Mobiles & Accessories | Mobile Accessories | Cases & Covers | Designer Cases & Covers | KUDI Designer Cases & Covers,India,Cases & Covers,,0,0,0,1c0e64c1-73e9-5f73-bc91-851cc9fe83ce,09/30/23
K2Creations,https://www.flipkart.com/k2creations-casual-printed-women-multicolor-top/p/itma77c704969df1,itma77c704969df1,https://www.flipkart.com/product/p/itma77c704969df1,687,INR,"₹2,199",68% off,True,,KINGSCREATIONS,3.5,,[],,https://rukminim2.flixcart.com/image/ks3jjbk0/top/m/5/f/s-bwtc491-kevat-gems-original-imag5qzbszhprz2y.jpeg | https://rukminim2.flixcart.com/image/kr58yvk0/top/x/w/z/m-wtc404-k2creations-original-imag5y6fqgqgdz5b.jpeg | https://rukminim2.flixcart.com/image/kelptow0/top/f/u/q/xs-wt103-xs-k2creations-original-imafv9acagwqzhfh.jpeg | https://rukminim2.flixcart.com/image/kr58yvk0/top/v/d/j/m-wtc404-k2creations-original-imag5y6fr7zkk3h6.jpeg | https://rukminim2.flixcart.com/image/kelptow0/top/f/u/q/xs-wt103-xs-k2creations-original-imafv9acdska4kyg.jpeg,10 Days Return Policy,Clothing and Accessories,Topwear,Tops,Women's Tops,Clothing and Accessories | Topwear | Tops | Women's Tops | K2Creations Women's Tops,India,Tops,Kings Creations,0,0,0,b8d315c7-12f8-5956-a87d-08926555bd07,09/30/23
"LUCKY MOBI.COM Back Cover for VIVO Y15 ( SPORTS FOOTBALL) PRINTED BACK COVER  (Multicolor, Waterproof, Pack of: 1)",https://www.flipkart.com/lucky-mobi-com-back-cover-vivo-y15-sports-football-printed/p/itmf286b82680f82,itmf286b82680f82,https://www.flipkart.com/product/p/itmf286b82680f82,259,INR,₹999,74% off,False,Suitable For: Mobile | Material: Plastic | Theme: Animals/Birds/Nature | Type: Back Cover,dhurvbackcover,3.1,"Designed phone cover not only protects your precious handset but also increases the life span of your mobile. This particular handset back cover is very light in weight and can also be easily snapped on your handset. In todays world communication is very important and hence it is mandate to protect the ways we communicate. Mobile is one of the ways. So it is imperative to protect the same by taking few precautions. One of the main is to protect your handset back cover. The handset back cover of this model has a very unique and creative design printed on it to give it a more glamorous look. This peculiar design handset back cover is bound to grab the eye ball of people around you. It gives a very stylish and trendy look and is a perfect gift to present it to your loved ones. So, pep up your life and add color by purchasing","[{'Sales Package': '1'}, {'Model Number': 'Y15-SPORTS FOOTBALLs-5236'}, {'Designed For': 'VIVO Y15 ( SPORTS FOOTBALL) PRINTED BACK COVER'}, {'Brand Color': 'SPORTS FOOTBALL'}, {'Pack of': '1'}, {'Other Features': 'Hard Case, Dual Protection, Shock Proof'}, {'Warranty Service Type': 'Replacement'}, {'Warranty Summary': '10 Days Replacement Warranty'}, {'Covered in Warranty': 'Warranty of the product is limited to manufacturing defects only'}, {'Not Covered in Warranty': 'Warranty does not cover any external accessories, damage caused to the product due to improper installation by customer, normal wear and tear .'}]","1: Sales Package | Y15-SPORTS FOOTBALLs-5236: Model Number | VIVO Y15 ( SPORTS FOOTBALL) PRINTED BACK COVER: Designed For | SPORTS FOOTBALL: Brand Color | 1: Pack of | Hard Case, Dual Protection, Shock Proof: Other Features | Replacement: Warranty Service Type | 10 Days Replacement Warranty: Warranty Summary | Warranty of the product is limited to manufacturing defects only: Covered in Warranty | Warranty does not cover any external accessories, damage caused to the product due to improper installation by customer, normal wear and tear .: Not Covered in Warranty",https://rukminim2.flixcart.com/image/kiew3gw0/cases-covers/back-cover/f/j/w/angelsky-y15-sports-footballs-5236-original-imafy7n2dwhe5afd.jpeg | https://rukminim2.flixcart.com/image/kb6tyfk0/cases-covers/back-cover/c/k/u/angelsky-k20pro-2782-original-imafshm3abezkbze.jpeg | https://rukminim2.flixcart.com/image/k5cs87k0/cases-covers/bumper-case/x/j/f/maxistore-q402-original-imafz2yfjkhzd4ez.jpeg | https://rukminim2.flixcart.com/image/kb6tyfk0/cases-covers/back-cover/s/h/z/angelsky-k20pro-2764-original-imafshm3mpkxsqtr.jpeg | https://rukminim2.flixcart.com/image/kll7bm80/cases-covers/back-cover/n/u/4/r7i-cartoons-micky-mouses-5114-angelsky-original-imafnwhxtpfpf3ha.jpeg,7 Days Replacement Policy,Mobiles & Accessories,Mobile Accessories,Cases & Covers,Designer Cases & Covers,Mobiles & Accessories | Mobile Accessories | Cases & Covers | Designer Cases & Covers | LUCKY MOBI.COM Designer Cases & Covers,India,Cases & Covers,,0,0,0,da5cb1d0-9d14-5bda-b2e2-400d2b567c89,09/30/23
"Cover King Back Cover for Vivo Y56  (Multicolor, Shock Proof, Pack of: 1)",https://www.flipkart.com/cover-king-back-vivo-y56/p/itmf38309c1eb5e4,itmf38309c1eb5e4,https://www.flipkart.com/product/p/itmf38309c1eb5e4,289,INR,"₹1,199",75% off,True,Suitable For: Mobile | Material: Plastic | Theme: For Her | Type: Back Cover,Canvas Enterprises,3.2,"This is the stuff of kings, designed by Cover King only for your VIVO Y56. A Cover King case is designed with profession precision for a perfect fit with optimal cut-outs for buttons and ports. This cool cover's design includes attributes like castle, princess, modern, girl, garden, nature, cute, lovely, cap, green, butterfly, beautiful, stylish, pretty, toon, cartoon, love, queen. The phone case is surprisingly light but really durable. It will protect your phone from drops and scratches. We are sure you will come back for more.","[{'Sales Package': 'One Mobile Cover'}, {'Model Number': 'd1-fantasy-girl-1-viv-y56-5g'}, {'Designed For': 'Vivo Y56'}, {'Brand Color': 'Fantasy Girl'}, {'Pack of': '1'}, {'Warranty Service Type': 'Replacement'}, {'Warranty Summary': '1 Year Replacement Warranty'}, {'Covered in Warranty': 'Warranty of the product is limited to printing defects only'}, {'Not Covered in Warranty': 'Warranty does not cover any external accessories, damage caused to the product due to improper installation by customer, normal wear and tear.'}, {'Domestic Warranty': '1 Year'}]","One Mobile Cover: Sales Package | d1-fantasy-girl-1-viv-y56-5g: Model Number | Vivo Y56: Designed For | Fantasy Girl: Brand Color | 1: Pack of | Replacement: Warranty Service Type | 1 Year Replacement Warranty: Warranty Summary | Warranty of the product is limited to printing defects only: Covered in Warranty | Warranty does not cover any external accessories, damage caused to the product due to improper installation by customer, normal wear and tear.: Not Covered in Warranty | 1 Year: Domestic Warranty",https://rukminim2.flixcart.com/image/xif0q/cases-covers/back-cover/r/w/8/d1-fantasy-girl-1-viv-y16-4g-cover-king-original-imagn9nh2zhcgzzy.jpeg | https://rukminim2.flixcart.com/image/xif0q/cases-covers/back-cover/i/4/e/d4-messi-world-cup-op-f9-cover-king-original-imagjymwggfeqtmv.jpeg | https://rukminim2.flixcart.com/image/xif0q/cases-covers/back-cover/a/f/c/d4-messi-world-cup-op-f9-cover-king-original-imagjymwuufk46tu.jpeg,7 Days Replacement Policy,Mobiles & Accessories,Mobile Accessories,Cases & Covers,Designer Cases & Covers,Mobiles & Accessories | Mobile Accessories | Cases & Covers | Designer Cases & Covers | Cover King Designer Cases & Covers,India,Cases & Covers,,0,0,0,a5dd3227-621f-572d-b57b-2258c786c2ac,09/30/23
"Midiron Trust, Promise and Hearts Chocolate Bar with love letter and love quoted coffee mug, Artificial Rose, Romantic for girlfriend, wife, lover IZ20DTLoveBar4RoseLC-184 Ceramic Gift Box  (Multicolor)",https://www.flipkart.com/midiron-trust-promise-hearts-chocolate-bar-love-letter-quoted-coffee-mug-artificial-rose-romantic-girlfriend-wife-lover-iz20dtlovebar4roselc-184-ceramic-gift-box/p/itm95c2acbebb76a,itm95c2acbebb76a,https://www.flipkart.com/product/p/itm95c2acbebb76a,519,INR,₹999,48% off,False,"Includes: Chocolate, Mug, Artificial Flower, Greeting Card | Contents: 1 Printed Ceramic Coffee Mug, 1 Milk Chocolate Bar, 1 Artificial Rose, 1 Greeting Card | Occasion: Valentine's Day | Number of Compartments: 4 | Size: 12 cm x 12 cm",ME and YOU,4,"Midiron Presents a Love Chocolate Bar and Printed Coffee mug, Message Letter, Artificial Rose. This is so cute and romantic gift combo for showing your love. Your beloved loves you, and now it is your time to shower your love on him. Midiron Chocolates have unique secret recipes, driven by their unmatched standard for chocolate quality and their passion for creative excellence. They start with the selection of the finest raw materials and highest quality ingredients. So, keep the romance alive and make your beloved feel special. This love quoted printed mug purely ceramic, microwave friendly body, at an affordable price and short message is written on this message letter. Package Content: - 1 Chocolate Bar, 1 Printed Ceramic Coffee Mug, 1 Artificial Rose, 1 Message Letter.","[{'Sales Package': '1 Printed Ceramic Coffee Mug, 1 Milk Chocolate Bar, 1 Artificial Rose, 1 Greeting Card'}, {'Covered in Warranty': 'Manufacturing Defects Only'}, {'Not Covered in Warranty': 'Physically Damaged Only'}]","1 Printed Ceramic Coffee Mug, 1 Milk Chocolate Bar, 1 Artificial Rose, 1 Greeting Card: Sales Package | Manufacturing Defects Only: Covered in Warranty | Physically Damaged Only: Not Covered in Warranty",https://rukminim2.flixcart.com/image/k5h2jrk0/festive-gift-box/b/3/v/trust-promise-and-hearts-chocolate-bar-with-love-letter-and-love-original-imafz5jhzuhshfz4.jpeg | https://rukminim2.flixcart.com/image/k5msb680/festive-gift-box/h/v/e/iz20dtlovebar4roselcwatf1mu-199-midiron-original-imafz5jhvb8qndx7.jpeg | https://rukminim2.flixcart.com/image/k5msb680/festive-gift-box/e/u/m/iz20dtlovebar4roselcwatf1mu-186-midiron-original-imafz5jhhgp9c6hd.jpeg | https://rukminim2.flixcart.com/image/k5pn6vk0/festive-gift-box/d/e/y/love-is-everywhere-chocolate-bar-with-love-letter-and-artificial-original-imafz397tgaayekn.jpeg | https://rukminim2.flixcart.com/image/k687wy80/festive-gift-box/b/r/z/i-promise-to-be-yours-chocolate-bar-with-artificial-rose-and-original-imafnpwz9rk5pnah.jpeg,No Returns Applicable,Festive Decor & Gifting,Festive Gifts,Festive Gift Boxes,Midiron Festive Gift Boxes,Festive Decor & Gifting | Festive Gifts | Festive Gift Boxes | Midiron Festive Gift Boxes,India,Festive Gift Box,,0,0,0,8221af90-7ac2-5182-8d7a-1f564019d01c,09/30/23
"SS FOR YOUR SMART NEEDS Two Wheeler Cover for TVS  (XL Super, Blue)",https://www.flipkart.com/hi/ss-your-smart-needs-two-wheeler-cover-tvs/p/itmc1a96a4bf6a29,itmc1a96a4bf6a29,https://www.flipkart.com/product/p/itmc1a96a4bf6a29,599,INR,₹999,40% off,False,Strap Type: Belt | Made of Taffeta | Compatible Vehicle Brands: TVS | Compatible Vehicle Models: XL Super,Zeeber,3,"Two wheeler cover for bikes and scooties provides enhanced shielding to your vehicle against Moisture, Dirt, Dust, Weather Extremes, Fading Away From Sunlight, Scratching. Suitable for all weather conditions, easy to handle. It also protects the internal engine parts from rust and dust. Protect The Internal Engine Parts From Dust. It guards the painted or leather from UV rays. The product can be used for both indoor and outdoor covering of two wheelers.Bike body covers are associated with many important features for better protection of the two wheeler vehicle. It can be used for both indoor and outdoor covering of two wheelers.","[{'Sales Package': '1 Pcs of Two Wheeler Body Cover'}, {'Model Number': 'SSBBC1726'}, {'Durability': 'Dust Resistant, Tear Resistant, UV Ray Protection, Water Resistant, Weather Resistant'}, {'Cover Area': 'Full Body'}, {'Other Features': ""Protects the vehicle against weather,rain,scratches & sun damage., Protects the internal engine parts from rust and dust.It also gives Protection from fading of vehicle's colour due to sun heat., 100% WATERPROOF DUST PROOF UV SAFE: Never Compromise for your Bike, Designed using the finest 100% Waterproof imported fabric for rendering 100 percent waterproof, dustproof and Uv protection making it a premium cover for every bike & scooter., The high density fabric is used with precision to design CAPE making it waterproof, dustproof & UV safe to protect your vehicle from fading its color. Be ready to give your bike a rich look., WASHABLE: After prolonged use, covers become dirty, all you have to do is give a good water shower and it is ready to shine & protect your vehicle again., Daily Commuters because of its compact design & premium feel.""}, {'Weight': '400 g'}, {'Warranty Summary': 'Warranty Against Manufacturing Defect Only'}, {'Covered in Warranty': 'Manufacturing Defect Only'}, {'Domestic Warranty': '1 Months'}]","1 Pcs of Two Wheeler Body Cover: Sales Package | SSBBC1726: Model Number | Dust Resistant, Tear Resistant, UV Ray Protection, Water Resistant, Weather Resistant: Durability | Full Body: Cover Area | Protects the vehicle against weather,rain,scratches & sun damage., Protects the internal engine parts from rust and dust.It also gives Protection from fading of vehicle's colour due to sun heat., 100% WATERPROOF DUST PROOF UV SAFE: Never Compromise for your Bike, Designed using the finest 100% Waterproof imported fabric for rendering 100 percent waterproof, dustproof and Uv protection making it a premium cover for every bike & scooter., The high density fabric is used with precision to design CAPE making it waterproof, dustproof & UV safe to protect your vehicle from fading its color. Be ready to give your bike a rich look., WASHABLE: After prolonged use, covers become dirty, all you have to do is give a good water shower and it is ready to shine & protect your vehicle again., Daily Commuters because of its compact design & premium feel.: Other Features | 400 g: Weight | Warranty Against Manufacturing Defect Only: Warranty Summary | Manufacturing Defect Only: Covered in Warranty | 1 Months: Domestic Warranty",https://rukminim2.flixcart.com/image/l3q7jww0/two-wheeler-cover/i/l/p/ssbbc1726-xl-super-ss-for-your-smart-needs-original-images5ne6sfwkns.jpeg | https://rukminim2.flixcart.com/image/l3es13k0/two-wheeler-cover/m/v/d/ssbbc186-select-ss-for-your-smart-needs-original-imagejag9dkdqrvb.jpeg | https://rukminim2.flixcart.com/image/l3es13k0/two-wheeler-cover/3/u/y/ssbbc186-select-ss-for-your-smart-needs-original-imagejag3stzcugz.jpeg | https://rukminim2.flixcart.com/image/l3g7gy80/two-wheeler-cover/t/g/c/ssbbc594-cb-unicorn-ss-for-your-smart-needs-original-imagek52rqaj2wzq.jpeg | https://rukminim2.flixcart.com/image/l3q7jww0/two-wheeler-cover/b/k/9/ssbbc1707-electra-ss-for-your-smart-needs-original-images5npcvszxta.jpeg,7 Days Replacement Policy,Automotive Accessories,Vehicle Body Covers,Bike Body Covers,SS FOR YOUR SMART NEEDS Bike Body Covers,Automotive Accessories | Vehicle Body Covers | Bike Body Covers | SS FOR YOUR SMART NEEDS Bike Body Covers,,,,0,0,0,5ee70150-e605-5519-83d6-e367e1c70b84,09/30/23
"itrusto Back Cover for OPPO A71k  (Multicolor, Waterproof, Silicon, Pack of: 1)",https://www.flipkart.com/itrusto-back-cover-oppo-a71k/p/itmfgxrafhswgbv3,itmfgxrafhswgbv3,https://www.flipkart.com/product/p/itmfgxrafhswgbv3,191,INR,₹999,80% off,True,Suitable For: Mobile | Material: Silicon | Theme: Animals/Birds/Nature | Type: Back Cover,BRincorporation,3.4,"itrusto Presents this mobile back case that is made of high quality material for providing good protection against scrathes, dust and damages. Furtherrmore the case is designed to be compatible with OPPO A71k model phones. The case offers access to all functions, controls and ports for user convenience. It is easy to install and uninstall as well as clean. The package contains one OPPO A71k back cover (Multicolor)","[{'Sales Package': '1 Back Cover'}, {'Model Number': 'OPPP-ITR-A71KK436'}, {'Designed For': 'OPPO A71k'}, {'Brand Color': 'Multicolor'}, {'Pack of': '1'}, {'Other Features': 'HD UV Back Case Cover for OPPO A71k , Premium Quality Soft Silicon Case Cover, Prefect Cut- Outs and Perfect Fit, Smooth Finish Printed Back Case Cover for OPPO A71k , Light Weight Back Case Cover'}]","1 Back Cover: Sales Package | OPPP-ITR-A71KK436: Model Number | OPPO A71k: Designed For | Multicolor: Brand Color | 1: Pack of | HD UV Back Case Cover for OPPO A71k , Premium Quality Soft Silicon Case Cover, Prefect Cut- Outs and Perfect Fit, Smooth Finish Printed Back Case Cover for OPPO A71k , Light Weight Back Case Cover: Other Features",https://rukminim2.flixcart.com/image/jw84ya80/cases-covers/back-cover/u/h/x/itrusto-oppp-itr-a71kk436-original-imafgxrbhy9qtyee.jpeg | https://rukminim2.flixcart.com/image/jwqpocw0/cases-covers/back-cover/7/s/q/mobihub-viv-y15-255-original-imaf6t7buakxy7hz.jpeg | https://rukminim2.flixcart.com/image/jwqpocw0/cases-covers/back-cover/e/r/m/touchess-mobile-a23-a190-original-imaf6t7bzhccjuqz.jpeg | https://rukminim2.flixcart.com/image/jwpa8i80/cases-covers/back-cover/b/c/t/coolcare-coolcare-oppreal3pro-1133-original-imafeekzb2w7f7cf.jpeg,7 Days Replacement Policy,Mobiles & Accessories,Mobile Accessories,Cases & Covers,Designer Cases & Covers,Mobiles & Accessories | Mobile Accessories | Cases & Covers | Designer Cases & Covers | itrusto Designer Cases & Covers,India,Cases & Covers,BR INCORPORATION,0,0,0,8bdf3de0-69ee-5933-99c3-61f8b48fab88,09/30/23
"ZINGTEL Tempered Glass Guard for INFINIX ZERO5 PRO (Flexible, Unbreakable)  (Pack of 1)",https://www.flipkart.com/zingtel-tempered-glass-guard-infinix-zero5-pro-flexible-unbreakable/p/itm52d302ae397dd,itm52d302ae397dd,https://www.flipkart.com/product/p/itm52d302ae397dd,159,INR,₹799,80% off,True,"Scratch Resistant, Air-bubble Proof, Anti Reflection, Smart Screen Guard | Mobile | Tempered Glass | Removable",RingersTelImpex,4.3,"ZINGTEL Screen Protector is specially made with scratch resistant 9H Hardness material and have rounded edges for precise fitting. These Protectors are slightly smaller from all sides that helps to be Case & Back Cover friendly & also to Avoid bubbles due to curved edges of the Smartphone Screen. The Screen Protector also has oleophobic coating that prevents fingerprints and other contaminants and makes the film easy to clean. It is made up of Anti-Shatter Film that helps if Phone's display is broken, then the Glass cracks into small pieces that are held within the film. Thus making it safer than other ordinary glass protectors.",[],,https://rukminim2.flixcart.com/image/km82d8w0/screen-guard/tempered-glass/n/p/e/zingip3-1215-zingtel-original-imagf6y8whjcy379.jpeg | https://rukminim2.flixcart.com/image/kk5rgy80/screen-guard/tempered-glass/1/m/m/faship7-101-fasheen-original-imafzke4ygvfwd6t.jpeg | https://rukminim2.flixcart.com/image/kk5rgy80/screen-guard/tempered-glass/d/k/0/faship7-101-fasheen-original-imafzke46gwxqnu8.jpeg | https://rukminim2.flixcart.com/image/kk5rgy80/screen-guard/tempered-glass/q/o/n/faship7-101-fasheen-original-imafzke4fkps2cyy.jpeg | https://rukminim2.flixcart.com/image/kpr8k280/screen-guard/impossible-screen-guard/6/q/k/teltsp5-1365-teltrek-original-imafzke4whtq4xpy.jpeg,No Returns Applicable,Mobiles & Accessories,Mobile Accessories,Screen Guards,ZINGTEL Screen Guards,Mobiles & Accessories | Mobile Accessories | Screen Guards | ZINGTEL Screen Guards,India,Screen Guards,,0,0,0,d3bd7dd6-2a68-54d0-a291-ebafe4f36143,09/30/23
"Hansviprint Back Cover for Lava Z81  (Multicolor, Grip Case, Silicon, Pack of: 1)",https://www.flipkart.com/hansviprint-back-cover-lava-z81/p/itm281029d108203,itm281029d108203,https://www.flipkart.com/product/p/itm281029d108203,193,INR,₹699,72% off,True,Suitable For: Mobile | Material: Silicon | Theme: Religion/Festivals/Spiritual | Type: Back Cover,LAXMISAIL,3.2,"These designs on the cases are designed by ""Hansviprint"" .This designer case allows easy access to all buttons controls. This designer Case Cover is Attractive, Comfortable, Light Weight and has unique design it perfectly fit and protects your smartphones. Easy to install & easy Remove. High quality printed case cover with perfect design.","[{'Sales Package': '1 Mobile Back Cover'}, {'Model Number': 'LAVAZ81HP263'}, {'Designed For': 'Lava Z81'}, {'Brand Color': 'Multicolor'}, {'Pack of': '1'}]",1 Mobile Back Cover: Sales Package | LAVAZ81HP263: Model Number | Lava Z81: Designed For | Multicolor: Brand Color | 1: Pack of,,7 Days Replacement Policy,Mobiles & Accessories,Mobile Accessories,Cases & Covers,Designer Cases & Covers,Mobiles & Accessories | Mobile Accessories | Cases & Covers | Designer Cases & Covers | Hansviprint Designer Cases & Covers,India,Cases & Covers,,0,0,0,f6b3c3f9-a181-5258-9042-8e500be2533c,09/30/23
"SkyAmound Back Cover for IQOO Z3 (5G) / Vivo Iqoo Z3 (5G)  (Multicolor, Dual Protection, Silicon, Pack of: 1)",https://www.flipkart.com/skyamound-back-cover-iqoo-z3-5g-vivo/p/itma0977346c926e,itma0977346c926e,https://www.flipkart.com/product/p/itma0977346c926e,218,INR,₹799,72% off,True,Suitable For: Mobile | Material: Silicon | Theme: Quotes/Signs/Symbols | Type: Back Cover,SkyJac,3.8,Mobile Back Covers Are The Best Attractive Accessory To Make Your Mobile Phone Unique From Other Models And Keep Protected From Scratches And Dust. It Is The Newest Trend In The Mobile Phone Accessories For The Dual Purpose Of Personalization And Protection As Well.,"[{'Sales Package': '1'}, {'Model Number': 'SNIQZ3-0051'}, {'Designed For': 'IQOO Z3 (5G) / Vivo Iqoo Z3 (5G)'}, {'Brand Color': 'MultiColor'}, {'Pack of': '1'}]",1: Sales Package | SNIQZ3-0051: Model Number | IQOO Z3 (5G) / Vivo Iqoo Z3 (5G): Designed For | MultiColor: Brand Color | 1: Pack of,https://rukminim2.flixcart.com/image/kql8sy80/cases-covers/back-cover/d/7/4/stiqz3-2174-largciager-original-imag4khgbkwuvqjs.jpeg | https://rukminim2.flixcart.com/image/kql8sy80/cases-covers/back-cover/j/h/x/stiqz3-2174-largciager-original-imag4khgzqrycbny.jpeg | https://rukminim2.flixcart.com/image/klb78nk0/cases-covers/back-cover/1/a/8/sngm-1151-skywarren-original-imagygsfajn5yusz.jpeg | https://rukminim2.flixcart.com/image/klb78nk0/cases-covers/back-cover/i/d/f/sngm-1121-skywarren-original-imagygsypbggknch.jpeg | https://rukminim2.flixcart.com/image/klb78nk0/cases-covers/back-cover/l/i/1/sngm-1121-skywarren-original-imagygsyy8hvt8bq.jpeg,7 Days Replacement Policy,Mobiles & Accessories,Mobile Accessories,Cases & Covers,Designer Cases & Covers,Mobiles & Accessories | Mobile Accessories | Cases & Covers | Designer Cases & Covers | SkyAmound Designer Cases & Covers,India,Cases & Covers,,0,0,0,ab0cd53f-bd4e-515a-b07c-10d8da2ebcb6,09/30/23
V and H Fashion,https://www.flipkart.com/v-h-fashion-anarkali-gown/p/itmfe980b54b51cf,itmfe980b54b51cf,https://www.flipkart.com/product/p/itmfe980b54b51cf,299,INR,"₹2,799",89% off,True,,VNHFashion,4.8,,[],,https://rukminim2.flixcart.com/image/kt39jm80/gown/9/6/h/180-free-sleeveless-semi-stitched-kavya-v-and-h-fashion-600-original-imag6gz2ueg9xzkk.jpeg | https://rukminim2.flixcart.com/image/kt39jm80/gown/d/8/5/180-free-sleeveless-semi-stitched-kavya-v-and-h-fashion-600-original-imag6gz2f6pyzzr3.jpeg | https://rukminim2.flixcart.com/image/kt39jm80/gown/l/a/p/180-free-sleeveless-semi-stitched-kavya-v-and-h-fashion-600-original-imag6gz2a7hwwzxw.jpeg | https://rukminim2.flixcart.com/image/kt39jm80/gown/x/e/s/180-free-sleeveless-semi-stitched-kavya-v-and-h-fashion-600-original-imag6gz2mh8fjpby.jpeg,10 Days Return Policy,,,,,,India,Gown,,3.3,2,23,2f18a349-0e87-5207-95ba-a5511004554a,09/30/23
"SIMAWAT Back Cover for Vivo Y33s,Vivo Y21 2021  (Multicolor, Grip Case, Silicon, Pack of: 1)",https://www.flipkart.com/simawat-back-cover-vivo-y33s-vivo-y21-2021/p/itm0c064aa6619be,itm0c064aa6619be,https://www.flipkart.com/product/p/itm0c064aa6619be,219,INR,₹499,56% off,True,Suitable For: Mobile | Material: Silicon | Theme: Quotes/Signs/Symbols | Type: Back Cover,AaradhyaRetail,4.1,"Vivo Y21 2021 Back Cover, the best Multicolor covers, This soft silicone Multicolor cover will protect and prevent your phone from scratches, damage and dust. The silicone cover is made from a lightweight tough strong high quality rubber/silicone material which will help you to keep your phone safe. It comes in smooth texture. This will not only look good on your phone but will protect it. This case will Style your mobile.","[{'Sales Package': '1 Back Cover'}, {'Model Number': 'CEL-Y33s-JP3611'}, {'Designed For': 'Vivo Y33s,Vivo Y21 2021'}, {'Brand Color': 'Multicolor'}, {'Pack of': '1'}, {'Other Features': 'Back Cover, Dust free, washable, Fingerprints Free, Made of soft silicone which make it soft and durable.Access to All buttons, Controls & Ports easily, and without removing the skin.'}]","1 Back Cover: Sales Package | CEL-Y33s-JP3611: Model Number | Vivo Y33s,Vivo Y21 2021: Designed For | Multicolor: Brand Color | 1: Pack of | Back Cover, Dust free, washable, Fingerprints Free, Made of soft silicone which make it soft and durable.Access to All buttons, Controls & Ports easily, and without removing the skin.: Other Features",https://rukminim2.flixcart.com/image/ksru0sw0/cases-covers/back-cover/t/8/1/vi-y21-21-jp3611-bluezap-original-imag69q2ykt346ae.jpeg | https://rukminim2.flixcart.com/image/ksru0sw0/cases-covers/back-cover/h/z/t/vi-y21-21-jp3611-bluezap-original-imag69q2udhsef2d.jpeg | https://rukminim2.flixcart.com/image/ksru0sw0/cases-covers/back-cover/f/6/q/vi-y21-21-jp3611-bluezap-original-imag69q2reeyc8hc.jpeg | https://rukminim2.flixcart.com/image/ksoz53k0/cases-covers/back-cover/8/e/1/rel-r6-jp3611-simawat-original-imag67hwr5p4dnd7.jpeg,7 Days Replacement Policy,Mobiles & Accessories,Mobile Accessories,Cases & Covers,Designer Cases & Covers,Mobiles & Accessories | Mobile Accessories | Cases & Covers | Designer Cases & Covers | SIMAWAT Designer Cases & Covers,India,Cases & Covers,Aaradhya Enterprises,0,0,0,b75304fa-ab9f-5690-93f3-77f838ab5d62,09/30/23
"Faybey Back Cover for Vivo U10  (Multicolor, Hard Case, Pack of: 1)",https://www.flipkart.com/hi/faybey-back-cover-vivo-u10/p/itm0135092c7a63b,itm0135092c7a63b,https://www.flipkart.com/product/p/itm0135092c7a63b,259,INR,₹999,74% off,True,Suitable For: Mobile | Material: Plastic | Theme: Animals/Birds/Nature | Type: Back Cover,faybey99,3.7,FAYBEY mobile back cover is an extraordinary and appealing phone back cover that not only increase the life span of your handset but also make them look super stylish. It is available in multicolory snaps on to your handset and does not hamper the usage of any ports. It is perfect gift for your loved ones. So pep up and adorn the looks of your phone by adding this phone accessories to it.,"[{'Sales Package': '1 HQ Designer Case'}, {'Model Number': 'saikkc-utenn-0168'}, {'Designed For': 'Vivo U10'}, {'Brand Color': 'Multicolor'}, {'Pack of': '1'}]",1 HQ Designer Case: Sales Package | saikkc-utenn-0168: Model Number | Vivo U10: Designed For | Multicolor: Brand Color | 1: Pack of,https://rukminim2.flixcart.com/image/k547l3k0/cases-covers/back-cover/f/9/h/faybey-saikkc-utenn-0168-original-imafnurwbxujspqp.jpeg | https://rukminim2.flixcart.com/image/k5bcscw0/cases-covers/back-cover/w/d/h/faybey-saikkc-realmefiveeepro-0001-original-imafhqughnezg5sz.jpeg | https://rukminim2.flixcart.com/image/k5bcscw0/cases-covers/back-cover/w/d/h/faybey-saikkc-realmefiveeepro-0001-original-imafhqug45qj3zue.jpeg,7 Days Replacement Policy,Mobiles & Accessories,Mobile Accessories,Cases & Covers,Designer Cases & Covers,Mobiles & Accessories | Mobile Accessories | Cases & Covers | Designer Cases & Covers | Faybey Designer Cases & Covers,,,,0,0,0,e74e2650-4342-5e80-ae14-4dd36edcb6c8,09/30/23
"Keviv Back Cover for OnePlus 7, OnePlus 6T  (Multicolor, 3D Case, Pack of: 1)",https://www.flipkart.com/hi/keviv-back-cover-oneplus-7-6t/p/itmc8ca9fa95344b,itmc8ca9fa95344b,https://www.flipkart.com/product/p/itmc8ca9fa95344b,254,INR,₹999,74% off,True,Suitable For: Mobile | Material: Polycarbonate | Theme: Animals/Birds/Nature | Type: Back Cover,DailyGifts,2.9,"Keviv® Print Design Hard Back Case will protect your Phone from Dust, Unnecessary Scratches and stains from your Mobile Phone. it is Made of high quality and highly durable in nature. It is made to perfect fit and gives the device its maximum protection. Keviv® Hard Case is made by PolyCarbonate material. It helps edges, sides and back to prolong the life of your Mobile Phone. Besides its protection, it also has openings precisely made for the side buttons, charger port / dock connector, headset jack and speaker which allow you full access to all the functions on your device. Easy to install and last for a long time and the pattern on the surface looks great. Keviv® cases are are made to bring fun back into designs. The cases are designed to be loud, unique and unconventional. They are an art form of self-expression for and ever evolving individual. Cases are designed in a way that it perfectly fits onto the back of the phone. It will give your phone an outstanding look. Designed Specially for your Phone, it fits perfectly, giving you access to all the features and functions of your phone with ease. The special material of this phone will give you a perfect look.","[{'Sales Package': '1 Back Cover'}, {'Model Number': 'ONEP-236-7-11241'}, {'Designed For': 'OnePlus 7, OnePlus 6T'}, {'Brand Color': 'Multicolor'}, {'Pack of': '1'}, {'Other Features': 'Dust Proof'}]","1 Back Cover: Sales Package | ONEP-236-7-11241: Model Number | OnePlus 7, OnePlus 6T: Designed For | Multicolor: Brand Color | 1: Pack of | Dust Proof: Other Features",,7 Days Replacement Policy,Mobiles & Accessories,Mobile Accessories,Cases & Covers,Designer Cases & Covers,Mobiles & Accessories | Mobile Accessories | Cases & Covers | Designer Cases & Covers | Keviv Designer Cases & Covers,,,,0,0,0,7c699e1f-91e6-5990-9a05-5426e14d416b,09/30/23
Analog-Digital Watch  - For Girls,https://www.flipkart.com/hi/analog-digital-watch-girls/p/itmcf48aaea64c23,itmcf48aaea64c23,https://www.flipkart.com/product/p/itmcf48aaea64c23,406,INR,₹928,56% off,False,,TIMENTER,4,Dial Colour : Black And White ; Band Colour : Rose Gold And Black ; Case Shape : Round And Rectangle ; Band Material : Metal And Plastic ; Case Diameter : 33 And 44 mm ; TIMENTER Classical Traditional Flower Magnet Chain And Digital Kids Watch Rose Gold And Black Colour Analog And Digital Metal And Plastic Belt 2 Watch Combo For Women And Girls - G653-DG28#,"[{'Display Type': 'Analog-Digital'}, {'Style Code': 'Classical Traditional 2 Watch Combo For Women And Girls - G653-DG28#'}, {'Occasion': 'Formal, Party-Wedding, Sports, Casual'}, {'Watch Type': 'Wrist Watch'}, {'Pack of': '2'}, {'Sales Package': '2 Watches'}, {'Mechanism': 'Quartz'}, {'Strap Color': 'Rose GoldBlack'}, {'Strap Material': 'Metal, Plastic Strap'}, {'Clasp Type': 'Buckle'}, {'Dial Color': 'Black, White'}, {'Thickness': '7 mm'}, {'Diameter': '33 mm'}, {'Weight': '100 g'}, {'Warranty Period': '12 Months( 1 Year)'}]","Analog-Digital: Display Type | Classical Traditional 2 Watch Combo For Women And Girls - G653-DG28#: Style Code | Formal, Party-Wedding, Sports, Casual: Occasion | Wrist Watch: Watch Type | 2: Pack of | 2 Watches: Sales Package | Quartz: Mechanism | Rose GoldBlack: Strap Color | Metal, Plastic Strap: Strap Material | Buckle: Clasp Type | Black, White: Dial Color | 7 mm: Thickness | 33 mm: Diameter | 100 g: Weight | 12 Months( 1 Year): Warranty Period",https://rukminim2.flixcart.com/image/l4fxh8w0/shopsy-watch/b/t/f/2-classical-chronograph-2-watch-combo-for-women-and-girls-g653-original-imagfcbmgrmeuznt.jpeg | https://rukminim2.flixcart.com/image/l4fxh8w0/shopsy-watch/m/z/0/2-classical-chronograph-2-watch-combo-for-women-and-girls-g653-original-imagfcbmzgrb4m8t.jpeg | https://rukminim2.flixcart.com/image/l4fxh8w0/shopsy-watch/v/3/p/2-classical-chronograph-2-watch-combo-for-women-and-girls-g653-original-imagfcbmqqmnyyd4.jpeg,3 Days Return Policy,Watches,Wrist Watches,TIMENTER Wrist Watches,Analog-Digital Watch  - For Girls,Watches | Wrist Watches | TIMENTER Wrist Watches,,,,0,0,0,80d58302-5ccd-5792-abdb-25f9f47a4f26,09/30/23
"Nassion Back Cover for Vivo V23 5G  (Multicolor, Grip Case, Silicon, Pack of: 1)",https://www.flipkart.com/hi/nassion-back-cover-vivo-v23-5g/p/itm30b29af59fd4b,itm30b29af59fd4b,https://www.flipkart.com/product/p/itm30b29af59fd4b,175,INR,₹799,78% off,True,Suitable For: Mobile | Material: Silicon | Theme: Patterns | Type: Back Cover,Royal Nassion,4,"Brand New Soft Designer Printed Case Express yourself by your phone and making it stand out. Many design and Prints in stock for your choice This Case keeps your PHONE safe and protected. Durable construction offers premium protection for side and back of your phone. Allows easy access to all buttons, controls and ports. Nassion is the manufacturer of the cover and print our own covers, And we Do not print the sides of the cover. So corners would always be transparent.","[{'Sales Package': '1 Back Cover'}, {'Model Number': 'V23-5G-VIO-858'}, {'Designed For': 'Vivo V23 5G'}, {'Brand Color': 'Multicolor'}, {'Pack of': '1'}, {'Certification': 'Nassion'}, {'Other Features': 'Nassion cases & covers have dust free,Washable,Fingerprints free,Made of soft silicone which make it soft and durable.Access to all buttons, Controls & Ports easily working ,and without removing the skin.'}]","1 Back Cover: Sales Package | V23-5G-VIO-858: Model Number | Vivo V23 5G: Designed For | Multicolor: Brand Color | 1: Pack of | Nassion: Certification | Nassion cases & covers have dust free,Washable,Fingerprints free,Made of soft silicone which make it soft and durable.Access to all buttons, Controls & Ports easily working ,and without removing the skin.: Other Features",https://rukminim2.flixcart.com/image/xif0q/cases-covers/back-cover/u/n/v/v23-5g-vio-858-print-maker-original-imagjudzwssfttmm.jpeg | https://rukminim2.flixcart.com/image/xif0q/cases-covers/back-cover/c/q/e/v23-5g-vio-858-print-maker-original-imagjudzgg9jhg5c.jpeg | https://rukminim2.flixcart.com/image/xif0q/cases-covers/back-cover/o/k/p/v23-5g-vio-858-print-maker-original-imagjudzbvcwkju4.jpeg | https://rukminim2.flixcart.com/image/xif0q/cases-covers/back-cover/3/n/9/v23-5g-vio-858-print-maker-original-imagjudz7evvsmcg.jpeg,7 Days Replacement Policy,Mobiles & Accessories,Mobile Accessories,Cases & Covers,Designer Cases & Covers,Mobiles & Accessories | Mobile Accessories | Cases & Covers | Designer Cases & Covers | Nassion Designer Cases & Covers,,,,0,0,0,b1c59d0d-3184-50d4-81a2-550a08259d65,09/30/23
Toppings Realme 8i Mobile Skin  (Multicolor),https://www.flipkart.com/toppings-realme-8i-mobile-skin/p/itma8f3e65d3e32d,itma8f3e65d3e32d,https://www.flipkart.com/product/p/itma8f3e65d3e32d,277,INR,₹459,39% off,True,Realme 8i | Illustrations | Vinyl | Removable,31DaysStore,3.7,"Brand new mobile skin to keep your phone prevented from scratches while making it stylish. The material used in the Back skins utilizes patented Air Release technology that eliminates air bubbles and wrinkles to provide easy application. All our Mobile skins provide complete coverage to the back of your phone, custom shaped for the size and the curves. Ultra-Thin Experience :- Only 0.3 mm thickness is one of the lightness design that gives bare-like experience. It is much good than expectation. An exceptional phone should have an exceptional style! With Toppings Skins for your phone, you can stylize your favorite device with dozens of colors, textures, and looks. Ultra-thin, these skins won’t add any bulk to your phone, and will provide it with the protection it deserves!. PLEASE NOTE: THIS IS ONLY A SKIN AND NOT A BACK COVER OR CASE. THE PRODUCT IS MADE UP OF VINYL STICKER. Actual Colors may vary from what is shown on the product image.",[],,,No Returns Applicable,Mobiles & Accessories,Mobile Accessories,Styling & Maintenance,Mobile Skin Stickers,Mobiles & Accessories | Mobile Accessories | Styling & Maintenance | Mobile Skin Stickers | Toppings Mobile Skin Stickers,India,Mobile Skins,31 days store,0,0,0,b837393f-e87b-5f4d-a4e3-23f7e9989a63,09/30/23
पिंक रूट Aloe Vera Moisturizing Face Wash 100ml with Cucumber Gel Enriched with natural Cucumber extract 500gm  (2  का सेट),https://www.flipkart.com/hi/pinkroot-aloe-vera-moisturizing-face-wash-100ml-cucumber-gel-enriched-natural-extract-500gm/p/itmc166f2d2ece47,itmc166f2d2ece47,https://www.flipkart.com/product/p/itmc166f2d2ece47,399,INR,₹648,38% off,False,"का पैक : 2 | के लिए: पुरुष, महिला | शामिल है स्किन केयर कॉम्बो",GROW MORE INDIA,4.6,,[],,https://rukminim2.flixcart.com/image/kiew3gw0-0/combo-kit/l/2/b/aloe-vera-moisturizing-face-wash-100ml-with-cucumber-gel-original-imafy7prhxwktmna.jpeg | https://rukminim2.flixcart.com/image/kialrww0-0/face-wash/e/8/p/300-aloe-vera-moisturizing-face-wash-100ml-pack-of-3-pink-root-original-imafy49usdcnytjg.jpeg | https://rukminim2.flixcart.com/image/kf2v3ww0/combo-kit/g/z/d/lavender-body-face-scrub-500ml-with-cucumber-gel-500ml-prn-original-imafvmh5tbgzsv7h.jpeg,वापसी नहीं होगी ,,,,,,,,,0,0,0,c0f6fd7d-8286-5bba-9e9c-bce0c4c4c622,09/30/23
Polycotton Diwan Set,https://www.flipkart.com/hi/polycotton-diwan-set/p/itm91e11cc02b74b,itm91e11cc02b74b,https://www.flipkart.com/product/p/itm91e11cc02b74b,499,INR,"₹1,299",61% off,False,,ARCollection2,4.8,,"[{'Sales Package': 'cushion cover'}, {'Color': 'Blue'}, {'Material': 'Polycotton'}, {'Style Code': 'S-PC-DS-067-BLU'}, {'Diwan Sheet Width': '23 inch / 60 cm'}, {'Diwan Sheet Length': '35 inch / 90 cm'}]",cushion cover: Sales Package | Blue: Color | Polycotton: Material | S-PC-DS-067-BLU: Style Code | 23 inch / 60 cm: Diwan Sheet Width | 35 inch / 90 cm: Diwan Sheet Length,https://rukminim2.flixcart.com/image/kj1r53k0/diwan-set/y/n/z/pc-ds-067-blu-iris-petals-original-imafyph3bah3cfa6.jpeg | https://rukminim2.flixcart.com/image/kj1r53k0/diwan-set/y/n/z/pc-ds-067-blu-iris-petals-original-imafyph3yztszwka.jpeg | https://rukminim2.flixcart.com/image/kj1r53k0/diwan-set/y/n/z/pc-ds-067-blu-iris-petals-original-imafyph3tchzzmnv.jpeg,3 Days Return Policy,Home Furnishing,Bed Linen & Blankets,Diwan Sets,Regit Diwan Sets,Home Furnishing | Bed Linen & Blankets | Diwan Sets | Regit Diwan Sets,,,,0,0,0,96f8e3c8-c766-51e9-990f-15196612b662,09/30/23
"Rubaintech FORHP 14-CK0205NG, 14-CK0211NG, 14-CK0280NIA, 14-CK0289NIA Laptop CPU Fan Cooler  (Silver)",https://www.flipkart.com/rubaintech-forhp-14-ck0205ng-14-ck0211ng-14-ck0280nia-14-ck0289nia-laptop-cpu-fan-cooler/p/itmc986048a71f70,itmc986048a71f70,https://www.flipkart.com/product/p/itmc986048a71f70,899,INR,"₹1,499",40% off,True,,Rubaintech,4.7,"Replacement Compatible Rubaintech FORHP 14-CK0205NG, 14-CK0211NG, 14-CK0280NIA, 14-CK0289NIA Laptop CPU Cooling Fan internal","[{'Sales Package': '1 Laptop CPU Cooling Fan'}, {'Brand': 'Rubaintech'}, {'Model ID': 'FORHP 14-CK0205NG, 14-CK0211NG, 14-CK0280NIA, 14-CK0289NIA Laptop CPU Fan'}, {'Cooler Type': 'Cooling Fan, 1 mm'}, {'Type': 'Laptop'}, {'Fan Speed': '2 RPM'}, {'Warranty Summary': '7 Days Replacement Policy'}, {'Covered in Warranty': 'Warranty of the Product is Limited to Failure and Manufacturing Defects'}, {'Not Covered in Warranty': 'Defects due to External Causes, Accidental, Physical Damage, Cut, Burnt, Misuse and Missing Warranty Stickers or Labels'}, {'Service Type': 'Replacement or Repair Carry in Warranty'}]","1 Laptop CPU Cooling Fan: Sales Package | Rubaintech: Brand | FORHP 14-CK0205NG, 14-CK0211NG, 14-CK0280NIA, 14-CK0289NIA Laptop CPU Fan: Model ID | Cooling Fan, 1 mm: Cooler Type | Laptop: Type | 2 RPM: Fan Speed | 7 Days Replacement Policy: Warranty Summary | Warranty of the Product is Limited to Failure and Manufacturing Defects: Covered in Warranty | Defects due to External Causes, Accidental, Physical Damage, Cut, Burnt, Misuse and Missing Warranty Stickers or Labels: Not Covered in Warranty | Replacement or Repair Carry in Warranty: Service Type",,7 Days Replacement Policy,Gaming,Gaming Components,Fans & Heatsinks,Rubaintech Fans & Heatsinks,Gaming | Gaming Components | Fans & Heatsinks | Rubaintech Fans & Heatsinks,China,Coolers,,0,0,0,c0d8a71b-3fd3-58df-aa38-cf8e4d936e4c,09/30/23
"RPSENTTERPR Waterproof Two Wheeler Cover for BMW  (1200 GS, Grey)",https://www.flipkart.com/rpsenterpr-two-wheeler-cover-bmw/p/itm1401fe8872f82,itm1401fe8872f82,https://www.flipkart.com/product/p/itm1401fe8872f82,257,INR,"₹1,299",80% off,True,Strap Type: Belt | Made of Polyester | Compatible Vehicle Brands: BMW | Compatible Vehicle Models: 1200 GS,TheBarnwals,3.5,"Bike cover is made from best quality polyester,Tafta(Parachute) fabric material which is known for its high performance and durability, Nylon double threads used to stitch the cover tightly and securely., Protect Bike from Moisture, Dirt, Dust, Weather Extremes, Fading away from Sunlight, ScrFenderhing, Equipped with a buckle to secure the cover for an optimized fit, Very Light weight and easy to use and fold.",[],,https://rukminim2.flixcart.com/image/kgl5ua80/two-wheeler-cover/c/n/s/erongrey-34-1200-gs-cartwheel-original-imafwsj3chwqjycx.jpeg | https://rukminim2.flixcart.com/image/kfwvcsw0/two-wheeler-cover/g/5/r/ritigrey2020-29-v-150-cartwheel-original-imafw9n8ywnssgxf.jpeg | https://rukminim2.flixcart.com/image/kfwvcsw0/two-wheeler-cover/g/m/a/ritigrey2020-21-pulsar-150-cartwheel-original-imafw9n8ckhajut3.jpeg | https://rukminim2.flixcart.com/image/kfwvcsw0/two-wheeler-cover/v/j/w/durgrey2019-159-star-euro-cartwheel-original-imafw9nrwauvghp3.jpeg,7 Days Replacement Policy,Automotive Accessories,Vehicle Body Covers,Bike Body Covers,RPSENTTERPR Bike Body Covers,Automotive Accessories | Vehicle Body Covers | Bike Body Covers | RPSENTTERPR Bike Body Covers,India,Two Wheeler Cover,APNEK INDIA,0,0,0,10e37acc-012e-5394-983a-a6dde37fca71,09/30/23
"Golden Mask Back Cover for Golden Mask Back Cover For Realme 9 Pro  (Multicolor, Waterproof, Silicon, Pack of: 1)",https://www.flipkart.com/hi/golden-mask-back-cover-realme-9-pro/p/itmebe4c385a3f43,itmebe4c385a3f43,https://www.flipkart.com/product/p/itmebe4c385a3f43,234,INR,₹499,53% off,False,Suitable For: Mobile | Material: Silicon | Theme: See-through Design | Type: Back Cover,THE PINKCITY DAIRY,2.6,"Sky Hawk Print Design Back Case Cover provides protection by preventing your Mobile Phone from dust and unnecessary scratches. It is made to fit perfect and gives the device its maximum protection. The Hard Case is reinforced from the Proper edges, sides and back to prolong the life of your Mobile Phone. Besides its protection, it also has openings precisely made for the side buttons, charger port / dock connector, headset jack and speaker which allow you full access to all the functions on your device. Easy to install and last for a long time and the pattern on the surface looks great. It is the perfect case for protecting your Phone from scratches, shock, and the elements. Kindly Note: There may be slight change in color of design printed on case as seen on website, as there can be different monitor settings and also difference in ink transfer rate of printer to case.","[{'Sales Package': '1XPrinted Case'}, {'Model Number': '201-real-9pro-05'}, {'Designed For': 'Golden Mask Back Cover For Realme 9 Pro'}, {'Brand Color': 'Multicolor'}, {'Pack of': '1'}, {'Certification': 'High Quality UV Print, High Quality Silicon Cover, High Quality Made in India Cover'}, {'Other Features': '1'}, {'Warranty Service Type': 'Replacement in cases where product is damaged, of wrong model, of wrong color. Or used product received. Return in cases where product is misfit, quality not as expected or any other case'}, {'Warranty Summary': 'Online Replacement/ Refund'}, {'Covered in Warranty': 'Used product, intentional damage'}]","1XPrinted Case: Sales Package | 201-real-9pro-05: Model Number | Golden Mask Back Cover For Realme 9 Pro: Designed For | Multicolor: Brand Color | 1: Pack of | High Quality UV Print, High Quality Silicon Cover, High Quality Made in India Cover: Certification | 1: Other Features | Replacement in cases where product is damaged, of wrong model, of wrong color. Or used product received. Return in cases where product is misfit, quality not as expected or any other case: Warranty Service Type | Online Replacement/ Refund: Warranty Summary | Used product, intentional damage: Covered in Warranty",,7 Days Replacement Policy,Mobiles & Accessories,Mobile Accessories,Cases & Covers,Designer Cases & Covers,Mobiles & Accessories | Mobile Accessories | Cases & Covers | Designer Cases & Covers | Golden Mask Designer Cases & Covers,,,,0,0,0,a3e5cc2a-52ff-52d5-ac3c-e0c16ed96617,09/30/23
tiddler Samsung Galaxy A51 5G UW Mobile Skin  (Black),https://www.flipkart.com/hi/tiddler-samsung-galaxy-a51-5g-uw-mobile-skin/p/itm5bdc326b59f54,itm5bdc326b59f54,https://www.flipkart.com/product/p/itm5bdc326b59f54,199,INR,₹499,60% off,True,Samsung Galaxy A51 5G UW | Famous Personalities | Player won | Vinyl | Removable,Vardhman,3.6,Tiddler Digital Print Mobile Skin Sticker For Mobiles For Direct Application On Your Device For An Awesome Makeover Without Adding Any Bulk. Made From Premium Vinyl With Anti-Bubble Channels For Easy Applicability. Clean Residue-Free Removal.High-Resolution Digital Printing.Note: use hair dryer to heat the vinyl to stick easily at curves.,[],,https://rukminim2.flixcart.com/image/krtjgcw0/mobile-skin/i/q/v/tdlrskn1035smsgglxya515guw-tiddler-original-imag5jy4zqjdzajn.jpeg | https://rukminim2.flixcart.com/image/k6b2snk0/mobile-skin/h/z/a/real-wooden-skin-xmirdnt5pr-tiddler-original-imafz6qn68mjzhru.jpeg | https://rukminim2.flixcart.com/image/k2dm7bk0/mobile-skin/f/4/m/importd-air-bubble-free-9824-snooky-original-imafeyg4bpk3kpbz.jpeg | https://rukminim2.flixcart.com/image/k6b2snk0/mobile-skin/p/h/y/real-wooden-skin-xiomirdnt8pr-tiddler-original-imafz6qnsfqguehv.jpeg | https://rukminim2.flixcart.com/image/kqidx8w0/mobile-skin/7/s/t/tdskn222mtrlmotg9pls-tango-deal-original-imafeyg42bk9uhrg.jpeg,वापसी नहीं होगी ,Mobiles & Accessories,Mobile Accessories,Styling & Maintenance,Mobile Skin Stickers,Mobiles & Accessories | Mobile Accessories | Styling & Maintenance | Mobile Skin Stickers | tiddler Mobile Skin Stickers,,,,0,0,0,a105ba3b-3f61-5425-8210-4805beae8eb2,09/30/23
"PictoWorld Back Cover for Realme C20  (Multicolor, Grip Case, Silicon, Pack of: 1)",https://www.flipkart.com/hi/pictoworld-back-cover-realme-c20/p/itmac9646a8ded5c,itmac9646a8ded5c,https://www.flipkart.com/product/p/itmac9646a8ded5c,163,INR,₹599,72% off,True,Suitable For: Mobile | Material: Silicon | Theme: Quotes/Signs/Symbols | Type: Back Cover,Kavita_Enterprises,3.7,"PictoWorld gives Realme C20 Back Cover for you the best Multicolor covers,This soft silicone Multicolor cover will protect and prevent your phone from scratches, damage and dust. The silicone cover is made from a lightweight tough strong high quality rubber/silicone material which will help you to keep your phone safe. It comes in smooth texture. This will not only look good on your phone but will protect it. This case will Style your mobile.","[{'Sales Package': '1 SOFT BACK COVER'}, {'Model Number': 'RLMC20-HN1677'}, {'Designed For': 'Realme C20'}, {'Brand Color': 'Multicolor'}, {'Pack of': '1'}, {'Certification': 'PictoWorld'}, {'Other Features': 'Dust free, washable, Fingerprints Free,Made of soft silicone which make it soft and durable.Access to All buttons, Controls & Ports easily, and without removing the skin.'}]","1 SOFT BACK COVER: Sales Package | RLMC20-HN1677: Model Number | Realme C20: Designed For | Multicolor: Brand Color | 1: Pack of | PictoWorld: Certification | Dust free, washable, Fingerprints Free,Made of soft silicone which make it soft and durable.Access to All buttons, Controls & Ports easily, and without removing the skin.: Other Features",https://rukminim2.flixcart.com/image/kn4xhu80/cases-covers/back-cover/o/o/m/rlmc20-sr1677-paedicon-original-imagfvk9dngvfhtc.jpeg | https://rukminim2.flixcart.com/image/kn4xhu80/cases-covers/back-cover/c/m/f/rlmc20-sr1677-paedicon-original-imagfvk9ezgrhnsw.jpeg | https://rukminim2.flixcart.com/image/kn4xhu80/cases-covers/back-cover/0/f/n/rlmc20-sr1677-paedicon-original-imagfvk94djprkxn.jpeg | https://rukminim2.flixcart.com/image/kn4xhu80/cases-covers/back-cover/e/k/e/rlmc20-sr1677-paedicon-original-imagfvk9syewftkq.jpeg | https://rukminim2.flixcart.com/image/kb1470w0/cases-covers/back-cover/6/5/s/paedicon-m-g8-p-l-sr-991-original-imafsh9mhezz4ktb.jpeg,7 Days Replacement Policy,Mobiles & Accessories,Mobile Accessories,Cases & Covers,Designer Cases & Covers,Mobiles & Accessories | Mobile Accessories | Cases & Covers | Designer Cases & Covers | PictoWorld Designer Cases & Covers,,,,0,0,0,8988f084-c867-5690-b908-1cdb46f5cb97,09/30/23
"play fast Back Cover for Vivo Z1x  (White, Hard Case, Pack of: 1)",https://www.flipkart.com/play-fast-back-cover-vivo-z1x/p/itmcd04d29a77ea0,itmcd04d29a77ea0,https://www.flipkart.com/product/p/itmcd04d29a77ea0,270,INR,₹999,72% off,True,Suitable For: Mobile | Material: Plastic | Theme: Famous Personalities | Type: Back Cover,VALUE MART,3.1,"Stylish, Ultra Slim, Sleek and Light Weight Design Snap on Case Protect your phone from scratches and bumps,Image Full Wrap Finish (Side Edge & Corner) Tight and Firm fit for perfect grip and support. ","[{'Sales Package': '1 Designer Printed Back Cover for VIVO Z1X'}, {'Model Number': '1917-gandhi-ji-274'}, {'Designed For': 'Vivo Z1x'}, {'Brand Color': 'white'}, {'Pack of': '1'}, {'Other Features': 'Hard Case, Dual Protection, Designer Printed Back Cover, Plastic Cover, Full Mobile Protection'}]","1 Designer Printed Back Cover for VIVO Z1X: Sales Package | 1917-gandhi-ji-274: Model Number | Vivo Z1x: Designed For | white: Brand Color | 1: Pack of | Hard Case, Dual Protection, Designer Printed Back Cover, Plastic Cover, Full Mobile Protection: Other Features",,7 Days Replacement Policy,Mobiles & Accessories,Mobile Accessories,Cases & Covers,Designer Cases & Covers,Mobiles & Accessories | Mobile Accessories | Cases & Covers | Designer Cases & Covers | play fast Designer Cases & Covers,India,Cases & Covers,VALUEMART JAIPUR,0,0,0,88eb174a-9d07-5b94-959c-e69edd5c8050,09/30/23
"Techforce Tempered Glass Guard for Mi POCO M3, Redmi 9 Prime, Redmi 9, Redmi 9A  (Pack of 1)",https://www.flipkart.com/hi/techforce-tempered-glass-guard-mi-poco-m3-redmi-9-prime-9-9a/p/itm302ad563df9cd,itm302ad563df9cd,https://www.flipkart.com/product/p/itm302ad563df9cd,238,INR,₹599,60% off,True,"Matte Screen Guard, Scratch Resistant | Mobile | Tempered Glass | Removable",Buy4Smart,4.5,"Front Full Coverage Matte Tempered Glass Screen Protector with Full Glue technology - Anti Glare Matte coating with anti fiingerprint. Curved ARC which covers complete edge to edge front screen - The top, bottom & side has black frame and rest is completely transparent with matte coating. The adhesive glue on this design is available on both Colored Rims and also the transparent portion - Perfectly sticks to the screen.",[],,https://rukminim2.flixcart.com/image/kku1yfk0/screen-guard/tempered-glass/5/v/6/cer486-techforce-original-imagy2n6zzzae9at.jpeg | https://rukminim2.flixcart.com/image/kku1yfk0/screen-guard/tempered-glass/a/0/p/cer212-techforce-original-imagy2n6sb59cycg.jpeg | https://rukminim2.flixcart.com/image/kkoc70w0/screen-guard/tempered-glass/p/k/a/matteglass-16-galex-original-imafzz2gcgne3jaw.jpeg | https://rukminim2.flixcart.com/image/kkoc70w0/screen-guard/tempered-glass/t/f/k/matteglass-57-galex-original-imafzz2gy9wh9r5h.jpeg,वापसी नहीं होगी ,Mobiles & Accessories,Mobile Accessories,Screen Guards,Techforce Screen Guards,Mobiles & Accessories | Mobile Accessories | Screen Guards | Techforce Screen Guards,,,,0,0,0,d3912d94-e3e7-553c-af2a-48ccbda48301,09/30/23
"Tweakymod Back Cover for Mi Redmi 6  (Multicolor, 3D Case, Pack of: 1)",https://www.flipkart.com/tweakymod-back-cover-mi-redmi-6/p/itm0914c822b32c6,itm0914c822b32c6,https://www.flipkart.com/product/p/itm0914c822b32c6,173,INR,₹899,80% off,True,Suitable For: Mobile | Material: Plastic | Theme: Patterns | Type: Back Cover,Tweakymod,3.2,"Tweakymod Phone Cover is a high-quality matte-finished printed back cover that is exceptionally durable while remaining slender and light. Due to its current fashionable designs, Tweakymod back cover will never go out of style.","[{'Sales Package': 'One Printed Mobile Cover'}, {'Model Number': 'XMIR6-P204'}, {'Designed For': 'Mi Redmi 6'}, {'Brand Color': 'Maths Nerdy'}, {'Pack of': '1'}, {'Other Features': 'Stylish design and look that reflects your individuality.'}]",One Printed Mobile Cover: Sales Package | XMIR6-P204: Model Number | Mi Redmi 6: Designed For | Maths Nerdy: Brand Color | 1: Pack of | Stylish design and look that reflects your individuality.: Other Features,https://rukminim2.flixcart.com/image/xif0q/cases-covers/back-cover/a/o/k/xmir6-p204-tweakymod-original-imaghchurqhfcagr.jpeg | https://rukminim2.flixcart.com/image/xif0q/cases-covers/back-cover/h/2/a/xmir6-p204-tweakymod-original-imaghchud8gmepbg.jpeg | https://rukminim2.flixcart.com/image/l3hmwsw0/cases-covers/back-cover/w/z/u/xmimi11i-hk01-tweakymod-original-imagehg8p3dz857z.jpeg | https://rukminim2.flixcart.com/image/l3hmwsw0/cases-covers/back-cover/q/d/t/xmimi11i-hk01-tweakymod-original-imagehg8qyqf7q2y.jpeg | https://rukminim2.flixcart.com/image/l3hmwsw0/cases-covers/back-cover/b/v/q/xmimi11i-hk01-tweakymod-original-imagehg8uh7pspk5.jpeg,7 Days Replacement Policy,Mobiles & Accessories,Mobile Accessories,Cases & Covers,Designer Cases & Covers,Mobiles & Accessories | Mobile Accessories | Cases & Covers | Designer Cases & Covers | Tweakymod Designer Cases & Covers,India,Cases & Covers,,0,0,0,62805780-fede-5816-aaa9-5332477d0969,09/30/23
tombik Back Screen Guard for A183-Nokia G60  (Pack of 2),https://www.flipkart.com/tombik-back-screen-guard-a183-nokia-g60/p/itm0cd840ffba3aa,itm0cd840ffba3aa,https://www.flipkart.com/product/p/itm0cd840ffba3aa,249,INR,₹599,58% off,True,"Anti Glare, Scratch Resistant, Anti Fingerprint, Air-bubble Proof, Matte Screen Guard | Mobile | Back Screen Guard | Removable",Snookooms,3.9,Nokia G60,[],,https://rukminim2.flixcart.com/image/xif0q/screen-guard/back-screen-guard/k/m/u/a183-nokia-g60-tombik-original-imaghxj4fhpg6fzr.jpeg | https://rukminim2.flixcart.com/image/xif0q/screen-guard/front-and-back-screen-guard/i/w/n/f139-oneplus-11-domchi-original-imagd7jynuxqyg2c.jpeg | https://rukminim2.flixcart.com/image/xif0q/screen-guard/front-and-back-screen-guard/e/3/l/f131-vivo-s16-pro-fb-domchi-original-imagd7nby9hfewbv.jpeg | https://rukminim2.flixcart.com/image/xif0q/screen-guard/screen-guard/0/r/o/aq24-hapipola-style-smartwatch-tombik-original-imagd7jyesn3csct.jpeg,No Returns Applicable,Mobiles & Accessories,Mobile Accessories,Screen Guards,tombik Screen Guards,Mobiles & Accessories | Mobile Accessories | Screen Guards | tombik Screen Guards,India,Screen Guards,TOMBIK_INDIA,0,0,0,a27c8bf4-5894-5647-95b8-0cf82f1be618,09/30/23
"Shopping Grocery Bags Foldable, Washable Grocery Tote Bag with One Small Pocket, Eco-Friendly Purse Bag Fits in Pocket Waterproof & Lightweight (Orange) ग्रोसरी बैग",https://www.flipkart.com/hi/kuber-industries-shopping-grocery-bags-foldable-washable-tote-bag-one-small-pocket-eco-friendly-purse-fits-pocket-waterproof-lightweight-orange/p/itma18482d2a9316,itma18482d2a9316,https://www.flipkart.com/product/p/itma18482d2a9316,189,INR,₹299,36% off,True,मटेरियल: पॉलिएस्टर | 1 का पैक,KUBERINDUSTRIES,3.7,"विशेषताएं: एक्स्ट्रा लार्ज कैपेसिटी, वियर रेसिस्टेंट और स्टर्डी मटेरियल। इस पोर्टेबल ग्रोसरी बैग को आपकी जेब या पर्स में रखने के लिए मोड़ा जा सकता है यह कम कार्बन और पर्यावरण सुरक्षा में मदद करता है प्लास्टिक प्रदूषण को कम करने में मदद करता है खरीदारी, यात्रा या सिर्फ किराने की दुकान खरीदारी के लिए बढ़िया है 
लाभ: आपकी अगली शॉपिंग ट्रिप के लिए परफेक्ट साइज के बैग। आपकी ज़रूरत की हर चीज़ को ले जाने के लिए काफी बड़ा है, लेकिन ले जाने में आसान रहने के लिए काफी छोटा है। हमारे शॉपिंग बैग ऑक्सफ़ोर्ड कपड़े से बने होते हैं, जो बाजार में सबसे अच्छे पुन: प्रयोज्य किराने के बैग बनाने में सक्षम है। बैग के सभी सीम डबल स्टिच्ड हैं जो इसे भारी भार को सुरक्षित रूप से पकड़ते हैं।","[{'Sales Package': '1 Piece Non Woven Foldable Reusable Carry Bag'}, {'Pack of': '1'}, {'Brand': 'KUBER INDUSTRIES'}, {'Model Name': 'Shopping Grocery Bags Foldable, Washable Grocery Tote Bag with One Small Pocket, Eco-Friendly Purse Bag Fits in Pocket Waterproof & Lightweight (Orange)'}, {'Model Number': 'HS_36_KUBMART018671'}, {'Size': 'Medium'}, {'Material': 'Polyester'}, {'Color': 'Orange'}, {'Other Features': ""Package Contents: 1 Piece Non Woven Foldable Reusable Carry Bag,Material: Non Woven, Color: Orange.,Size:- 35 x 40 x 12 Cm,Eco-Friendly & Cute Designs: Long-lasting, reusable groceries bags reduce waste while looking fabulous, reusable bags grocery with cute pattern can add some fun to your shopping grocery by using reusable grocery bags like these; It is excellent for daily supplies when you need for a quick trip or birthday party, grocery store, gardening, camping, overnight sack farmer's market, outdoor adventures, supermarket, etc.,Washable & Reusable Grocery Bag: reusable grocery shopping bags only use pure ripstop polyester to craft, our standard shopping bags reusable. Our shopping tote can be washed every time after you use. Recommend Mild Detergent and Hang to Dry!,Handy & Ready Use: ALWAYS forget totes when you head into the stores? No problem. This produce bag can be folded flat so it's easy to fit nicely in your car console or just toss in purse""}, {'Other Dimensions': '35 x 40 x 12 cm'}]","1 Piece Non Woven Foldable Reusable Carry Bag: Sales Package | 1: Pack of | KUBER INDUSTRIES: Brand | Shopping Grocery Bags Foldable, Washable Grocery Tote Bag with One Small Pocket, Eco-Friendly Purse Bag Fits in Pocket Waterproof & Lightweight (Orange): Model Name | HS_36_KUBMART018671: Model Number | Medium: Size | Polyester: Material | Orange: Color | Package Contents: 1 Piece Non Woven Foldable Reusable Carry Bag,Material: Non Woven, Color: Orange.,Size:- 35 x 40 x 12 Cm,Eco-Friendly & Cute Designs: Long-lasting, reusable groceries bags reduce waste while looking fabulous, reusable bags grocery with cute pattern can add some fun to your shopping grocery by using reusable grocery bags like these; It is excellent for daily supplies when you need for a quick trip or birthday party, grocery store, gardening, camping, overnight sack farmer's market, outdoor adventures, supermarket, etc.,Washable & Reusable Grocery Bag: reusable grocery shopping bags only use pure ripstop polyester to craft, our standard shopping bags reusable. Our shopping tote can be washed every time after you use. Recommend Mild Detergent and Hang to Dry!,Handy & Ready Use: ALWAYS forget totes when you head into the stores? No problem. This produce bag can be folded flat so it's easy to fit nicely in your car console or just toss in purse: Other Features | 35 x 40 x 12 cm: Other Dimensions",https://rukminim2.flixcart.com/image/koono280/grocery-bag/h/0/c/hs-36-kubmart018673-kuber-industries-original-imag3392dvyrzjfu.jpeg | https://rukminim2.flixcart.com/image/koono280/grocery-bag/c/g/o/hs-36-kubmart018797-kuber-industries-original-imag3392g58dyzz7.jpeg | https://rukminim2.flixcart.com/image/koono280/grocery-bag/n/t/j/hs-36-kubmart018673-kuber-industries-original-imag3392zhmcwfzv.jpeg | https://rukminim2.flixcart.com/image/koono280/grocery-bag/s/9/b/hs-36-kubmart018673-kuber-industries-original-imag3392vfhyeyz5.jpeg | https://rukminim2.flixcart.com/image/kf8kvbk0/garment-cover/t/j/y/flower-print-non-woven-fabric-3-pieces-foldable-cloth-storage-original-imafvrftfhnerqfj.jpeg,7 Days Return Policy,,,,,,,,,0,0,0,e20b3533-fbdc-553f-8cf9-3c504d256a0d,09/30/23
"Discount Master Back Cover for Tecno Spark Go  (Multicolor, Silicon, Pack of: 1)",https://www.flipkart.com/hi/discount-master-back-cover-tecno-spark-go/p/itm026d396089c6f,itm026d396089c6f,https://www.flipkart.com/product/p/itm026d396089c6f,229,INR,₹999,77% off,True,Suitable For: Mobile | Material: Silicon | Theme: Quotes/Signs/Symbols | Type: Back Cover,MDSell,2.9,"These Designs On The Cases Are Designed By ""Discount Master"" This Designer Case Allows Easy Access To All Buttons Controls. This Cover Designer Case Cover Is Attractive, Comfortable, Light Weight And Has Unique Design It Perfectly Fit And Protects your Mobile. Easy To Install And Remove. High Quality Finished Case","[{'Sales Package': 'Mobile Case'}, {'Model Number': 'PRINTSPRKGO-DR673'}, {'Designed For': 'Tecno Spark Go'}, {'Brand Color': 'Multicolor'}, {'Pack of': '1'}, {'Other Features': 'Discount Master Cases & Covers have Dust free,washable,Fingerprints Free,Made of soft silicone which make it soft and durable.Access to All buttons, Controls & Ports easily,and without removing the skin.'}]","Mobile Case: Sales Package | PRINTSPRKGO-DR673: Model Number | Tecno Spark Go: Designed For | Multicolor: Brand Color | 1: Pack of | Discount Master Cases & Covers have Dust free,washable,Fingerprints Free,Made of soft silicone which make it soft and durable.Access to All buttons, Controls & Ports easily,and without removing the skin.: Other Features",https://rukminim2.flixcart.com/image/kmkxbww0/cases-covers/back-cover/7/h/h/printsprkgo-dr673-discount-master-original-imagfgaqdeayq99s.jpeg | https://rukminim2.flixcart.com/image/kmkxbww0/cases-covers/back-cover/l/a/7/printsprkgo-dr673-discount-master-original-imagfgaqyyaskbgw.jpeg | https://rukminim2.flixcart.com/image/kmkxbww0/cases-covers/back-cover/u/m/a/printsprkgo-dr673-discount-master-original-imagfgaqt9zv9tjv.jpeg | https://rukminim2.flixcart.com/image/km57hjk0/cases-covers/back-cover/a/f/a/tecno-camon-15-printed-back-cover-dr673-discount-master-original-imagf3x65zuthbzu.jpeg | https://rukminim2.flixcart.com/image/kmkxbww0/cases-covers/back-cover/z/d/p/printsprkgo-dr712-discount-master-original-imagfgap9qfzbe4y.jpeg,7 Days Replacement Policy,Mobiles & Accessories,Mobile Accessories,Cases & Covers,Designer Cases & Covers,Mobiles & Accessories | Mobile Accessories | Cases & Covers | Designer Cases & Covers | Discount Master Designer Cases & Covers,,,,0,0,0,ee17869a-01d4-507e-bc5a-201f5c074de2,09/30/23
Fly Kids Microfibre Abstract Baby Pillow Pack of 1  (Blue31),https://www.flipkart.com/fly-kids-microfibre-abstract-baby-pillow-pack-1/p/itm2cafc6790bdd7,itm2cafc6790bdd7,https://www.flipkart.com/product/p/itm2cafc6790bdd7,199,INR,₹550,63% off,True,Filling Material: Microfibre | Size: 38 cm x 28 cm | Type: Baby Pillow | Suitable Location: Baby Room,SHOPBOOM,3.1,,"[{'Sales Package': '1 pillow'}, {'Number of Contents in Sales Package': '1'}, {'Brand': 'Fly Kids'}, {'Color': 'Blue31'}, {'Type': 'Baby Pillow'}, {'External Material': 'Cotton'}, {'Filling Material': 'Microfibre'}, {'Hand Washable': 'Yes'}, {'Model Name': 'Cute Baby Pillow headrest and Comfortable Sleep Size 0-24 Months'}, {'Model ID': 'FKCHECKPLW-082'}, {'Net Quantity': '1'}, {'Width': '28 cm'}, {'Length': '38 cm'}, {'Depth': '10 cm'}]",1 pillow: Sales Package | 1: Number of Contents in Sales Package | Fly Kids: Brand | Blue31: Color | Baby Pillow: Type | Cotton: External Material | Microfibre: Filling Material | Yes: Hand Washable | Cute Baby Pillow headrest and Comfortable Sleep Size 0-24 Months: Model Name | FKCHECKPLW-082: Model ID | 1: Net Quantity | 28 cm: Width | 38 cm: Length | 10 cm: Depth,https://rukminim2.flixcart.com/image/kgcl7680/pillow/m/v/g/cute-baby-pillow-headrest-and-comfortable-sleep-size-0-24-months-original-imafwhxytahfxgmj.jpeg | https://rukminim2.flixcart.com/image/kgcl7680/pillow/m/v/g/cute-baby-pillow-headrest-and-comfortable-sleep-size-0-24-months-original-imafwhxyrtvujyga.jpeg | https://rukminim2.flixcart.com/image/kgcl7680/pillow/m/v/g/cute-baby-pillow-headrest-and-comfortable-sleep-size-0-24-months-original-imafwhxycwzrmhpk.jpeg,7 Days Return Policy,,,,,,India,Pillow,R S ENTERPRISES,3.6,4,26,6b92171b-13f2-58d0-86d2-89e2e9560361,09/30/23
"PictoWorld Back Cover for Realme 8 5G, Realme Narzo 30 5G, Realme 8 5G  (Multicolor, Grip Case, Silicon, Pack of: 1)",https://www.flipkart.com/pictoworld-back-cover-realme-8-5g-narzo-30-5g/p/itmabfb47eb4451b,itmabfb47eb4451b,https://www.flipkart.com/product/p/itmabfb47eb4451b,163,INR,₹599,72% off,True,Suitable For: Mobile | Material: Silicon | Theme: Quotes/Signs/Symbols | Type: Back Cover,Kavita_Enterprises,3.7,"PictoWorld gives Realme 8 5G Back Cover for you the best Multicolor covers, This soft silicone Multicolor cover will protect and prevent your phone from scratches, damage and dust. The silicone cover is made from a lightweight tough strong high quality rubber/silicone material which will help you to keep your phone safe. It comes in smooth texture. This will not only look good on your phone but will protect it. This case will Style your mobile.","[{'Sales Package': '1 SOFT BACK COVER'}, {'Model Number': 'RLME8S5G-HN1684'}, {'Designed For': 'Realme 8 5G, Realme Narzo 30 5G, Realme 8 5G'}, {'Brand Color': 'Multicolor'}, {'Pack of': '1'}, {'Certification': 'PictoWorld'}, {'Other Features': 'Dust free, washable, Fingerprints Free,Made of soft silicone which make it soft and durable.Access to All buttons, Controls & Ports easily, and without removing the skin.'}]","1 SOFT BACK COVER: Sales Package | RLME8S5G-HN1684: Model Number | Realme 8 5G, Realme Narzo 30 5G, Realme 8 5G: Designed For | Multicolor: Brand Color | 1: Pack of | PictoWorld: Certification | Dust free, washable, Fingerprints Free,Made of soft silicone which make it soft and durable.Access to All buttons, Controls & Ports easily, and without removing the skin.: Other Features",https://rukminim2.flixcart.com/image/ktszgy80/cases-covers/back-cover/z/a/j/rlme8s5g-knc1684-bailan-original-imag72qrh3shanzc.jpeg | https://rukminim2.flixcart.com/image/kqv8vww0/cases-covers/back-cover/6/h/5/gneemax-knc1684-bailan-original-imag4sjudzv92dtp.jpeg | https://rukminim2.flixcart.com/image/ktszgy80/cases-covers/back-cover/3/6/f/rlme8s5g-knc1684-bailan-original-imag72qrgbtsbt6p.jpeg | https://rukminim2.flixcart.com/image/ktszgy80/cases-covers/back-cover/u/d/m/rlme8s5g-knc1684-bailan-original-imag72qr3ah4vftc.jpeg,7 Days Replacement Policy,Mobiles & Accessories,Mobile Accessories,Cases & Covers,Designer Cases & Covers,Mobiles & Accessories | Mobile Accessories | Cases & Covers | Designer Cases & Covers | PictoWorld Designer Cases & Covers,India,Cases & Covers,KAVITA ENTERPRISES,0,0,0,f725a558-ce61-5c6a-b19c-9f0659f7766f,09/30/23
Snooky Huawei Honor 3C Mobile Skin  (Multicolor),https://www.flipkart.com/snooky-huawei-honor-3c-mobile-skin/p/itmez6zrhfua8dmx,itmez6zrhfua8dmx,https://www.flipkart.com/product/p/itmez6zrhfua8dmx,199,INR,₹499,60% off,True,Huawei Honor 3C | Patterns | Innocent Flowers | Vinyl | Removable,Vardhman,3.6,"Snooky Digital Print Mobile Skin Sticker For Huawei Honor 3C

Designed For Direct Application On Your Device For An Awesome Makeover Without Adding Any Bulk. 
Made From Premium Vinyl With Anti-Bubble Channels For Easy Applicability. 
Clean Residue-Free Removal.High-Resolution Digital Printing.
Note: use hair dryer to heat the vinyl to stick easily at curves.","[{'Sales Package': '1pcs Mobile Skin Sticker'}, {'Model Name': '778SknHwiHnr3C'}, {'Scratch Resistant': 'Yes'}, {'Water Resistant': 'Yes'}, {'Residue Free Removal': 'Yes'}, {'Type': 'Designer Sticker'}, {'Theme': 'Patterns'}, {'Finish': 'Matte'}, {'Design': 'Innocent Flowers'}, {'Color': 'Multi'}, {'Width': '14 mm'}, {'Height': '1 mm'}, {'Depth': '10 mm'}, {'Weight': '0.2 g'}]",1pcs Mobile Skin Sticker: Sales Package | 778SknHwiHnr3C: Model Name | Yes: Scratch Resistant | Yes: Water Resistant | Yes: Residue Free Removal | Designer Sticker: Type | Patterns: Theme | Matte: Finish | Innocent Flowers: Design | Multi: Color | 14 mm: Width | 1 mm: Height | 10 mm: Depth | 0.2 g: Weight,,No Returns Applicable,Mobiles & Accessories,Mobile Accessories,Styling & Maintenance,Mobile Skin Stickers,Mobiles & Accessories | Mobile Accessories | Styling & Maintenance | Mobile Skin Stickers | Snooky Mobile Skin Stickers,India,Mobile Skins,,0,0,0,1abf2103-c5e5-5219-ae57-ca665235221e,09/30/23
"Loffar Back Cover for Infinix Note 7  (Multicolor, Shock Proof, Pack of: 1)",https://www.flipkart.com/hi/loffar-back-cover-infinix-note-7/p/itme66fb20d65dd4,itme66fb20d65dd4,https://www.flipkart.com/product/p/itme66fb20d65dd4,289,INR,"₹1,199",75% off,True,Suitable For: Mobile | Material: Plastic | Theme: Sports & Sportstars | Type: Back Cover,Loffar,3.1,"This premium back cover is an offering from LOFFAR which is tailor made for your Infinix Note 7. The design elements of this case include barcelona, barca, football, club, soccer, fifa, messi, ronaldo, sports, fcb. This mobile case embraces you phone precisely with optimal cut-outs for buttons and ports. The phone cover is made from light but extremely durable poly-carbonate material to protect your precious phone from drops and scratches.","[{'Sales Package': 'One Phone Cover'}, {'Model Number': 'p7-fcb-inf-nt-7'}, {'Designed For': 'Infinix Note 7'}, {'Brand Color': 'Barcelona'}, {'Pack of': '1'}, {'Warranty Service Type': 'Replacement'}, {'Warranty Summary': '1 Year Replacement Warranty'}, {'Covered in Warranty': 'Warranty of the product is limited to printing defects only'}, {'Not Covered in Warranty': 'Warranty does not cover any external accessories, damage caused to the product due to improper installation by customer, normal wear and tear.'}]","One Phone Cover: Sales Package | p7-fcb-inf-nt-7: Model Number | Infinix Note 7: Designed For | Barcelona: Brand Color | 1: Pack of | Replacement: Warranty Service Type | 1 Year Replacement Warranty: Warranty Summary | Warranty of the product is limited to printing defects only: Covered in Warranty | Warranty does not cover any external accessories, damage caused to the product due to improper installation by customer, normal wear and tear.: Not Covered in Warranty",https://rukminim2.flixcart.com/image/l02r1jk0/cases-covers/back-cover/o/u/i/p7-fcb-inf-nt-7-loffar-original-imagby6dzbywcazn.jpeg | https://rukminim2.flixcart.com/image/k6pd7680/cases-covers/back-cover/9/g/n/loffar-p14-pubg-2-ip-xs-logo-original-imafhw7kgms4uyqe.jpeg | https://rukminim2.flixcart.com/image/k6pd7680/cases-covers/back-cover/z/a/2/loffar-p14-hanging-love-sam-on8-original-imafhw7kfvgchbkq.jpeg,7 Days Replacement Policy,Mobiles & Accessories,Mobile Accessories,Cases & Covers,Designer Cases & Covers,Mobiles & Accessories | Mobile Accessories | Cases & Covers | Designer Cases & Covers | Loffar Designer Cases & Covers,,,,0,0,0,ad7efe8e-b67f-599e-a8a9-e1fefb88f846,09/30/23
"FKOK Car Flexible Interior Decoration Moulding Strips For e20 NXT Car Beading Roll For Bonnet, Bumper, Door, Window  (5 m)",https://www.flipkart.com/hi/fkok-car-flexible-interior-decoration-moulding-strips-e20-nxt-beading-roll-bonnet-bumper-door-window/p/itm4dee3bb3e03d7,itm4dee3bb3e03d7,https://www.flipkart.com/product/p/itm4dee3bb3e03d7,299,INR,₹499,40% off,False,,FANCYKRT,3.9,"Car interior moulding Trim, 3D 5 Meters Electroplating Color Film Car Interior Exterior Decoration Moulding Trim Strip line A roll of car interior decor strips to renew and beautify your car wonderfully; Made of high end latex, it is durable, flexible and convenient to use; Long enough length makes it a practical and economical item for you; Very easy to install and trim, can match your car style perfectly; Universal fit for most of cars and autos.","[{'Sales Package': '1Pcs'}, {'Brand': 'FKOK'}, {'Model Number': 'Car Flexible Interior Decoration Moulding Strips For e20 NXT'}, {'Type': 'Interior'}, {'Suitable For': 'Bonnet, Bumper, Door, Window'}, {'Color': 'Red'}, {'Vehicle Brand': 'Mahindra'}, {'Vehicle Model Name': 'Universal for Car'}, {'Length': '5 m'}, {'Width': '5 mm'}]","1Pcs: Sales Package | FKOK: Brand | Car Flexible Interior Decoration Moulding Strips For e20 NXT: Model Number | Interior: Type | Bonnet, Bumper, Door, Window: Suitable For | Red: Color | Mahindra: Vehicle Brand | Universal for Car: Vehicle Model Name | 5 m: Length | 5 mm: Width",https://rukminim2.flixcart.com/image/xif0q/car-beading-roll/z/f/n/5-5-car-flexible-interior-decoration-moulding-strips-for-e20-nxt-original-imaggm5hjsg6jjew.jpeg | https://rukminim2.flixcart.com/image/kuef2q80/car-beading-roll/p/l/s/5-5-metallic-red-chrome-interior-decoration-beading-flexible-original-imag7j4ghbzfmtvb.jpeg | https://rukminim2.flixcart.com/image/l59xq4w0/car-beading-roll/k/w/v/5-5-metallic-red-chrome-interior-decoration-beading-strip-for-original-imagfzrxcdcnvdxa.jpeg | https://rukminim2.flixcart.com/image/kl5hh8w0/car-beading-roll/z/q/l/silver141-cloudsale-original-imagyc36vc8ehmha.jpeg,7 Days Replacement Policy,Automotive Accessories,Vehicle Styling,Exterior Stylings,Car Side Beadings,Automotive Accessories | Vehicle Styling | Exterior Stylings | Car Side Beadings | FKOK Car Side Beadings,,,,0,0,0,b7270a1e-f5a9-51c5-ac27-98a26f15e5f9,09/30/23
BM RETAIL Multi-Functional Hair Cut Scissor Razor Comb Hairdressing Trimmer Comb,https://www.flipkart.com/bm-retail-multi-functional-hair-cut-scissor-razor-comb-hairdressing-trimmer/p/itm9de3ebec0d3e2,itm9de3ebec0d3e2,https://www.flipkart.com/product/p/itm9de3ebec0d3e2,169,INR,₹275,38% off,True,Ideal For: Men & Women,SOLRETAIL,3.6,,"[{'Sales Package': '1'}, {'Ideal For': 'Men & Women'}]",1: Sales Package | Men & Women: Ideal For,https://rukminim2.flixcart.com/image/l2krs7k0/hair-comb/j/y/0/multi-functional-hair-cut-scissor-razor-comb-hairdressing-original-imagdwfjwybx8zyg.jpeg | https://rukminim2.flixcart.com/image/l2krs7k0/hair-comb/p/p/e/multi-functional-hair-cut-scissor-razor-comb-hairdressing-original-imagdwfjqun7vgb2.jpeg | https://rukminim2.flixcart.com/image/l2krs7k0/hair-comb/j/x/9/multi-functional-hair-cut-scissor-razor-comb-hairdressing-original-imagdwfjapvmfmww.jpeg | https://rukminim2.flixcart.com/image/l2krs7k0/hair-comb/t/x/m/multi-functional-hair-cut-scissor-razor-comb-hairdressing-original-imagdwfjqh69k4hh.jpeg,No Returns Applicable,Beauty and Grooming,Hair Care and Accessory,Hair Accessory,Hair Comb,Beauty and Grooming | Hair Care and Accessory | Hair Accessory | Hair Comb | BM RETAIL Hair Comb,China,Hair Combs,BMRETAONLINE,0,0,0,216e6333-815c-5479-baa0-f3f4ad89c757,09/30/23
tiddler Xiaomi 11 Lite 5G NE Mobile Skin  (Multicolor),https://www.flipkart.com/tiddler-xiaomi-11-lite-5g-ne-mobile-skin/p/itmf658154ee5f06,itmf658154ee5f06,https://www.flipkart.com/product/p/itmf658154ee5f06,199,INR,₹499,60% off,True,Xiaomi 11 Lite 5G NE | Signs & Symbols | Vinyl | Removable,Vardhman,3.6,,[],,,No Returns Applicable,Mobiles & Accessories,Mobile Accessories,Styling & Maintenance,Mobile Skin Stickers,Mobiles & Accessories | Mobile Accessories | Styling & Maintenance | Mobile Skin Stickers | tiddler Mobile Skin Stickers,India,Mobile Skins,,0,0,0,e48f58cb-4c4f-5751-b0cf-4010a8601c67,09/30/23
wrap craft SAMSUNG GALAXY M40 Mobile Skin  (Multicolor),https://www.flipkart.com/hi/wrap-craft-samsung-galaxy-m40-mobile-skin/p/itm12407343c09be,itm12407343c09be,https://www.flipkart.com/product/p/itm12407343c09be,197,INR,₹699,71% off,True,SAMSUNG GALAXY M40 | Spiritual | FANCY | Vinyl | Removable,NareshSalesNR99,4.7,"WRAP CRAFT SAMSUNG GALAXY Protect from scratch & Dust Decorate & beautiful your PhoneEasy to install, can be installed in minutes100% removable, leaves no stick residue or damage when removed  made of high quality Premium Vinyl adhesive skin  NOTE :- THIS IS A SKIN, NOT A CASE",[],,,वापसी नहीं होगी ,Mobiles & Accessories,Mobile Accessories,Styling & Maintenance,Mobile Skin Stickers,Mobiles & Accessories | Mobile Accessories | Styling & Maintenance | Mobile Skin Stickers | wrap craft Mobile Skin Stickers,,,,0,0,0,2554b915-5736-5a19-9efb-b9cc9e3f76fc,09/30/23
"Pop Case Back Cover for Samsung Galaxy A51  (Multicolor, Hard Case, Pack of: 1)",https://www.flipkart.com/pop-case-back-cover-samsung-galaxy-a51/p/itmc0cde50475ef3,itmc0cde50475ef3,https://www.flipkart.com/product/p/itmc0cde50475ef3,236,INR,₹899,73% off,True,Suitable For: Mobile | Material: Polycarbonate | Theme: Patterns | Type: Back Cover,POPCASE,4,"These Designs On The Cases Are Designed By CASE "" This Designer Case Allows Easy Access To All Buttons Controls. This Cover Designer Case Cover Is Attractive, Comfortable, Light Weight And Has Unique Design It Perfectly Fit And Protects your Mobile. Easy To Install And Remove. High Quality Finished Case.","[{'Sales Package': '1 back cover'}, {'Model Number': 'SGA51-307-3152'}, {'Designed For': 'Samsung Galaxy A51'}, {'Brand Color': 'Multicolor'}, {'Pack of': '1'}]",1 back cover: Sales Package | SGA51-307-3152: Model Number | Samsung Galaxy A51: Designed For | Multicolor: Brand Color | 1: Pack of,https://rukminim2.flixcart.com/image/kmds4nk0/cases-covers/back-cover/g/i/v/sgm51-307-3152-zappy-original-imagfasjxfcetckc.jpeg | https://rukminim2.flixcart.com/image/kkoc70w0/cases-covers/back-cover/d/w/6/case-opf17-9088-pop-case-original-imafzz4c3zybhah4.jpeg | https://rukminim2.flixcart.com/image/kkoc70w0/cases-covers/back-cover/y/h/3/case-opf17-9088-pop-case-original-imafzz4cvzc6aedk.jpeg | https://rukminim2.flixcart.com/image/kkoc70w0/cases-covers/back-cover/o/1/u/case-opf17-9088-pop-case-original-imafzz4cs6sejjyq.jpeg | https://rukminim2.flixcart.com/image/kjiwfbk0-0/cases-covers/back-cover/v/n/j/3dsm-vy50s-3639-flipkart-smartbuy-original-imafz32hdatpusaz.jpeg,7 Days Replacement Policy,Mobiles & Accessories,Mobile Accessories,Cases & Covers,Designer Cases & Covers,Mobiles & Accessories | Mobile Accessories | Cases & Covers | Designer Cases & Covers | Pop Case Designer Cases & Covers,India,Cases & Covers,,0,0,0,405b3b88-1028-5ff9-b7c5-aa9cb128179c,09/30/23
"STARHONEY Two Wheeler Cover for Hero  (Xtreme 200S, Red, Blue)",https://www.flipkart.com/hi/starhoney-two-wheeler-cover-hero/p/itma72b4ae17c4ba,itma72b4ae17c4ba,https://www.flipkart.com/product/p/itma72b4ae17c4ba,223,INR,"₹1,999",88% off,False,"Strap Type: Buckle, Belt | Made of Polyester | Compatible Vehicle Brands: Hero | Compatible Vehicle Models: Xtreme 200S",STARHONEY,3.7,"BLUERIDE Brings To You Super Stylish Bike Cover. Highly Durable and Long Lasting material makes it superb choice for humid and dusty climatic conditions. High Quality imported threads are used to stitch the cover properly and securely. This cover further Keeps your vehicle cooler, dry and dust free, it remains unaffected by adverse climatic conditions. Durable Elastic on front & rear are helpful to cover the body tightly and securely. UV stable materials ensure a long life. The cover is Machine washable, Foldable Material. Perfect fitting for the mentioned Bike model Name.","[{'Sales Package': 'Pack Of 1'}, {'Model Number': '6RED&BLUEBLUERIDE562'}, {'Durability': 'Dust Resistant, Tear Resistant, UV Ray Protection, Water Resistant, Weather Resistant'}, {'Cover Area': 'Full Body'}, {'Other Features': 'Resistant to Bird Droppings, Wind, Rain, Dust, Dirt, Suns UV Rays, Snow. Fit into most Motorcycle Motorbike, Full bottom elastic hem for a secure and snug fit. Air vents let heat and moisture evaporate. Breathable fabric ensure good air circulation, Very easy, directly open the Motorcycle Cover to cover your Motorcycle (With tighten strap!)'}, {'Weight': '300 g'}, {'Warranty Service Type': 'Of-site Service, Customer needs to call the nearby Authorized Service Center, service engineer will come to the site to get the product repaired or inspected.'}, {'Covered in Warranty': 'Manufecturing Defects Only'}, {'Not Covered in Warranty': 'Physical Wear and Tear are not covered in Warranty'}]","Pack Of 1: Sales Package | 6RED&BLUEBLUERIDE562: Model Number | Dust Resistant, Tear Resistant, UV Ray Protection, Water Resistant, Weather Resistant: Durability | Full Body: Cover Area | Resistant to Bird Droppings, Wind, Rain, Dust, Dirt, Suns UV Rays, Snow. Fit into most Motorcycle Motorbike, Full bottom elastic hem for a secure and snug fit. Air vents let heat and moisture evaporate. Breathable fabric ensure good air circulation, Very easy, directly open the Motorcycle Cover to cover your Motorcycle (With tighten strap!): Other Features | 300 g: Weight | Of-site Service, Customer needs to call the nearby Authorized Service Center, service engineer will come to the site to get the product repaired or inspected.: Warranty Service Type | Manufecturing Defects Only: Covered in Warranty | Physical Wear and Tear are not covered in Warranty: Not Covered in Warranty",https://rukminim2.flixcart.com/image/kql8sy80/two-wheeler-cover/m/e/g/6red-blueblueride562-blueride-xtreme-200s-original-imag4kjhwfufjgzh.jpeg | https://rukminim2.flixcart.com/image/kql8sy80/two-wheeler-cover/e/i/h/4red-blueblueride441-blueride-scooty-pep-original-imag4kjjjhqxmycq.jpeg | https://rukminim2.flixcart.com/image/kql8sy80/two-wheeler-cover/n/h/7/4red-blueblueride194-blueride-eterno-original-imag4kpvqgguyfnn.jpeg | https://rukminim2.flixcart.com/image/kql8sy80/two-wheeler-cover/5/l/k/4red-blueblueride194-blueride-eterno-original-imag4kpvjnegqs7a.jpeg,7 Days Replacement Policy,Automotive Accessories,Vehicle Body Covers,Bike Body Covers,STARHONEY Bike Body Covers,Automotive Accessories | Vehicle Body Covers | Bike Body Covers | STARHONEY Bike Body Covers,,,,0,0,0,6e60605b-5314-5359-af3a-226db9d0f657,09/30/23
Mudshi Apple IPHONE 6 plus Mobile Skin  (Multicolor),https://www.flipkart.com/hi/mudshi-apple-iphone-6-plus-mobile-skin/p/itmdea28643b4398,itmdea28643b4398,https://www.flipkart.com/product/p/itmdea28643b4398,125,INR,₹299,58% off,False,,Go4Shopping,3.7,"Our Mobile Skin are made of high quality Premium Vinyl adhesive skin, THIS IS A PROTECT STICKER, NOT A CASE. Gives new look & design to your phone, Protection from dust & scratches, New feel & grip to your phone, Feel different in croud, High Quality skin Sticker, Smart design allows easy access to all buttons. Controls & posts without having to remove the sticker, Close-fitting design for easy button operation., High Strentgh Skin, Vinyl Skin",[],,https://rukminim2.flixcart.com/image/xif0q/shopsy-mobile-skin/3/j/n/mobile-headphone-not-included-only-skin-included-ms-56905-yes-original-imagj4n7ztwj93fq.jpeg | https://rukminim2.flixcart.com/image/xif0q/shopsy-mobile-skin/q/g/4/mobile-headphone-not-included-only-skin-included-ms-567-yes-original-imagj3mxymevyhf8.jpeg | https://rukminim2.flixcart.com/image/xif0q/shopsy-mobile-skin/8/i/e/mobile-headphone-not-included-only-skin-included-ms-567-yes-original-imagj3mxmgzmzz8g.jpeg | https://rukminim2.flixcart.com/image/xif0q/shopsy-mobile-skin/6/v/0/mobile-headphone-not-included-only-skin-included-ms-567-yes-original-imagj3mxwu4txhax.jpeg,वापसी नहीं होगी ,Mobiles & Accessories,Mobile Accessories,Mudshi Mobile Accessories,Mudshi Apple IPHONE 6 plus Mobile Skin (Multicolor),Mobiles & Accessories | Mobile Accessories | Mudshi Mobile Accessories,,,,0,0,0,702c63f3-ca96-53e7-9b7b-835fc86273df,09/30/23
"Designer Cover Back Cover for POCO F3 GT  (Multicolor, Grip Case, Silicon, Pack of: 1)",https://www.flipkart.com/hi/designer-cover-back-poco-f3-gt/p/itmabcf238fa1777,itmabcf238fa1777,https://www.flipkart.com/product/p/itmabcf238fa1777,219,INR,₹799,72% off,True,Suitable For: Mobile | Material: Silicon | Theme: Comics/Cartoons/Superheroes | Type: Back Cover,REALKINGSHIVA,4.1,"Designer Cover gives you Poco F3 GT Addition Back Cover, the best Multicolor covers, This soft silicone Multicolor cover will protect and prevent your phone from scratches, damage and dust. The silicone cover is made from a lightweight tough strong high quality rubber/silicone material which will help you to keep your phone safe. It comes in smooth texture. This will not only look good on your phone but will protect it. This case will Style your mobile.","[{'Sales Package': '1 Back Cover'}, {'Model Number': 'CEL-P-F3-GJP3044'}, {'Designed For': 'POCO F3 GT'}, {'Brand Color': 'Multicolor'}, {'Pack of': '1'}, {'Other Features': 'Back Cover, Dust free, washable, Fingerprints Free, Made of soft silicone which make it soft and durable.Access to All buttons, Controls & Ports easily, and without removing the skin.'}]","1 Back Cover: Sales Package | CEL-P-F3-GJP3044: Model Number | POCO F3 GT: Designed For | Multicolor: Brand Color | 1: Pack of | Back Cover, Dust free, washable, Fingerprints Free, Made of soft silicone which make it soft and durable.Access to All buttons, Controls & Ports easily, and without removing the skin.: Other Features",https://rukminim2.flixcart.com/image/ks7tuvk0/cases-covers/back-cover/x/e/j/p-f3-gjp3044-sswastik-original-imag5u44m2zh9wzm.jpeg | https://rukminim2.flixcart.com/image/ks7tuvk0/cases-covers/back-cover/t/6/w/p-f3-gjp3044-sswastik-original-imag5u44ynencswz.jpeg | https://rukminim2.flixcart.com/image/ks7tuvk0/cases-covers/back-cover/7/e/o/p-f3-gjp3044-sswastik-original-imag5u447abjhqxr.jpeg | https://rukminim2.flixcart.com/image/kj7gwi80/cases-covers/back-cover/z/h/h/jatland-jp-a10e-jp2388-original-imafytt3fzrfwswq.jpeg,7 Days Replacement Policy,Mobiles & Accessories,Mobile Accessories,Cases & Covers,Designer Cases & Covers,Mobiles & Accessories | Mobile Accessories | Cases & Covers | Designer Cases & Covers | Designer Cover Designer Cases & Covers,,,,0,0,0,da0a5295-ce67-5835-9188-5e3f41d42ceb,09/30/23
"PictoWorld Back Cover for Samsung Galaxy J3 Pro  (Multicolor, Grip Case, Silicon, Pack of: 1)",https://www.flipkart.com/hi/pictoworld-back-cover-samsung-galaxy-j3-pro/p/itm3f471b19927ff,itm3f471b19927ff,https://www.flipkart.com/product/p/itm3f471b19927ff,172,INR,₹599,71% off,True,Suitable For: Mobile | Material: Silicon | Theme: Quotes/Signs/Symbols | Type: Back Cover,Kavita_Enterprises,3.7,"PictoWorld gives Samsung Galaxy J3 Pro Back Cover for you the best Multicolor covers, This soft silicone Multicolor cover will protect and prevent your phone from scratches, damage and dust. The silicone cover is made from a lightweight tough strong high quality rubber/silicone material which will help you to keep your phone safe. It comes in smooth texture. This will not only look good on your phone but will protect it. This case will Style your mobile.","[{'Sales Package': '1 SOFT BACK COVER'}, {'Model Number': 'SAMJ3PRO-HN1749'}, {'Designed For': 'Samsung Galaxy J3 Pro'}, {'Brand Color': 'Multicolor'}, {'Pack of': '1'}, {'Certification': 'PictoWorld'}, {'Other Features': 'Dust free, washable, Fingerprints Free,Made of soft silicone which make it soft and durable.Access to All buttons, Controls & Ports easily, and without removing the skin.'}]","1 SOFT BACK COVER: Sales Package | SAMJ3PRO-HN1749: Model Number | Samsung Galaxy J3 Pro: Designed For | Multicolor: Brand Color | 1: Pack of | PictoWorld: Certification | Dust free, washable, Fingerprints Free,Made of soft silicone which make it soft and durable.Access to All buttons, Controls & Ports easily, and without removing the skin.: Other Features",https://rukminim2.flixcart.com/image/l1whaq80/cases-covers/back-cover/a/o/y/samj3pro-knc1749-bailan-original-imagddg2upgrhbnv.jpeg | https://rukminim2.flixcart.com/image/kqv8vww0/cases-covers/back-cover/j/c/6/gneemax-knc1749-bailan-original-imag4sjucg9u7cu4.jpeg | https://rukminim2.flixcart.com/image/l1whaq80/cases-covers/back-cover/6/t/q/samj3pro-knc1749-bailan-original-imagddg2cfa8udta.jpeg | https://rukminim2.flixcart.com/image/l1whaq80/cases-covers/back-cover/5/i/5/samj3pro-knc1749-bailan-original-imagddg2n4w8unk4.jpeg,7 Days Replacement Policy,Mobiles & Accessories,Mobile Accessories,Cases & Covers,Designer Cases & Covers,Mobiles & Accessories | Mobile Accessories | Cases & Covers | Designer Cases & Covers | PictoWorld Designer Cases & Covers,,,,0,0,0,88c932aa-f76d-585e-a3e3-1a5baf3b2059,09/30/23
"YorktoSis Back Cover for Mobiistar C2 Back Cover  (Multicolor, Anti-radiation, Silicon, Pack of: 1)",https://www.flipkart.com/yorktosis-back-cover-mobiistar-c2/p/itmb975c87a2f678,itmb975c87a2f678,https://www.flipkart.com/product/p/itmb975c87a2f678,216,INR,₹799,72% off,True,Suitable For: Mobile | Material: Silicon | Theme: Religion/Festivals/Spiritual | Type: Back Cover,SunSell,3,Mobile Back Covers Are The Best Attractive Accessory To Make Your Mobile Phone Unique From Other Models And Keep Protected From Scratches And Dust. It Is The Newest Trend In The Mobile Phone Accessories For The Dual Purpose Of Personalization And Protection As Well.,"[{'Sales Package': '1'}, {'Model Number': 'RDMBC2C-1116'}, {'Designed For': 'Mobiistar C2 Back Cover'}, {'Brand Color': 'MultiColor'}, {'Pack of': '1'}, {'Certification': 'YorktoSis'}, {'Other Features': 'Mobiistar C2, Dust free, washable, Fingerprints Free,Made of soft silicone which make it soft and durable.Access to All buttons, Controls & Ports easily, and without removing the skin.'}]","1: Sales Package | RDMBC2C-1116: Model Number | Mobiistar C2 Back Cover: Designed For | MultiColor: Brand Color | 1: Pack of | YorktoSis: Certification | Mobiistar C2, Dust free, washable, Fingerprints Free,Made of soft silicone which make it soft and durable.Access to All buttons, Controls & Ports easily, and without removing the skin.: Other Features",https://rukminim2.flixcart.com/image/k5wse4w0/cases-covers/back-cover/9/c/p/yorktosis-rdme1sc-1116-original-imafzgg5h34dqjj5.jpeg | https://rukminim2.flixcart.com/image/k5wse4w0/cases-covers/back-cover/t/g/g/trenosio-rdor2fc-0887-original-imafnt2vgdmfnnfs.jpeg | https://rukminim2.flixcart.com/image/k5wse4w0/cases-covers/back-cover/p/e/g/trenosio-rdor2fc-0875-original-imafnt2vgwuzydkr.jpeg | https://rukminim2.flixcart.com/image/k5wse4w0/cases-covers/back-cover/g/5/9/trenosio-rdorxtcc-1036-original-imafnt2vs8cqgwgy.jpeg | https://rukminim2.flixcart.com/image/k5wse4w0/cases-covers/back-cover/n/x/h/trenosio-rdorxtcc-1099-original-imafnt2vny8pwywm.jpeg,7 Days Replacement Policy,Mobiles & Accessories,Mobile Accessories,Cases & Covers,Designer Cases & Covers,Mobiles & Accessories | Mobile Accessories | Cases & Covers | Designer Cases & Covers | YorktoSis Designer Cases & Covers,India,Cases & Covers,,0,0,0,9e071e86-46fc-50a0-b49f-b67bcfafa7d5,09/30/23
CARIZO Heavy Leather Car Back Seat Organizer with Foldable Dining Table Tray Waterproof Storage Pockets (Black) Compatible with Mahindra Reva 2014 Car Storage Bag & Bin  (10 L),https://www.flipkart.com/hi/carizo-heavy-leather-car-back-seat-organizer-foldable-dining-table-tray-waterproof-storage-pockets-black-compatible-mahindra-reva-2014-bag-bin/p/itm862c1db4c8a56,itm862c1db4c8a56,https://www.flipkart.com/product/p/itm862c1db4c8a56,"1,299",INR,"₹1,499",13% off,True,ADJUSTABLE ORGANIZER | MAX CAPACITY | BACK SEAT PROTECTOR | EASY CLEAN & INSTALL,CYNOR INDIA,4,"CARIZO Heavy Leather Car Back Seat Organizer with Foldable Dining Table Tray Waterproof Storage Pockets (Black) Features: ✔ CARIZO presents a perfect car backseat organizer for your comfortable, mess-free trip. A perfect companion for travelling, it can help you to keep all the necessary things clutter-free and handy like mobile, tissue, tablet, water bottle etc. ✔ This car back seat organizer has foldable tray which is made by strong cardboard and able to hold the weight up to 2 kg. ✔ This tray is ideal for easy dining during long road trips. ✔ You can also place your books or spectacles while reading during travel. ✔ It has adjustable straps for universal fitment to any vehicle. ✔ Specifications: Foldable table tray for easy dining during long trips. Multiple pockets for easy organization. Stylish design to suit any car interior. ✔ Manufactured by premium quality PU Leather. ✔ Fits the entire back seat of most vehicles protects the back of your vehicle seats from dirt and liquids. ✔ Waterproof and anti-scratch material with anti-slip texture. 1 X CARIZO Heavy Leather Car Back Seat Organizer with Foldable Dining Table Tray Waterproof Storage Pockets (Black) | BACK SEAT PROTECTOR WITH COMFORT: Best part about having this car back seat organizer is its waterproof feature and anti-slip backing. It will protect your car’s backseat against damage from scuff marks, stains and mud. Its long enough adjustable straps remain tucked under the seat’s back and do not create problem to driver or passenger.EASY TO CLEAN & INSTALL: Made using stain-resistant PU leather which is waterproof too, it is quite easy to clean. You just need to wipe it with a wet cloth. Also, it’s simple and easy to install. It takes less than a minute for fixing with the long adjustable straps. || Other Features: 
Durable Premium PU Leather 3D Construction, Delegate Stitching, 3D Pocket Storage Design, Folding Car Meal Tray, Beverage and Umbrella holder, Adjustable Quick lock fastener.","[{'Sales Package': '1 x Car Back Organizers'}, {'Brand': 'CARIZO'}, {'Model Number': 'CI1509'}, {'Type': 'Storage Bag & Bin'}, {'Color': 'Black'}, {'Capacity': '10 L'}, {'Material': 'Polyresin'}, {'Mounted On': 'Headrest'}, {'Fastening Type': 'Velcro'}, {'Water Resistant': 'Yes'}, {'Vehicle Brand': 'Mahindra'}, {'Model Name': 'Heavy Leather Car Back Seat Organizer with Foldable Dining Table Tray Waterproof Storage Pockets (Black) Compatible with Mahindra Reva 2014'}, {'Foldable': 'Yes'}, {'Care Instructions': 'You just need to wipe it with a wet cloth.'}, {'Certification': 'ISO'}, {'Other Features': 'MULTIFUNCTIONAL SEAT ORGANIZER: A must-have accessory for travelling, this heavy-duty car seat organizer is a great storage pack to store your phone, tablet, water bottle, umbrella and tissue box in a organised manner while also offering you a comfortable option for dining during long and exhausting trips with its foldable table tray.ADJUSTABLE ORGANIZER WITH UNIQUE FOLDABLE TRAY: This car backseat organizer is having a buckled strap along with various attach points to ensure perfect fit to any vehicle such as car, SUVs and van. Besides, our offered car back seat organizer has a unique foldable tray which is made by board that can bear up to 2 kg of weight.MAX CAPACITY CAR BACK SEAT STORAGE: This car backseat organizer has multiple pockets for different must-have items for any car trip. It has distinct pockets to carry different items in their place securely like documents, maps, pens, snacks, notebooks, smart phones, tissues, umbrella and water bottles.'}, {'Width': '41 cm'}, {'Height': '58 cm'}, {'Depth': '9 cm'}, {'Weight': '960 g'}, {'Other Dimensions': '60 x 44 x 9 cm; 960 Grams'}]","1 x Car Back Organizers: Sales Package | CARIZO: Brand | CI1509: Model Number | Storage Bag & Bin: Type | Black: Color | 10 L: Capacity | Polyresin: Material | Headrest: Mounted On | Velcro: Fastening Type | Yes: Water Resistant | Mahindra: Vehicle Brand | Heavy Leather Car Back Seat Organizer with Foldable Dining Table Tray Waterproof Storage Pockets (Black) Compatible with Mahindra Reva 2014: Model Name | Yes: Foldable | You just need to wipe it with a wet cloth.: Care Instructions | ISO: Certification | MULTIFUNCTIONAL SEAT ORGANIZER: A must-have accessory for travelling, this heavy-duty car seat organizer is a great storage pack to store your phone, tablet, water bottle, umbrella and tissue box in a organised manner while also offering you a comfortable option for dining during long and exhausting trips with its foldable table tray.ADJUSTABLE ORGANIZER WITH UNIQUE FOLDABLE TRAY: This car backseat organizer is having a buckled strap along with various attach points to ensure perfect fit to any vehicle such as car, SUVs and van. Besides, our offered car back seat organizer has a unique foldable tray which is made by board that can bear up to 2 kg of weight.MAX CAPACITY CAR BACK SEAT STORAGE: This car backseat organizer has multiple pockets for different must-have items for any car trip. It has distinct pockets to carry different items in their place securely like documents, maps, pens, snacks, notebooks, smart phones, tissues, umbrella and water bottles.: Other Features | 41 cm: Width | 58 cm: Height | 9 cm: Depth | 960 g: Weight | 60 x 44 x 9 cm; 960 Grams: Other Dimensions",https://rukminim2.flixcart.com/image/kwjkuq80/car-hanging-organizer/w/e/b/ci1509-carizo-original-imag978chbk6gqhw.jpeg | https://rukminim2.flixcart.com/image/kwjkuq80/car-hanging-organizer/3/u/t/ci1509-carizo-original-imag978cpahqvhna.jpeg | https://rukminim2.flixcart.com/image/kwjkuq80/car-hanging-organizer/h/o/u/ci1509-carizo-original-imag978c2vxerhcv.jpeg | https://rukminim2.flixcart.com/image/kwjkuq80/car-hanging-organizer/a/6/q/ci1509-carizo-original-imag978crzbpue9h.jpeg | https://rukminim2.flixcart.com/image/kwjkuq80/car-hanging-organizer/8/i/g/ci1509-carizo-original-imag978cdha9fngu.jpeg,7 Days Replacement Policy,Automotive Accessories,Vehicle Storage and  Organizers,Car Hanging Organizers,CARIZO Car Hanging Organizers,Automotive Accessories | Vehicle Storage and  Organizers | Car Hanging Organizers | CARIZO Car Hanging Organizers,,,,0,0,0,2a71670d-62ee-5444-9b28-ace63d917497,09/30/23